species_id,original_url,author,author_url
2,https://content.eol.org/data/media/85/ac/a4/7.CalPhotos_0000_0000_0412_0693.jpg,2012 Gary A. Monroe,https://eol.org/pages/1033078/media
2,https://content.eol.org/data/media/85/ac/a3/7.CalPhotos_0000_0000_0412_0692.jpg,2012 Gary A. Monroe,https://eol.org/pages/1033078/media
2,https://content.eol.org/data/media/85/ac/a5/7.CalPhotos_0000_0000_0412_0694.jpg,2012 Gary A. Monroe,https://eol.org/pages/1033078/media
3,https://content.eol.org/data/media/86/1c/b0/7.CalPhotos_0000_0000_0609_3458.jpg,2009 Zoya Akulova,https://eol.org/pages/1033074/media
3,https://content.eol.org/data/media/86/1c/b1/7.CalPhotos_0000_0000_0609_3459.jpg,2009 Zoya Akulova,https://eol.org/pages/1033074/media
3,https://content.eol.org/data/media/86/f9/2e/7.CalPhotos_0000_0000_1014_1893.jpg,2014 Zoya Akulova,https://eol.org/pages/1033074/media
4,https://content.eol.org/data/media/88/68/b1/7.CalPhotos_8253_3202_3492_0070.jpg,1999 California Academy of Sciences,https://eol.org/pages/1061727/media
4,https://content.eol.org/data/media/88/68/72/7.CalPhotos_8253_3202_3492_0003.jpg,1999 California Academy of Sciences,https://eol.org/pages/1061727/media
4,https://content.eol.org/data/media/88/68/07/7.CalPhotos_8253_3202_3491_0034.jpg,1999 California Academy of Sciences,https://eol.org/pages/1061727/media
5,https://content.eol.org/data/media/d7/91/19/542.877dfaaae3a898ecd052ce840df89dc0.jpg,Jorge iguez Yarza,https://eol.org/pages/1061726/media
5,https://content.eol.org/data/media/d9/35/4c/542.efb74a1928bb32eaac0a403b54cb2385.jpg,Jorge iguez Yarza,https://eol.org/pages/1061726/media
5,https://content.eol.org/data/media/87/05/f4/7.CalPhotos_0000_0000_1016_0372.jpg,2016 Zoya Akulova,https://eol.org/pages/1061726/media
6,https://content.eol.org/data/media/a1/73/35/913.5805.jpg,JC Schou,https://eol.org/pages/13998/media
6,https://content.eol.org/data/media/b4/ab/ab/643.13145006.jpg,Darren Donahue,https://eol.org/pages/13998/media
6,https://content.eol.org/data/media/c4/ea/7a/607.http___bioimages_vanderbilt_edu_baskauf_67491.jpg,Steven J. Baskauf,https://eol.org/pages/13998/media
7,https://content.eol.org/data/media/86/0e/65/7.CalPhotos_0000_0000_0606_0539.jpg,2006 Luigi Rignanese,https://eol.org/pages/597500/media
7,https://content.eol.org/data/media/86/0e/64/7.CalPhotos_0000_0000_0606_0538.jpg,2006 Luigi Rignanese,https://eol.org/pages/597500/media
7,https://content.eol.org/data/media/86/0e/63/7.CalPhotos_0000_0000_0606_0537.jpg,2006 Luigi Rignanese,https://eol.org/pages/597500/media
8,https://content.eol.org/data/media/85/03/0a/7.CalPhotos_0000_0000_0116_1466.jpg,2016 Zoya Akulova,https://eol.org/pages/649008/media
8,https://content.eol.org/data/media/85/03/0b/7.CalPhotos_0000_0000_0116_1467.jpg,2016 Zoya Akulova,https://eol.org/pages/649008/media
8,https://content.eol.org/data/media/85/03/0c/7.CalPhotos_0000_0000_0116_1468.jpg,2016 Zoya Akulova,https://eol.org/pages/649008/media
10,https://content.eol.org/data/media/55/22/11/18.0084087e886877782e587e2eebaa5f34.jpg,asc32,https://eol.org/pages/660740/media
10,https://content.eol.org/data/media/55/5c/0a/18.01cab2b461070ca8fe5a109de9b426fd.jpg,koru,https://eol.org/pages/660740/media
10,https://content.eol.org/data/media/57/25/db/18.0bcde1fab3bcda13ee9433b04029e5a7.jpg,jhoney,https://eol.org/pages/660740/media
11,https://content.eol.org/data/media/d5/a2/37/542.0ce5d9f728ca04e55455c007b28690f2.jpg,Arthur Chapman,https://eol.org/pages/661694/media
11,https://content.eol.org/data/media/d7/cb/91/542.95ff7771a77826018d4a05e4fdfbb7d4.jpg,Arthur Chapman,https://eol.org/pages/661694/media
11,https://content.eol.org/data/media/d8/0e/41/542.a65faf2c1cee457158e246b242ea9c51.jpg,Arthur Chapman,https://eol.org/pages/661694/media
12,https://content.eol.org/data/media/86/66/8b/7.CalPhotos_0000_0000_0716_1416.jpg,2016 Ron Vanderhoff,https://eol.org/pages/661835/media
12,https://content.eol.org/data/media/86/72/6e/7.CalPhotos_0000_0000_0717_2905.jpg,2017 Ron Vanderhoff,https://eol.org/pages/661835/media
12,https://content.eol.org/data/media/86/66/8c/7.CalPhotos_0000_0000_0716_1418.jpg,2016 Ron Vanderhoff,https://eol.org/pages/661835/media
13,https://content.eol.org/data/media/84/fe/82/7.CalPhotos_0000_0000_0115_2844.jpg,2015 Zoya Akulova,https://eol.org/pages/684065/media
13,https://content.eol.org/data/media/84/fe/83/7.CalPhotos_0000_0000_0115_2845.jpg,2015 Zoya Akulova,https://eol.org/pages/684065/media
13,https://content.eol.org/data/media/84/fe/84/7.CalPhotos_0000_0000_0115_2846.jpg,2015 Zoya Akulova,https://eol.org/pages/684065/media
14,https://content.eol.org/data/media/d5/a6/20/542.0dea47e1767403ca09fd672be8ef2e26.jpg,John Tann,https://eol.org/pages/663357/media
14,https://content.eol.org/data/media/d6/08/de/542.267b3fe35460041eb057fd8546f05a2e.jpg,Arthur Chapman,https://eol.org/pages/663357/media
14,https://content.eol.org/data/media/db/aa/c3/542.8b7b6cacd3da8be5a60d69a6720b23b3.jpg,Arthur Chapman,https://eol.org/pages/663357/media
15,https://content.eol.org/data/media/d6/fb/48/542.626e8f8cad413174df17d242563af0d7.jpg,Arthur Chapman,https://eol.org/pages/646757/media
15,https://content.eol.org/data/media/d7/61/95/542.7ba36e03517b98aa85d90300690fd67c.jpg,Arthur Chapman,https://eol.org/pages/646757/media
15,https://content.eol.org/data/media/dd/6c/11/542.fae4fcec0a1576f9350774ca7e816d67.jpg,Arthur Chapman,https://eol.org/pages/646757/media
17,https://content.eol.org/data/media/d5/ce/3e/542.17d600bad1f4d5568e3b4f99f08807bd.jpg,Donald Hobern,https://eol.org/pages/690308/media
17,https://content.eol.org/data/media/d6/7e/c6/542.43ba9a753be52811701c32b724797b58.jpg,Nuytsia@Tas,https://eol.org/pages/690308/media
17,https://content.eol.org/data/media/d6/05/50/542.259f4b071d2897c18b4667a9fc723726.jpg,Donald Hobern,https://eol.org/pages/690308/media
18,https://content.eol.org/data/media/55/f7/30/18.05305575863e6656cb47e704b1af9333.jpg,laurenhues,https://eol.org/pages/661222/media
18,https://content.eol.org/data/media/56/8b/2f/18.086dbb6f948bcf1b85a2bf7f1604e245.jpg,Stephen Thorpe,https://eol.org/pages/661222/media
18,https://content.eol.org/data/media/5c/12/0b/18.2735167be92192a1b399344b5379ee1b.jpg,Dave Holland,https://eol.org/pages/661222/media
19,https://content.eol.org/data/media/d5/78/ee/542.02bf474e31684e0dc35d0f0c52d85817.jpg,Nuytsia@Tas,https://eol.org/pages/8684941/media
19,https://content.eol.org/data/media/d5/a0/22/542.0c67c2dc8e94802cfddf595560e1d256.jpg,John Tann,https://eol.org/pages/8684941/media
19,https://content.eol.org/data/media/d6/73/dd/542.410d1b677fe467e31664bbfe5beca1f4.jpg,Arthur Chapman,https://eol.org/pages/8684941/media
20,https://content.eol.org/data/media/85/66/b8/7.CalPhotos_0000_0000_0311_1133.jpg,2011 Eric Wrubel,https://eol.org/pages/648693/media
20,https://content.eol.org/data/media/85/66/b9/7.CalPhotos_0000_0000_0311_1134.jpg,2011 Eric Wrubel,https://eol.org/pages/648693/media
20,https://content.eol.org/data/media/85/66/ba/7.CalPhotos_0000_0000_0311_1135.jpg,2011 Eric Wrubel,https://eol.org/pages/648693/media
21,https://content.eol.org/data/media/85/51/e1/7.CalPhotos_0000_0000_0218_0119.jpg,2018 Zoya Akulova,https://eol.org/pages/688908/media
21,https://content.eol.org/data/media/da/ca/0f/542.53f539bedbde3fa6f2f3f2fbdc4ac057.jpg,Brbol,https://eol.org/pages/688908/media
21,https://content.eol.org/data/media/55/87/c4/18.02c2144828cbe5c3aeeba168fffa9d15.jpg,dhfischer,https://eol.org/pages/688908/media
22,https://content.eol.org/data/media/85/4d/61/7.CalPhotos_0000_0000_0217_1382.jpg,2017 Zoya Akulova,https://eol.org/pages/691015/media
22,https://content.eol.org/data/media/85/bf/68/7.CalPhotos_0000_0000_0416_0414.jpg,2016 Zoya Akulova,https://eol.org/pages/691015/media
22,https://content.eol.org/data/media/85/c4/7a/7.CalPhotos_0000_0000_0416_2305.jpg,2016 Zoya Akulova,https://eol.org/pages/691015/media
23,https://content.eol.org/data/media/d9/77/15/542.0001fcdbbcf405b8be33f0aa8b432ee4.jpg,Arthur Chapman,https://eol.org/pages/689739/media
23,https://content.eol.org/data/media/da/1d/e5/542.295252a95fbd037e5ebde7594b96a556.jpg,Arthur Chapman,https://eol.org/pages/689739/media
23,https://content.eol.org/data/media/d7/77/c6/542.81395b0bb8cda33869a0560f6dc28de7.jpg,Arthur Chapman,https://eol.org/pages/689739/media
24,https://content.eol.org/data/media/85/c6/7a/7.CalPhotos_0000_0000_0417_0507.jpg,2017 Ron Vanderhoff,https://eol.org/pages/660800/media
24,https://content.eol.org/data/media/85/c6/7b/7.CalPhotos_0000_0000_0417_0508.jpg,2017 Ron Vanderhoff,https://eol.org/pages/660800/media
24,https://content.eol.org/data/media/85/c6/7c/7.CalPhotos_0000_0000_0417_0509.jpg,2017 Ron Vanderhoff,https://eol.org/pages/660800/media
25,https://content.eol.org/data/media/87/43/ea/7.CalPhotos_0000_0000_1116_2657.jpg,2016 Ron Vanderhoff,https://eol.org/pages/703681/media
25,https://content.eol.org/data/media/87/43/eb/7.CalPhotos_0000_0000_1116_2658.jpg,2016 Ron Vanderhoff,https://eol.org/pages/703681/media
25,https://content.eol.org/data/media/d6/f3/3f/542.606289a32784e75ebc05dac8df0ac6cc.jpg,Arthur Chapman,https://eol.org/pages/703681/media
26,https://content.eol.org/data/media/d9/87/64/542.03efac543e835666b5d63bf47d455b63.jpg,Arthur Chapman,https://eol.org/pages/643418/media
26,https://content.eol.org/data/media/d6/22/8d/542.2cc9ecf3d6cd0fc6854342abc5ed870a.jpg,Arthur Chapman,https://eol.org/pages/643418/media
26,https://content.eol.org/data/media/d7/af/0a/542.8f031a14ace6a5968fe4767355d91a44.jpg,Arthur Chapman,https://eol.org/pages/643418/media
27,https://content.eol.org/data/media/d6/b7/28/542.519d6c4edb5e76641c6f667b40623805.jpg,Mauricio Mercadante,https://eol.org/pages/690383/media
27,https://content.eol.org/data/media/d7/b1/df/542.8faba6ff62ab163fa8456ae63f6f49a9.jpg,Mauricio Mercadante,https://eol.org/pages/690383/media
27,https://content.eol.org/data/media/d7/b4/f3/542.9073a1d935914079f7117305f65eba16.jpg,Mauricio Mercadante,https://eol.org/pages/690383/media
28,https://content.eol.org/data/media/d5/76/d8/542.023fd3523792b202af37a230168cc2d1.jpg,Homer Edward Price,https://eol.org/pages/52202878/media
28,https://content.eol.org/data/media/d5/fc/55/542.236430fd3f642283cf5a0c3a60d0a07f.jpg,Homer Edward Price,https://eol.org/pages/52202878/media
28,https://content.eol.org/data/media/d6/38/3c/542.32312f08daec2f8944144470699f3ec2.jpg,Homer Edward Price,https://eol.org/pages/52202878/media
29,https://content.eol.org/data/media/99/3d/77/84.CalPhotos_4444_4444_0811_0831.jpg,2010 Moorea Biocode,https://eol.org/pages/39940157/media
29,https://content.eol.org/data/media/99/25/cb/84.CalPhotos_4444_4444_0510_1018.jpg,2010 Moorea Biocode,https://eol.org/pages/39940157/media
29,https://content.eol.org/data/media/9d/d6/5f/851.126030-1_jpg.jpg,"Mark Hyde, Bart Wursten and Petra Ballings",https://eol.org/pages/39940157/media
30,https://content.eol.org/data/media/86/3c/23/7.CalPhotos_0000_0000_0616_2254.jpg,2016 Zoya Akulova,https://eol.org/pages/643396/media
30,https://content.eol.org/data/media/d5/82/3b/542.0509986eafb05f1392cd3171e6ba3c02.jpg,Drew Avery,https://eol.org/pages/643396/media
30,https://content.eol.org/data/media/86/3c/24/7.CalPhotos_0000_0000_0616_2255.jpg,2016 Zoya Akulova,https://eol.org/pages/643396/media
31,https://content.eol.org/data/media/d9/b4/b3/542.0f289a2ed2f78705a6033123eda0531c.jpg,Stefano,https://eol.org/pages/2508674/media
31,https://content.eol.org/data/media/d5/b9/f3/542.12da534c2c067ca308ea62c91210b525.jpg,Dick Culbert,https://eol.org/pages/2508674/media
31,https://content.eol.org/data/media/d6/25/0d/542.2d6ce111f308f8fb9e1fe63fefae9d40.jpg,Rafael Valls,https://eol.org/pages/2508674/media
32,https://content.eol.org/data/media/d8/3e/8e/542.b2786370154a65e297996f84baff1a06.jpg,Drew Avery,https://eol.org/pages/2888944/media
32,https://content.eol.org/data/media/85/01/8b/7.CalPhotos_0000_0000_0116_0639.jpg,2016 Zoya Akulova,https://eol.org/pages/2888944/media
32,https://content.eol.org/data/media/85/01/8c/7.CalPhotos_0000_0000_0116_0640.jpg,2016 Zoya Akulova,https://eol.org/pages/2888944/media
33,https://content.eol.org/data/media/87/ca/da/7.CalPhotos_0072_3301_1149_0127.jpg,2001 California Academy of Sciences,https://eol.org/pages/582251/media
33,https://content.eol.org/data/media/87/c8/ca/7.CalPhotos_0024_3291_2013_0119.jpg,2000 California Academy of Sciences,https://eol.org/pages/582251/media
33,https://content.eol.org/data/media/87/57/f7/7.CalPhotos_0000_0000_1208_0879.jpg,2008 Keir Morse,https://eol.org/pages/582251/media
34,https://content.eol.org/data/media/85/0e/c4/7.CalPhotos_0000_0000_0117_3415.jpg,2017 Zoya Akulova,https://eol.org/pages/2888970/media
34,https://content.eol.org/data/media/85/bf/66/7.CalPhotos_0000_0000_0416_0412.jpg,2016 Zoya Akulova,https://eol.org/pages/2888970/media
34,https://content.eol.org/data/media/85/c4/da/7.CalPhotos_0000_0000_0416_2524.jpg,2016 Zoya Akulova,https://eol.org/pages/2888970/media
35,https://content.eol.org/data/media/85/97/1c/7.CalPhotos_0000_0000_0403_0156.jpg,2003 Barry Breckling,https://eol.org/pages/582252/media
35,https://content.eol.org/data/media/85/c4/c2/7.CalPhotos_0000_0000_0416_2406.jpg,2016 Steve Matson,https://eol.org/pages/582252/media
35,https://content.eol.org/data/media/85/c4/c3/7.CalPhotos_0000_0000_0416_2407.jpg,2016 Steve Matson,https://eol.org/pages/582252/media
36,https://content.eol.org/data/media/d9/04/a3/542.e3a88d805fc64ef71c3df3421b87c674.jpg,Jim Morefield,https://eol.org/pages/583069/media
36,https://content.eol.org/data/media/88/60/54/7.CalPhotos_8120_3181_4901_0107.jpg,1998 California Academy of Sciences,https://eol.org/pages/583069/media
36,https://content.eol.org/data/media/87/f5/b5/7.CalPhotos_1351_3151_4005_0111.jpg,2005 California Academy of Sciences,https://eol.org/pages/583069/media
37,https://content.eol.org/data/media/87/06/25/7.CalPhotos_0000_0000_1016_0427.jpg,2016 Zoya Akulova,https://eol.org/pages/2888990/media
37,https://content.eol.org/data/media/87/06/26/7.CalPhotos_0000_0000_1016_0428.jpg,2016 Zoya Akulova,https://eol.org/pages/2888990/media
37,https://content.eol.org/data/media/87/06/27/7.CalPhotos_0000_0000_1016_0429.jpg,2016 Zoya Akulova,https://eol.org/pages/2888990/media
38,https://content.eol.org/data/media/d5/7c/ac/542.03aa73d620b73abfde4d31a8974201b8.jpg,Drew Avery,https://eol.org/pages/596824/media
38,https://content.eol.org/data/media/d5/a2/dd/542.0d1420e312143440321d6322c9435ead.jpg,Drew Avery,https://eol.org/pages/596824/media
38,https://content.eol.org/data/media/d5/c3/1d/542.1515429409171a2a8298e1dd829f27a8.jpg,Drew Avery,https://eol.org/pages/596824/media
42,https://content.eol.org/data/media/d8/0c/6c/542.a5ee653b59123376d007b8ab0941cc95.jpg,Brbol,https://eol.org/pages/2888996/media
42,https://content.eol.org/data/media/92/3a/6d/509.102f5d1c0ef682823a006055e14c6fec.jpg,"Krzysztof Ziarnek, Kenraiz",https://eol.org/pages/2888996/media
42,https://content.eol.org/data/media/94/24/8e/509.28eed992dcacc1640890a57065252866.jpg,"Krzysztof Ziarnek, Kenraiz",https://eol.org/pages/2888996/media
43,https://content.eol.org/data/media/81/df/aa/544.0ca828ca928a9d0722b1480df50c2a35.jpg,President and Fellows of Harvard College,https://eol.org/pages/582246/media
43,https://content.eol.org/data/media/81/df/ce/544.449c000acefedbe816ca96280460e1b1.jpg,President and Fellows of Harvard College,https://eol.org/pages/582246/media
43,https://content.eol.org/data/media/81/e0/31/544.c636e1cb3945e28969df9b88c744aaa6.jpg,President and Fellows of Harvard College,https://eol.org/pages/582246/media
44,https://content.eol.org/data/media/21/4b/84/549.BI-image-34060.jpg,,https://eol.org/pages/583070/media
44,https://content.eol.org/data/media/21/4b/85/549.BI-image-34061.jpg,,https://eol.org/pages/583070/media
44,https://content.eol.org/data/media/21/4b/86/549.BI-image-34062.jpg,,https://eol.org/pages/583070/media
45,https://content.eol.org/data/media/d6/75/da/542.4188e6cbd3471045ce7d2f3e24054163.jpg,Jos Mara Escolano,https://eol.org/pages/583073/media
45,https://content.eol.org/data/media/20/6d/5b/549.BI-image-112184.jpg,,https://eol.org/pages/583073/media
45,https://content.eol.org/data/media/20/81/14/549.BI-image-119524.jpg,,https://eol.org/pages/583073/media
46,https://content.eol.org/data/media/81/df/cd/544.426ee3c9f7d5135e136b161c759f4a29.jpg,President and Fellows of Harvard College,https://eol.org/pages/583072/media
46,https://content.eol.org/data/media/85/04/c7/7.CalPhotos_0000_0000_0116_2411.jpg,2016 Zoya Akulova,https://eol.org/pages/583072/media
46,https://content.eol.org/data/media/85/0c/3b/7.CalPhotos_0000_0000_0117_1638.jpg,2017 Zoya Akulova,https://eol.org/pages/583072/media
47,https://content.eol.org/data/media/86/37/cb/7.CalPhotos_0000_0000_0616_0642.jpg,2016 Zoya Akulova,https://eol.org/pages/582247/media
47,https://content.eol.org/data/media/86/37/cc/7.CalPhotos_0000_0000_0616_0643.jpg,2016 Zoya Akulova,https://eol.org/pages/582247/media
47,https://content.eol.org/data/media/87/06/3c/7.CalPhotos_0000_0000_1016_0451.jpg,2016 Zoya Akulova,https://eol.org/pages/582247/media
48,https://content.eol.org/data/media/a0/de/be/913.104820.jpg,JC Schou,https://eol.org/pages/47125858/media
48,https://content.eol.org/data/media/b4/ac/53/643.16902258.jpg,Anthony Mendoza,https://eol.org/pages/47125858/media
48,https://content.eol.org/data/media/c4/e4/ed/607.http___bioimages_vanderbilt_edu_baskauf_43400.jpg,Steven J. Baskauf,https://eol.org/pages/47125858/media
49,https://content.eol.org/data/media/86/af/27/7.CalPhotos_0000_0000_0817_2185.jpg,2017 Zoya Akulova,https://eol.org/pages/49123875/media
49,https://content.eol.org/data/media/86/af/28/7.CalPhotos_0000_0000_0817_2186.jpg,2017 Zoya Akulova,https://eol.org/pages/49123875/media
51,https://content.eol.org/data/media/d6/0e/1b/542.27c065f58c514283dba0bc209bab8175.jpg,Homer Edward Price,https://eol.org/pages/1127723/media
51,https://content.eol.org/data/media/d7/fb/66/542.a1b7e4eeb0d5ca49c85757ff393ace4f.jpg,Sharpj99,https://eol.org/pages/1127723/media
51,https://content.eol.org/data/media/d8/18/3d/542.a8dbb645f0700fdfb3d3c4334bbbd870.jpg,Homer Edward Price,https://eol.org/pages/1127723/media
52,https://content.eol.org/data/media/9d/d8/aa/851.127170-1_jpg.jpg,"Mark Hyde, Bart Wursten and Petra Ballings",https://eol.org/pages/695211/media
52,https://content.eol.org/data/media/56/25/65/18.06357358cdc51663dfd3ff9ff980a620.jpg,Siddarth Machado,https://eol.org/pages/695211/media
52,https://content.eol.org/data/media/5d/80/f3/18.2f42fd874e06da41b269c9f44369902c.jpg,Leoš Smutný,https://eol.org/pages/695211/media
53,https://content.eol.org/data/media/87/5e/13/7.CalPhotos_0000_0000_1208_3487.jpg,2008 Keir Morse,https://eol.org/pages/581628/media
53,https://content.eol.org/data/media/87/5e/12/7.CalPhotos_0000_0000_1208_3486.jpg,2008 Keir Morse,https://eol.org/pages/581628/media
53,https://content.eol.org/data/media/87/5e/11/7.CalPhotos_0000_0000_1208_3485.jpg,2008 Keir Morse,https://eol.org/pages/581628/media
54,https://content.eol.org/data/media/a0/fb/9f/913.116632.jpg,J Madsen,https://eol.org/pages/52558635/media
54,https://content.eol.org/data/media/a0/fb/a0/913.116633.jpg,J Madsen,https://eol.org/pages/52558635/media
54,https://content.eol.org/data/media/a0/fb/a1/913.116634.jpg,J Madsen,https://eol.org/pages/52558635/media
55,https://content.eol.org/data/media/20/68/d8/549.BI-image-110993.jpg,,https://eol.org/pages/582243/media
55,https://content.eol.org/data/media/20/68/d9/549.BI-image-110994.jpg,,https://eol.org/pages/582243/media
55,https://content.eol.org/data/media/20/68/da/549.BI-image-110995.jpg,,https://eol.org/pages/582243/media
56,https://content.eol.org/data/media/85/34/72/7.CalPhotos_0000_0000_0213_1786.jpg,2013 Zoya Akulova,https://eol.org/pages/323467/media
56,https://content.eol.org/data/media/56/dc/a6/18.0a322a41719a3e70421735c018e822b9.jpg,Dave Richardson,https://eol.org/pages/323467/media
56,https://content.eol.org/data/media/57/6d/d2/18.0d5cc64abd4c4732723e1ddb026d9fb7.jpg,Marian Oliver,https://eol.org/pages/323467/media
57,https://content.eol.org/data/media/d5/bf/a1/542.143e1cefdc0421213f13fecbf0b7564f.jpg,soltenviva,https://eol.org/pages/1033604/media
57,https://content.eol.org/data/media/d6/e9/2c/542.5ddb8ca43ce7b4ffd78360a7478b1381.jpg,Kai Laborenz,https://eol.org/pages/1033604/media
57,https://content.eol.org/data/media/db/0e/9c/542.64ebcbb1a2eb335e96daebdd690026d2.jpg,A. Sandler,https://eol.org/pages/1033604/media
58,https://content.eol.org/data/media/85/03/4b/7.CalPhotos_0000_0000_0116_1602.jpg,2016 Zoya Akulova,https://eol.org/pages/1059922/media
58,https://content.eol.org/data/media/85/04/33/7.CalPhotos_0000_0000_0116_2079.jpg,2016 Zoya Akulova,https://eol.org/pages/1059922/media
58,https://content.eol.org/data/media/85/0c/1d/7.CalPhotos_0000_0000_0117_1607.jpg,2017 Zoya Akulova,https://eol.org/pages/1059922/media
59,https://content.eol.org/data/media/85/4b/0b/7.CalPhotos_0000_0000_0217_0182.jpg,2017 Zoya Akulova,https://eol.org/pages/1033628/media
59,https://content.eol.org/data/media/85/4b/0c/7.CalPhotos_0000_0000_0217_0183.jpg,2017 Zoya Akulova,https://eol.org/pages/1033628/media
59,https://content.eol.org/data/media/86/3e/46/7.CalPhotos_0000_0000_0617_0819.jpg,2017 Zoya Akulova,https://eol.org/pages/1033628/media
60,https://content.eol.org/data/media/85/c1/32/7.CalPhotos_0000_0000_0416_0993.jpg,2016 Zoya Akulova,https://eol.org/pages/5448625/media
60,https://content.eol.org/data/media/85/12/eb/7.CalPhotos_0000_0000_0118_2058.jpg,2018 Zoya Akulova,https://eol.org/pages/5448625/media
60,https://content.eol.org/data/media/85/3a/47/7.CalPhotos_0000_0000_0214_0664.jpg,2014 Zoya Akulova,https://eol.org/pages/5448625/media
61,https://content.eol.org/data/media/84/f5/00/7.CalPhotos_0000_0000_0114_0216.jpg,2014 Dr. Amadej Trnkoczy,https://eol.org/pages/5614169/media
61,https://content.eol.org/data/media/84/f5/01/7.CalPhotos_0000_0000_0114_0217.jpg,2014 Dr. Amadej Trnkoczy,https://eol.org/pages/5614169/media
61,https://content.eol.org/data/media/84/f5/02/7.CalPhotos_0000_0000_0114_0218.jpg,2014 Dr. Amadej Trnkoczy,https://eol.org/pages/5614169/media
62,https://content.eol.org/data/media/81/df/d4/544.49451c9d28ae1708bbcd3eb59bd2eee9.jpg,President and Fellows of Harvard College,https://eol.org/pages/640054/media
62,https://content.eol.org/data/media/81/e0/09/544.8ff8bd91e41f7e1443fd3900efa64b0c.jpg,President and Fellows of Harvard College,https://eol.org/pages/640054/media
62,https://content.eol.org/data/media/84/f7/84/7.CalPhotos_0000_0000_0114_3111.jpg,2014 Nick Kurzenko,https://eol.org/pages/640054/media
63,https://content.eol.org/data/media/d8/70/d1/542.bec58b79016dde97bae921449f87e853.jpg,Tindo2,https://eol.org/pages/628407/media
63,https://content.eol.org/data/media/d9/3f/84/542.f222f6b701f9b7f4efe2561c6b597894.jpg,Tindo2,https://eol.org/pages/628407/media
63,https://content.eol.org/data/media/56/f5/25/18.0abbefacf77e74f29b5872a28821098e.jpg,Ralph Foster,https://eol.org/pages/628407/media
64,https://content.eol.org/data/media/85/05/17/7.CalPhotos_0000_0000_0116_2593.jpg,2016 Zoya Akulova,https://eol.org/pages/1145955/media
64,https://content.eol.org/data/media/86/3a/a3/7.CalPhotos_0000_0000_0616_1838.jpg,2016 Zoya Akulova,https://eol.org/pages/1145955/media
64,https://content.eol.org/data/media/86/3a/a4/7.CalPhotos_0000_0000_0616_1839.jpg,2016 Zoya Akulova,https://eol.org/pages/1145955/media
65,https://content.eol.org/data/media/86/4a/ad/7.CalPhotos_0000_0000_0708_1598.jpg,2008 Zoya Akulova,https://eol.org/pages/1145613/media
65,https://content.eol.org/data/media/85/12/20/7.CalPhotos_0000_0000_0118_1495.jpg,2018 Zoya Akulova,https://eol.org/pages/1145613/media
65,https://content.eol.org/data/media/85/12/21/7.CalPhotos_0000_0000_0118_1496.jpg,2018 Zoya Akulova,https://eol.org/pages/1145613/media
66,https://content.eol.org/data/media/d5/b0/8b/542.10885b207700d998775a22e3c530e95e.jpg,Arthur Chapman,https://eol.org/pages/630874/media
66,https://content.eol.org/data/media/da/58/a3/542.37e34ec2977f2fe088d7d159b60fe48f.jpg,John Tann,https://eol.org/pages/630874/media
66,https://content.eol.org/data/media/d6/55/f8/542.39930ae417cd0b03aef0ee41401f6a64.jpg,John Tann,https://eol.org/pages/630874/media
67,https://content.eol.org/data/media/86/60/93/7.CalPhotos_0000_0000_0715_1296.jpg,2015 Zoya Akulova,https://eol.org/pages/323342/media
67,https://content.eol.org/data/media/86/60/94/7.CalPhotos_0000_0000_0715_1297.jpg,2015 Zoya Akulova,https://eol.org/pages/323342/media
67,https://content.eol.org/data/media/86/63/01/7.CalPhotos_0000_0000_0715_2127.jpg,2015 Zoya Akulova,https://eol.org/pages/323342/media
68,https://content.eol.org/data/media/d6/66/a7/542.3dcceb309901e2f4f0777583a4df234e.jpg,Biodiversity Heritage Library,https://eol.org/pages/988571/media
68,https://content.eol.org/data/media/d6/7d/f1/542.4385cf76df0f5e2a22228a28b92d2883.jpg,Biodiversity Heritage Library,https://eol.org/pages/988571/media
68,https://content.eol.org/data/media/d8/bd/eb/542.d1f5a6ffc6710b63ca6b9980dfeeeb55.jpg,Biodiversity Heritage Library,https://eol.org/pages/988571/media
69,https://content.eol.org/data/media/d5/ff/53/542.2425486c567b90b346fe81021df03ebf.jpg,Tatiana Bulyonkova,https://eol.org/pages/1033727/media
69,https://content.eol.org/data/media/d6/0e/ab/542.27e5ccf9d7593023bf5962cadabfbb32.jpg,John Tann,https://eol.org/pages/1033727/media
69,https://content.eol.org/data/media/d6/89/96/542.46723280167a83b98c0048f849040a05.jpg,Brbol,https://eol.org/pages/1033727/media
70,https://content.eol.org/data/media/a0/f6/e8/913.114069.jpg,J Madsen,https://eol.org/pages/71122/media
70,https://content.eol.org/data/media/c4/cd/d7/607.http___bioimages_vanderbilt_edu_baskauf_14629.jpg,Steven J. Baskauf,https://eol.org/pages/71122/media
70,https://content.eol.org/data/media/d7/4c/71/542.7666ceb9686336e3820d7dae281e180b.jpg,Brbol,https://eol.org/pages/71122/media
71,https://content.eol.org/data/media/86/e4/fc/7.CalPhotos_0000_0000_1008_0187.jpg,2008 Luigi Rignanese,https://eol.org/pages/583608/media
71,https://content.eol.org/data/media/86/e4/fb/7.CalPhotos_0000_0000_1008_0186.jpg,2008 Luigi Rignanese,https://eol.org/pages/583608/media
71,https://content.eol.org/data/media/20/8c/02/549.BI-image-122395.jpg,,https://eol.org/pages/583608/media
72,https://content.eol.org/data/media/d7/93/fc/542.883ab70254a71f60e511cf6642718323.jpg,John Tann,https://eol.org/pages/1136266/media
72,https://content.eol.org/data/media/d7/e0/12/542.9af0be6eff98ea3381b3d203b25f1f4c.jpg,John Tann,https://eol.org/pages/1136266/media
72,https://content.eol.org/data/media/85/93/6c/7.CalPhotos_0000_0000_0318_1910.jpg,2018 Zoya Akulova,https://eol.org/pages/1136266/media
74,https://content.eol.org/data/media/59/55/91/18.17f7a93b317640909092ce84ac4ecf1d.jpg,Martin Bennett,https://eol.org/pages/5556305/media
74,https://content.eol.org/data/media/59/7d/53/18.18d1bea7854c37584bd0b61b280cdea9.jpg,Martin Bennett,https://eol.org/pages/5556305/media
74,https://content.eol.org/data/media/5b/01/8c/18.2145de22894978ced17616d8214b6efc.jpg,Gavin Goodyear,https://eol.org/pages/5556305/media
75,https://content.eol.org/data/media/d5/89/8a/542.06e95a6f4866991e38bcd57a29727cfd.jpg,"Kai Yan,  Joseph Wong",https://eol.org/pages/641500/media
75,https://content.eol.org/data/media/d9/bf/b5/542.11eae2267dfa9f5c80977989ad449a13.jpg,"Kai Yan,  Joseph Wong",https://eol.org/pages/641500/media
75,https://content.eol.org/data/media/d5/ff/d0/542.243f76d564d69f01480728a18f806771.jpg,"Kai Yan,  Joseph Wong",https://eol.org/pages/641500/media
76,https://content.eol.org/data/media/9d/d8/37/851.126820-1_jpg.jpg,"Mark Hyde, Bart Wursten and Petra Ballings",https://eol.org/pages/702916/media
76,https://content.eol.org/data/media/9e/01/d0/851.165520-1_jpg.jpg,"Mark Hyde, Bart Wursten and Petra Ballings",https://eol.org/pages/702916/media
76,https://content.eol.org/data/media/d6/b3/60/542.50ab97956fed4e2ee467631f68d8c6da.jpg,"Kai Yan,  Joseph Wong",https://eol.org/pages/702916/media
77,https://content.eol.org/data/media/d7/93/50/542.88140e54f54799ae0700ecb143f366d4.jpg,Stefano,https://eol.org/pages/1086152/media
77,https://content.eol.org/data/media/d7/c8/48/542.953526dd4c19c110ecf7540516649fe7.jpg,Brbol,https://eol.org/pages/1086152/media
77,https://content.eol.org/data/media/d8/0d/89/542.a634a084243b55a4ce2b3115093a2d55.jpg,Dick Culbert,https://eol.org/pages/1086152/media
78,https://content.eol.org/data/media/d6/b1/37/542.50269868312db1b1d3b4e1882e701abd.jpg,marcoschmidt.frankfurt,https://eol.org/pages/1149364/media
78,https://content.eol.org/data/media/20/a1/67/549.BI-image-128701.jpg,,https://eol.org/pages/1149364/media
78,https://content.eol.org/data/media/21/08/1a/549.BI-image-17908.jpg,,https://eol.org/pages/1149364/media
79,https://content.eol.org/data/media/d9/b2/69/542.0e968513a1dff1cb8948754132c1f44c.jpg,Arthur Chapman,https://eol.org/pages/5420372/media
79,https://content.eol.org/data/media/db/03/8e/542.621dac4e9dbd0d955b85cb2a5b18606f.jpg,Arthur Chapman,https://eol.org/pages/5420372/media
79,https://content.eol.org/data/media/d7/08/d8/542.65dcae92b75a03d805bc0b83a95d2034.jpg,Biodiversity Heritage Library,https://eol.org/pages/5420372/media
80,https://content.eol.org/data/media/d5/da/5a/542.1ae66126f0ec60c002c4cdb89b50f0e7.jpg,John Tann,https://eol.org/pages/487630/media
80,https://content.eol.org/data/media/d7/05/8d/542.6509320f07fcc49ccaf1d6c15e663650.jpg,John Tann,https://eol.org/pages/487630/media
80,https://content.eol.org/data/media/d8/84/90/542.c3c5020fb2beef480a4da5ff2d83377c.jpg,Brbol,https://eol.org/pages/487630/media
81,https://content.eol.org/data/media/59/81/61/18.18e7a982ab3a5d9e8cc914bb09a5f041.jpg,Franceli Macedo,https://eol.org/pages/1121081/media
81,https://content.eol.org/data/media/5c/6a/e7/18.2924dea878180f3455a977b2992b43fb.jpg,Lauren Harter,https://eol.org/pages/1121081/media
81,https://content.eol.org/data/media/64/67/6c/18.55e200d118e80f7583c0cabfc8f17dc1.jpg,Eric Hough,https://eol.org/pages/1121081/media
82,https://content.eol.org/data/media/d6/5c/0a/542.3b131ce4d2e125993fa846ece398e937.jpg,Stefano,https://eol.org/pages/1121077/media
82,https://content.eol.org/data/media/d6/d8/2e/542.59b61b22c4a478f5581d02f10cc6cede.jpg,Brbol,https://eol.org/pages/1121077/media
82,https://content.eol.org/data/media/dc/cd/26/542.d35eba02c390123d6611efd3f89abbf2.jpg,Stefano,https://eol.org/pages/1121077/media
84,https://content.eol.org/data/media/85/03/4a/7.CalPhotos_0000_0000_0116_1601.jpg,2016 Zoya Akulova,https://eol.org/pages/1121015/media
84,https://content.eol.org/data/media/85/03/48/7.CalPhotos_0000_0000_0116_1598.jpg,2016 Zoya Akulova,https://eol.org/pages/1121015/media
84,https://content.eol.org/data/media/85/03/49/7.CalPhotos_0000_0000_0116_1599.jpg,2016 Zoya Akulova,https://eol.org/pages/1121015/media
85,https://content.eol.org/data/media/87/0c/66/7.CalPhotos_0000_0000_1016_3497.jpg,2016 Zoya Akulova,https://eol.org/pages/1003987/media
85,https://content.eol.org/data/media/87/35/0a/7.CalPhotos_0000_0000_1115_0137.jpg,2015 Zoya Akulova,https://eol.org/pages/1003987/media
85,https://content.eol.org/data/media/87/35/0b/7.CalPhotos_0000_0000_1115_0138.jpg,2015 Zoya Akulova,https://eol.org/pages/1003987/media
86,https://content.eol.org/data/media/d5/83/14/542.053d1827153ed9698b5ca1fc5eac0125.jpg,Juniperus_scopulorum,https://eol.org/pages/2508464/media
86,https://content.eol.org/data/media/d9/bf/9f/542.11e441f8389c7344e84445ab42171890.jpg,Juniperus_scopulorum,https://eol.org/pages/2508464/media
86,https://content.eol.org/data/media/d5/c1/9d/542.14bbbb48d2a39909ce0f4996cd996864.jpg,Juniperus_scopulorum,https://eol.org/pages/2508464/media
87,https://content.eol.org/data/media/d9/69/8b/542.fcaa479f649a596a2f4d459ff65e00e4.jpg,"Kai Yan,  Joseph Wong",https://eol.org/pages/5454625/media
87,https://content.eol.org/data/media/85/89/59/7.CalPhotos_0000_0000_0317_0396.jpg,2017 Zoya Akulova,https://eol.org/pages/5454625/media
87,https://content.eol.org/data/media/85/89/5a/7.CalPhotos_0000_0000_0317_0397.jpg,2017 Zoya Akulova,https://eol.org/pages/5454625/media
88,https://content.eol.org/data/media/87/09/96/7.CalPhotos_0000_0000_1016_2432.jpg,2016 Zoya Akulova,https://eol.org/pages/1061623/media
88,https://content.eol.org/data/media/87/57/63/7.CalPhotos_0000_0000_1208_0704.jpg,2008 Keir Morse,https://eol.org/pages/1061623/media
88,https://content.eol.org/data/media/87/57/62/7.CalPhotos_0000_0000_1208_0703.jpg,2008 Keir Morse,https://eol.org/pages/1061623/media
89,https://content.eol.org/data/media/d5/d5/dd/542.19c8764e6dbed32dcfd29f1f044ec1b7.jpg,Tony Rodd,https://eol.org/pages/5623469/media
89,https://content.eol.org/data/media/db/57/cc/542.76d245f2cd6382a6b9bc32df0e481f74.jpg,Tony Rodd,https://eol.org/pages/5623469/media
89,https://content.eol.org/data/media/d7/7a/4b/542.81d6696900ff93ce5119e7d8765903f0.jpg,Tony Rodd,https://eol.org/pages/5623469/media
90,https://content.eol.org/data/media/85/0c/3e/7.CalPhotos_0000_0000_0117_1641.jpg,2017 Zoya Akulova,https://eol.org/pages/594985/media
90,https://content.eol.org/data/media/85/0c/3f/7.CalPhotos_0000_0000_0117_1642.jpg,2017 Zoya Akulova,https://eol.org/pages/594985/media
90,https://content.eol.org/data/media/85/0c/40/7.CalPhotos_0000_0000_0117_1643.jpg,2017 Zoya Akulova,https://eol.org/pages/594985/media
91,https://content.eol.org/data/media/d8/8e/8f/542.c6548c77c55588b2fff28e782798d73d.jpg,Brbol,https://eol.org/pages/47126587/media
91,https://content.eol.org/data/media/85/13/77/7.CalPhotos_0000_0000_0118_2622.jpg,2018 Zoya Akulova,https://eol.org/pages/47126587/media
91,https://content.eol.org/data/media/85/13/78/7.CalPhotos_0000_0000_0118_2623.jpg,2018 Zoya Akulova,https://eol.org/pages/47126587/media
92,https://content.eol.org/data/media/86/36/7c/7.CalPhotos_0000_0000_0616_0171.jpg,2016 Zoya Akulova,https://eol.org/pages/640224/media
92,https://content.eol.org/data/media/86/36/7d/7.CalPhotos_0000_0000_0616_0172.jpg,2016 Zoya Akulova,https://eol.org/pages/640224/media
92,https://content.eol.org/data/media/86/36/7e/7.CalPhotos_0000_0000_0616_0173.jpg,2016 Zoya Akulova,https://eol.org/pages/640224/media
93,https://content.eol.org/data/media/81/e0/3f/544.d647d7f513823c9e931dd4215bffb7f5.jpg,President and Fellows of Harvard College,https://eol.org/pages/1148512/media
93,https://content.eol.org/data/media/55/db/cc/18.0496cf373cea896c919e3a0192468028.jpg,pratiksha,https://eol.org/pages/1148512/media
93,https://content.eol.org/data/media/57/50/75/18.0cba8c096257f97ce979b474321cd541.jpg,lynnzb,https://eol.org/pages/1148512/media
94,https://content.eol.org/data/media/d5/ed/b0/542.1fbb4e8bbb0ea75f7180842dc3366529.jpg,John Tann,https://eol.org/pages/629957/media
94,https://content.eol.org/data/media/d6/e2/80/542.5c3b5766c2c9b0f21abb5597a1abe0eb.jpg,Arthur Chapman,https://eol.org/pages/629957/media
94,https://content.eol.org/data/media/d7/be/3e/542.92c3666bfcea273d70cda15a46bf7db1.jpg,John Tann,https://eol.org/pages/629957/media
95,https://content.eol.org/data/media/c4/c7/d3/607.http___bioimages_vanderbilt_edu_baskauf_10222.jpg,Steven J. Baskauf,https://eol.org/pages/11888718/media
95,https://content.eol.org/data/media/d6/c2/9c/542.5479c65ef07d527699f6f78d839640b4.jpg,Cody Hough,https://eol.org/pages/11888718/media
95,https://content.eol.org/data/media/d8/8d/1b/542.c5fa9fde111715a02bdc94c6ef848fdc.jpg,Brbol,https://eol.org/pages/11888718/media
96,https://content.eol.org/data/media/84/fa/93/7.CalPhotos_0000_0000_0115_1146.jpg,2015 Nick Kurzenko,https://eol.org/pages/1033602/media
96,https://content.eol.org/data/media/84/fa/94/7.CalPhotos_0000_0000_0115_1147.jpg,2015 Nick Kurzenko,https://eol.org/pages/1033602/media
96,https://content.eol.org/data/media/84/fa/95/7.CalPhotos_0000_0000_0115_1148.jpg,2015 Nick Kurzenko,https://eol.org/pages/1033602/media
98,https://content.eol.org/data/media/84/fa/a4/7.CalPhotos_0000_0000_0115_1163.jpg,2015 Nick Kurzenko,https://eol.org/pages/1033603/media
98,https://content.eol.org/data/media/d5/8f/11/542.0831aa405103f3f9f4ca96981027f766.jpg,Arthur Chapman,https://eol.org/pages/1033603/media
98,https://content.eol.org/data/media/84/fa/a5/7.CalPhotos_0000_0000_0115_1164.jpg,2015 Nick Kurzenko,https://eol.org/pages/1033603/media
99,https://content.eol.org/data/media/20/54/b9/549.BI-image-104119.jpg,,https://eol.org/pages/1061705/media
99,https://content.eol.org/data/media/20/54/bb/549.BI-image-104120.jpg,,https://eol.org/pages/1061705/media
99,https://content.eol.org/data/media/20/54/bc/549.BI-image-104121.jpg,,https://eol.org/pages/1061705/media
100,https://content.eol.org/data/media/da/22/1d/542.2a55d0a841ab36926d98c9cfc27f15ef.jpg,Mauricio Mercadante,https://eol.org/pages/5405972/media
100,https://content.eol.org/data/media/d6/1e/38/542.2bade3f1e6caefeeca05b277d673353a.jpg,Mauricio Mercadante,https://eol.org/pages/5405972/media
100,https://content.eol.org/data/media/d6/39/88/542.3282085810882d06d238758be456e3e8.jpg,Mauricio Mercadante,https://eol.org/pages/5405972/media
101,https://content.eol.org/data/media/87/17/fc/7.CalPhotos_0000_0000_1105_0249.jpg,2005 Luigi Rignanese,https://eol.org/pages/418096/media
101,https://content.eol.org/data/media/87/17/fb/7.CalPhotos_0000_0000_1105_0244.jpg,2005 Luigi Rignanese,https://eol.org/pages/418096/media
101,https://content.eol.org/data/media/86/e1/8f/7.CalPhotos_0000_0000_1005_1205.jpg,2005 Luigi Rignanese,https://eol.org/pages/418096/media
102,https://content.eol.org/data/media/87/c7/18/7.CalPhotos_0024_3291_1999_0019.jpg,2000 California Academy of Sciences,https://eol.org/pages/640323/media
102,https://content.eol.org/data/media/87/c7/19/7.CalPhotos_0024_3291_1999_0020.jpg,2000 California Academy of Sciences,https://eol.org/pages/640323/media
102,https://content.eol.org/data/media/d6/39/2e/542.326ae661c89cf5ba951e5d425b16b1fc.jpg,Tim Sheerman-Chase,https://eol.org/pages/640323/media
105,https://content.eol.org/data/media/85/95/a2/7.CalPhotos_0000_0000_0318_3080.jpg,2018 Wynn Anderson,https://eol.org/pages/1271470/media
105,https://content.eol.org/data/media/56/7d/e8/18.0820dad4299e443ae44feae644676d6f.jpg,John Karges,https://eol.org/pages/1271470/media
105,https://content.eol.org/data/media/58/7e/13/18.134bca3cba48092002d6a5c2a147f822.jpg,Curren Frasch,https://eol.org/pages/1271470/media
106,https://content.eol.org/data/media/87/e5/73/7.CalPhotos_1335_3153_0666_0115.jpg,2002 California Academy of Sciences,https://eol.org/pages/1271471/media
107,https://content.eol.org/data/media/85/aa/24/7.CalPhotos_0000_0000_0411_1724.jpg,2011 Barry Rice,https://eol.org/pages/640324/media
107,https://content.eol.org/data/media/d6/25/fc/542.2da7f79d558a3865c0bdc37fffdacd44.jpg,John Rusk,https://eol.org/pages/640324/media
107,https://content.eol.org/data/media/d6/43/a2/542.351005e48947c2d3e004489e009cf359.jpg,John Rusk,https://eol.org/pages/640324/media
108,https://content.eol.org/data/media/a1/7c/6e/913.63794.jpg,N Sloth,https://eol.org/pages/28998/media
108,https://content.eol.org/data/media/c4/c7/c8/607.http___bioimages_vanderbilt_edu_baskauf_10206.jpg,Steven J. Baskauf,https://eol.org/pages/28998/media
108,https://content.eol.org/data/media/d5/d2/55/542.18e5f31b060981108af6d16616bd1a4f.jpg,Mauricio Mercadante,https://eol.org/pages/28998/media
109,https://content.eol.org/data/media/87/21/92/7.CalPhotos_0000_0000_1109_0338.jpg,2009 Zoya Akulova,https://eol.org/pages/1091059/media
109,https://content.eol.org/data/media/87/82/aa/7.CalPhotos_0000_0000_1216_0890.jpg,2016 Zoya Akulova,https://eol.org/pages/1091059/media
109,https://content.eol.org/data/media/87/82/ab/7.CalPhotos_0000_0000_1216_0892.jpg,2016 Zoya Akulova,https://eol.org/pages/1091059/media
110,https://content.eol.org/data/media/d5/eb/8d/542.1f33d24cf6a967c6b2e7d22a928c2e80.jpg,John Rusk,https://eol.org/pages/580331/media
110,https://content.eol.org/data/media/87/41/96/7.CalPhotos_0000_0000_1116_1642.jpg,2016 Zoya Akulova,https://eol.org/pages/580331/media
110,https://content.eol.org/data/media/d6/0d/3d/542.278a5dedfc034bd236a277a27b3cc06b.jpg,John Rusk,https://eol.org/pages/580331/media
111,https://content.eol.org/data/media/d6/7f/44/542.43db608485c1466108d7ad719d2959e5.jpg,TANAKA Juuyoh (),https://eol.org/pages/2892340/media
111,https://content.eol.org/data/media/85/bf/6b/7.CalPhotos_0000_0000_0416_0418.jpg,2016 Zoya Akulova,https://eol.org/pages/2892340/media
111,https://content.eol.org/data/media/85/c4/39/7.CalPhotos_0000_0000_0416_2136.jpg,2016 Zoya Akulova,https://eol.org/pages/2892340/media
112,https://content.eol.org/data/media/85/87/9c/7.CalPhotos_0000_0000_0316_3435.jpg,2016 Zoya Akulova,https://eol.org/pages/596902/media
112,https://content.eol.org/data/media/d5/a4/96/542.0d85c53d227fc63d6bc247bdff41a6dc.jpg,John Tann,https://eol.org/pages/596902/media
112,https://content.eol.org/data/media/d6/7d/52/542.4360555699dd750ed6d35d5b24cdb5bb.jpg,Biodiversity Heritage Library,https://eol.org/pages/596902/media
113,https://content.eol.org/data/media/85/52/1e/7.CalPhotos_0000_0000_0218_0252.jpg,2018 Zoya Akulova,https://eol.org/pages/595293/media
113,https://content.eol.org/data/media/85/52/1d/7.CalPhotos_0000_0000_0218_0251.jpg,2018 Zoya Akulova,https://eol.org/pages/595293/media
113,https://content.eol.org/data/media/99/26/ec/84.CalPhotos_4444_4444_0510_1309.jpg,2010 Moorea Biocode,https://eol.org/pages/595293/media
114,https://content.eol.org/data/media/85/d2/a5/7.CalPhotos_0000_0000_0505_2147.jpg,2005 Luigi Rignanese,https://eol.org/pages/582200/media
114,https://content.eol.org/data/media/86/e1/ae/7.CalPhotos_0000_0000_1005_1283.jpg,2005 Luigi Rignanese,https://eol.org/pages/582200/media
114,https://content.eol.org/data/media/86/e1/b1/7.CalPhotos_0000_0000_1005_1287.jpg,2005 Luigi Rignanese,https://eol.org/pages/582200/media
115,https://content.eol.org/data/media/85/ca/a2/7.CalPhotos_0000_0000_0418_0529.jpg,2018 Zoya Akulova,https://eol.org/pages/582206/media
115,https://content.eol.org/data/media/87/86/cf/7.CalPhotos_0000_0000_1216_3817.jpg,2016 Zoya Akulova,https://eol.org/pages/582206/media
115,https://content.eol.org/data/media/86/e1/b3/7.CalPhotos_0000_0000_1005_1289.jpg,2005 Luigi Rignanese,https://eol.org/pages/582206/media
116,https://content.eol.org/data/media/87/0d/27/7.CalPhotos_0000_0000_1016_3741.jpg,2016 Zoya Akulova,https://eol.org/pages/2886371/media
116,https://content.eol.org/data/media/87/0d/28/7.CalPhotos_0000_0000_1016_3742.jpg,2016 Zoya Akulova,https://eol.org/pages/2886371/media
116,https://content.eol.org/data/media/87/0d/29/7.CalPhotos_0000_0000_1016_3743.jpg,2016 Zoya Akulova,https://eol.org/pages/2886371/media
117,https://content.eol.org/data/media/21/ea/95/549.BI-image-75350.jpg,,https://eol.org/pages/1087084/media
117,https://content.eol.org/data/media/21/ea/96/549.BI-image-75351.jpg,,https://eol.org/pages/1087084/media
117,https://content.eol.org/data/media/d5/91/7b/542.08d3376c4963081613d6e205d52dfb9a.jpg,Biodiversity Heritage Library,https://eol.org/pages/1087084/media
118,https://content.eol.org/data/media/d6/df/42/542.5b6efe14e5ac9fcffe9f6ae6e92717ce.jpg,John Tann,https://eol.org/pages/301375/media
118,https://content.eol.org/data/media/56/2e/7f/18.0667665ef10811a171b285eb28ab1116.jpg,pterosaur,https://eol.org/pages/301375/media
118,https://content.eol.org/data/media/5a/07/1c/18.1bcf11d9ad8590f936e4e531f926a29d.jpg,coenobita,https://eol.org/pages/301375/media
119,https://content.eol.org/data/media/d6/1f/60/542.2c0038f9101317df074af7e3355f6aee.jpg,Arthur Chapman,https://eol.org/pages/301438/media
119,https://content.eol.org/data/media/d6/4c/0b/542.371dcddf54895670dc2d63e0de3e3b9e.jpg,Arthur Chapman,https://eol.org/pages/301438/media
119,https://content.eol.org/data/media/d6/f4/4c/542.60a6bc06fd48d48cdf9c97a81ebcffd0.jpg,Arthur Chapman,https://eol.org/pages/301438/media
120,https://content.eol.org/data/media/87/86/57/7.CalPhotos_0000_0000_1216_3430.jpg,2016 Zoya Akulova,https://eol.org/pages/301463/media
120,https://content.eol.org/data/media/87/86/58/7.CalPhotos_0000_0000_1216_3431.jpg,2016 Zoya Akulova,https://eol.org/pages/301463/media
120,https://content.eol.org/data/media/87/86/59/7.CalPhotos_0000_0000_1216_3432.jpg,2016 Zoya Akulova,https://eol.org/pages/301463/media
122,https://content.eol.org/data/media/85/12/ee/7.CalPhotos_0000_0000_0118_2093.jpg,2018 Zoya Akulova,https://eol.org/pages/582267/media
122,https://content.eol.org/data/media/85/19/1e/7.CalPhotos_0000_0000_0207_0489.jpg,2007 Dr. Amadej Trnkoczy,https://eol.org/pages/582267/media
122,https://content.eol.org/data/media/85/19/1f/7.CalPhotos_0000_0000_0207_0490.jpg,2007 Dr. Amadej Trnkoczy,https://eol.org/pages/582267/media
123,https://content.eol.org/data/media/d6/7a/83/542.42a6ba351ee4da3d70260c64d52922c6.jpg,Michael Wunderli,https://eol.org/pages/126871/media
123,https://content.eol.org/data/media/21/f6/a3/549.BI-image-78171.jpg,,https://eol.org/pages/126871/media
123,https://content.eol.org/data/media/db/3b/4e/542.700a2a8f043c938efd9b7a055ca3831f.jpg,HermannFalkner/sokol,https://eol.org/pages/126871/media
124,https://content.eol.org/data/media/85/8c/d9/7.CalPhotos_0000_0000_0317_1485.jpg,2017 Zoya Akulova,https://eol.org/pages/481245/media
124,https://content.eol.org/data/media/86/a6/5e/7.CalPhotos_0000_0000_0816_0408.jpg,2016 Zoya Akulova,https://eol.org/pages/481245/media
124,https://content.eol.org/data/media/85/8c/da/7.CalPhotos_0000_0000_0317_1486.jpg,2017 Zoya Akulova,https://eol.org/pages/481245/media
125,https://content.eol.org/data/media/85/fc/81/7.CalPhotos_0000_0000_0516_0925.jpg,2016 Zoya Akulova,https://eol.org/pages/49955481/media
125,https://content.eol.org/data/media/85/fc/82/7.CalPhotos_0000_0000_0516_0926.jpg,2016 Zoya Akulova,https://eol.org/pages/49955481/media
125,https://content.eol.org/data/media/86/3e/53/7.CalPhotos_0000_0000_0617_0833.jpg,2017 Zoya Akulova,https://eol.org/pages/49955481/media
126,https://content.eol.org/data/media/85/fa/f8/7.CalPhotos_0000_0000_0516_0325.jpg,2016 Zoya Akulova,https://eol.org/pages/1034869/media
126,https://content.eol.org/data/media/85/fa/f9/7.CalPhotos_0000_0000_0516_0326.jpg,2016 Zoya Akulova,https://eol.org/pages/1034869/media
126,https://content.eol.org/data/media/85/fb/d9/7.CalPhotos_0000_0000_0516_0677.jpg,2016 Zoya Akulova,https://eol.org/pages/1034869/media
127,https://content.eol.org/data/media/87/05/da/7.CalPhotos_0000_0000_1016_0284.jpg,2016 Zoya Akulova,https://eol.org/pages/595775/media
127,https://content.eol.org/data/media/87/05/db/7.CalPhotos_0000_0000_1016_0285.jpg,2016 Zoya Akulova,https://eol.org/pages/595775/media
127,https://content.eol.org/data/media/87/05/dc/7.CalPhotos_0000_0000_1016_0286.jpg,2016 Zoya Akulova,https://eol.org/pages/595775/media
128,https://content.eol.org/data/media/9d/e2/2b/851.137500-1_jpg.jpg,"Mark Hyde, Bart Wursten and Petra Ballings",https://eol.org/pages/582326/media
128,https://content.eol.org/data/media/dc/e7/0a/542.d9d5f1543658ee0daae658237eef8b9a.jpg,David  Eickhoff,https://eol.org/pages/582326/media
128,https://content.eol.org/data/media/da/11/6f/542.26446745abf9b5ce408ab7c618b9c936.jpg,Arthur Chapman,https://eol.org/pages/582326/media
129,https://content.eol.org/data/media/d5/bc/1c/542.13574e5527142199185dbd67c29451f9.jpg,Luis Mata,https://eol.org/pages/1087629/media
129,https://content.eol.org/data/media/86/a6/4e/7.CalPhotos_0000_0000_0816_0392.jpg,2016 Zoya Akulova,https://eol.org/pages/1087629/media
129,https://content.eol.org/data/media/86/a6/4f/7.CalPhotos_0000_0000_0816_0393.jpg,2016 Zoya Akulova,https://eol.org/pages/1087629/media
130,https://content.eol.org/data/media/d6/2d/4e/542.2f6f10f86a456c9027a05f881c0f2791.jpg,Biodiversity Heritage Library,https://eol.org/pages/487855/media
130,https://content.eol.org/data/media/86/a3/43/7.CalPhotos_0000_0000_0815_3797.jpg,2015 Zoya Akulova,https://eol.org/pages/487855/media
130,https://content.eol.org/data/media/91/38/29/655.13092759.jpg,Universidade Estadual de CAMPINAS,https://eol.org/pages/487855/media
131,https://content.eol.org/data/media/85/91/2d/7.CalPhotos_0000_0000_0318_1116.jpg,2018 Zoya Akulova,https://eol.org/pages/1095068/media
131,https://content.eol.org/data/media/da/20/a8/542.29ff05c7afeec78592b80ee0c3bb6d65.jpg,Juniperus_scopulorum,https://eol.org/pages/1095068/media
131,https://content.eol.org/data/media/d6/7e/8e/542.43ae1f8a4e50de10f23e4fe8a4089e14.jpg,Juniperus_scopulorum,https://eol.org/pages/1095068/media
132,https://content.eol.org/data/media/86/36/ae/7.CalPhotos_0000_0000_0616_0241.jpg,2016 Zoya Akulova,https://eol.org/pages/229674/media
132,https://content.eol.org/data/media/86/a6/9d/7.CalPhotos_0000_0000_0816_0490.jpg,2016 Zoya Akulova,https://eol.org/pages/229674/media
132,https://content.eol.org/data/media/85/86/59/7.CalPhotos_0000_0000_0316_2600.jpg,2016 Zoya Akulova,https://eol.org/pages/229674/media
133,https://content.eol.org/data/media/d5/b9/c8/542.12d0657ce7561f07c2151174d3d8601d.jpg,gailhampshire,https://eol.org/pages/628975/media
133,https://content.eol.org/data/media/d6/02/e8/542.2503e06d4a2936786a376c8f82abad3d.jpg,"Kai Yan,  Joseph Wong",https://eol.org/pages/628975/media
133,https://content.eol.org/data/media/d7/af/32/542.8f0bcf32f645fa903a0a08e65c267d5c.jpg,"Kai Yan,  Joseph Wong",https://eol.org/pages/628975/media
134,https://content.eol.org/data/media/86/65/6b/7.CalPhotos_0000_0000_0716_0640.jpg,2016 Zoya Akulova,https://eol.org/pages/49953463/media
134,https://content.eol.org/data/media/86/65/6c/7.CalPhotos_0000_0000_0716_0641.jpg,2016 Zoya Akulova,https://eol.org/pages/49953463/media
135,https://content.eol.org/data/media/85/7b/5a/7.CalPhotos_0000_0000_0314_2798.jpg,2014 Zoya Akulova,https://eol.org/pages/644148/media
135,https://content.eol.org/data/media/86/38/a4/7.CalPhotos_0000_0000_0616_1024.jpg,2016 Zoya Akulova,https://eol.org/pages/644148/media
135,https://content.eol.org/data/media/85/7b/5b/7.CalPhotos_0000_0000_0314_2799.jpg,2014 Zoya Akulova,https://eol.org/pages/644148/media
136,https://content.eol.org/data/media/85/51/f4/7.CalPhotos_0000_0000_0218_0138.jpg,2018 Zoya Akulova,https://eol.org/pages/643189/media
136,https://content.eol.org/data/media/85/51/f5/7.CalPhotos_0000_0000_0218_0139.jpg,2018 Zoya Akulova,https://eol.org/pages/643189/media
136,https://content.eol.org/data/media/85/51/f6/7.CalPhotos_0000_0000_0218_0140.jpg,2018 Zoya Akulova,https://eol.org/pages/643189/media
137,https://content.eol.org/data/media/5d/b1/fc/18.3053eaab50a45a2348ee3c511837eb1f.jpg,Guy Taseski,https://eol.org/pages/630154/media
137,https://content.eol.org/data/media/61/cf/e2/18.476507007c6f143b823cd39b0a8b3a5c.jpg,jen_w1,https://eol.org/pages/630154/media
137,https://content.eol.org/data/media/64/b2/39/18.57853d9652b483256daa93301549052a.jpg,jen_w1,https://eol.org/pages/630154/media
138,https://content.eol.org/data/media/d5/f5/20/542.21a2b69e1c6691cb2a3d4b1929d8dcc2.jpg,Arthur Chapman,https://eol.org/pages/301398/media
138,https://content.eol.org/data/media/d6/8e/0b/542.4782e7e89c9a296f2dff576891b6896a.jpg,Arthur Chapman,https://eol.org/pages/301398/media
138,https://content.eol.org/data/media/86/ae/2b/7.CalPhotos_0000_0000_0817_1729.jpg,2017 Zoya Akulova,https://eol.org/pages/301398/media
139,https://content.eol.org/data/media/85/c8/cf/7.CalPhotos_0000_0000_0417_1741.jpg,2017 Zoya Akulova,https://eol.org/pages/630170/media
139,https://content.eol.org/data/media/56/c4/93/18.09ae7360ab5767a3d7d749d70e5996cc.jpg,David Hoare,https://eol.org/pages/630170/media
139,https://content.eol.org/data/media/59/90/4a/18.193b2245595a449ad27ef117b8692799.jpg,Rich Ixtlapale,https://eol.org/pages/630170/media
140,https://content.eol.org/data/media/d7/c8/11/542.9528b6eb479200d947cf037785455b69.jpg,Brbol,https://eol.org/pages/637218/media
140,https://content.eol.org/data/media/55/e9/b3/18.04e3c07f2fd9bc11252fc16b6b9cdc9e.jpg,Dave Richardson,https://eol.org/pages/637218/media
140,https://content.eol.org/data/media/58/d7/4f/18.1538155a2b33c88ffa1f7dc85c55e643.jpg,Dave Richardson,https://eol.org/pages/637218/media
141,https://content.eol.org/data/media/d5/88/b7/542.06b835116340f93722abe1daa4e8908c.jpg,Arthur Chapman,https://eol.org/pages/630174/media
141,https://content.eol.org/data/media/d5/c3/2c/542.15191d76b39597e12568f0a16036a324.jpg,Arthur Chapman,https://eol.org/pages/630174/media
141,https://content.eol.org/data/media/58/6c/54/18.12e81be7c4be8d11ac536454ea58c100.jpg,Chris Jonkers,https://eol.org/pages/630174/media
142,https://content.eol.org/data/media/d5/81/ae/542.04e64776e054e88022dc84054ae4d226.jpg,Biodiversity Heritage Library,https://eol.org/pages/301420/media
142,https://content.eol.org/data/media/56/fe/38/18.0aed19404836f30cb0283b461597e0da.jpg,Russell Cumming,https://eol.org/pages/301420/media
142,https://content.eol.org/data/media/58/d0/d3/18.15148103cd0f99a57554c0120bbadae7.jpg,Em Lamond,https://eol.org/pages/301420/media
143,https://content.eol.org/data/media/d5/e9/d3/542.1ecc3d83798a0ab728d5c60258e0a6e4.jpg,Arthur Chapman,https://eol.org/pages/230366/media
143,https://content.eol.org/data/media/d6/0e/19/542.27bfd343e21aca463c20626ec99268cf.jpg,Arthur Chapman,https://eol.org/pages/230366/media
143,https://content.eol.org/data/media/d6/fb/0c/542.625f1aba89ea2432976bda716c454961.jpg,Cyndy Sims Parr,https://eol.org/pages/230366/media
144,https://content.eol.org/data/media/d9/a0/52/542.0a1bddf41a91344575e7a62703ba6ce2.jpg,John Tann,https://eol.org/pages/301421/media
144,https://content.eol.org/data/media/85/2f/90/7.CalPhotos_0000_0000_0213_0165.jpg,2013 Zoya Akulova,https://eol.org/pages/301421/media
144,https://content.eol.org/data/media/d9/b6/76/542.0fa21c708fe2e436372768f31d46c604.jpg,John Tann,https://eol.org/pages/301421/media
146,https://content.eol.org/data/media/85/11/91/7.CalPhotos_0000_0000_0118_0469.jpg,2018 Ron Vanderhoff,https://eol.org/pages/230778/media
146,https://content.eol.org/data/media/85/11/92/7.CalPhotos_0000_0000_0118_0470.jpg,2018 Ron Vanderhoff,https://eol.org/pages/230778/media
146,https://content.eol.org/data/media/85/11/93/7.CalPhotos_0000_0000_0118_0471.jpg,2018 Ron Vanderhoff,https://eol.org/pages/230778/media
147,https://content.eol.org/data/media/d5/a5/63/542.0dbcfd21413d1c083f85cbc97b32e0ec.jpg,Arthur Chapman,https://eol.org/pages/301411/media
147,https://content.eol.org/data/media/d9/ed/9c/542.1d53d30b334fe25eaf105023bcb67f37.jpg,Arthur Chapman,https://eol.org/pages/301411/media
147,https://content.eol.org/data/media/d6/0b/3d/542.270cb6e890869283664c6b73c97c0b2b.jpg,Arthur Chapman,https://eol.org/pages/301411/media
148,https://content.eol.org/data/media/86/a7/b4/7.CalPhotos_0000_0000_0816_0915.jpg,2016 Zoya Akulova,https://eol.org/pages/630137/media
148,https://content.eol.org/data/media/86/a7/b5/7.CalPhotos_0000_0000_0816_0916.jpg,2016 Zoya Akulova,https://eol.org/pages/630137/media
148,https://content.eol.org/data/media/86/a7/b6/7.CalPhotos_0000_0000_0816_0917.jpg,2016 Zoya Akulova,https://eol.org/pages/630137/media
149,https://content.eol.org/data/media/84/e1/61/7.CalPhotos_0000_0000_0109_2685.jpg,2009 Zoya Akulova,https://eol.org/pages/633030/media
149,https://content.eol.org/data/media/85/04/cb/7.CalPhotos_0000_0000_0116_2467.jpg,2016 Zoya Akulova,https://eol.org/pages/633030/media
149,https://content.eol.org/data/media/85/12/11/7.CalPhotos_0000_0000_0118_1480.jpg,2018 Jorg & Mimi Fleige,https://eol.org/pages/633030/media
150,https://content.eol.org/data/media/85/0e/1c/7.CalPhotos_0000_0000_0117_2765.jpg,2017 Zoya Akulova,https://eol.org/pages/301319/media
150,https://content.eol.org/data/media/85/0e/1d/7.CalPhotos_0000_0000_0117_2766.jpg,2017 Zoya Akulova,https://eol.org/pages/301319/media
150,https://content.eol.org/data/media/86/3c/88/7.CalPhotos_0000_0000_0616_2392.jpg,2016 Zoya Akulova,https://eol.org/pages/301319/media
151,https://content.eol.org/data/media/85/91/f3/7.CalPhotos_0000_0000_0318_1328.jpg,2018 Zoya Akulova,https://eol.org/pages/301423/media
151,https://content.eol.org/data/media/85/91/f4/7.CalPhotos_0000_0000_0318_1329.jpg,2018 Zoya Akulova,https://eol.org/pages/301423/media
151,https://content.eol.org/data/media/85/91/f5/7.CalPhotos_0000_0000_0318_1330.jpg,2018 Zoya Akulova,https://eol.org/pages/301423/media
152,https://content.eol.org/data/media/56/9a/24/18.08c3a8df69bfd7d2f8ceb539ea8e3e34.jpg,saltandbushecotours,https://eol.org/pages/633012/media
152,https://content.eol.org/data/media/5a/e0/07/18.2088bd00acaeb951bcfcc391e8e30ad4.jpg,smathichong,https://eol.org/pages/633012/media
152,https://content.eol.org/data/media/5b/24/82/18.220942404c16b3e6d8bcbf9c6d597754.jpg,smathichong,https://eol.org/pages/633012/media
153,https://content.eol.org/data/media/85/02/2f/7.CalPhotos_0000_0000_0116_0999.jpg,2016 Zoya Akulova,https://eol.org/pages/632020/media
153,https://content.eol.org/data/media/85/02/30/7.CalPhotos_0000_0000_0116_1000.jpg,2016 Zoya Akulova,https://eol.org/pages/632020/media
153,https://content.eol.org/data/media/85/02/31/7.CalPhotos_0000_0000_0116_1001.jpg,2016 Zoya Akulova,https://eol.org/pages/632020/media
154,https://content.eol.org/data/media/d6/af/22/542.4f9f3633c23b262494ec12c8c190bc2d.jpg,Arthur Chapman,https://eol.org/pages/301419/media
154,https://content.eol.org/data/media/d7/2b/2c/542.6e5bb58ed2dbf5daeb515b6ce7924c7a.jpg,Arthur Chapman,https://eol.org/pages/301419/media
154,https://content.eol.org/data/media/db/d3/ce/542.95aa429de1898fdbf87e93d2253a5f9e.jpg,Arthur Chapman,https://eol.org/pages/301419/media
155,https://content.eol.org/data/media/d6/6a/70/542.3eb93fba6dfecbc220eaa13658dec761.jpg,Arthur Chapman,https://eol.org/pages/245551/media
155,https://content.eol.org/data/media/d6/7c/a1/542.43311606d78fad375e4fa84b084c18d1.jpg,Arthur Chapman,https://eol.org/pages/245551/media
155,https://content.eol.org/data/media/db/ac/66/542.8beb4356a8fe807677e60cc21559ed4e.jpg,Arthur Chapman,https://eol.org/pages/245551/media
157,https://content.eol.org/data/media/85/47/7c/7.CalPhotos_0000_0000_0216_2605.jpg,2016 Zoya Akulova,https://eol.org/pages/594918/media
157,https://content.eol.org/data/media/85/47/77/7.CalPhotos_0000_0000_0216_2600.jpg,2016 Zoya Akulova,https://eol.org/pages/594918/media
157,https://content.eol.org/data/media/d5/9a/fa/542.0b2714fd9b4ec66b2c30227ced7f57f0.jpg,Brbol,https://eol.org/pages/594918/media
159,https://content.eol.org/data/media/85/9b/aa/7.CalPhotos_0000_0000_0405_2270.jpg,2005 Luigi Rignanese,https://eol.org/pages/594632/media
159,https://content.eol.org/data/media/85/d0/c6/7.CalPhotos_0000_0000_0505_0523.jpg,2005 Luigi Rignanese,https://eol.org/pages/594632/media
159,https://content.eol.org/data/media/85/0a/66/7.CalPhotos_0000_0000_0117_0253.jpg,2017 Zoya Akulova,https://eol.org/pages/594632/media
160,https://content.eol.org/data/media/d5/db/5e/542.1b2e45823e6898520854179ec82c6eeb.jpg,Mauricio Mercadante,https://eol.org/pages/594821/media
160,https://content.eol.org/data/media/db/7e/77/542.807e30a0916c8cfbdaef34136ff3eca3.jpg,Ria Tan,https://eol.org/pages/594821/media
160,https://content.eol.org/data/media/d8/73/d6/542.bf7dce372f6c9debc82916374912ff40.jpg,Ria Tan,https://eol.org/pages/594821/media
161,https://content.eol.org/data/media/d7/00/ba/542.63c6bc31accb0ba73878a9f65cbde812.jpg,Brbol,https://eol.org/pages/482014/media
161,https://content.eol.org/data/media/85/94/81/7.CalPhotos_0000_0000_0318_2445.jpg,2018 Zoya Akulova,https://eol.org/pages/482014/media
161,https://content.eol.org/data/media/85/94/82/7.CalPhotos_0000_0000_0318_2446.jpg,2018 Zoya Akulova,https://eol.org/pages/482014/media
162,https://content.eol.org/data/media/a0/d5/c9/913.101002.jpg,A Neumann,https://eol.org/pages/2876056/media
162,https://content.eol.org/data/media/85/7a/67/7.CalPhotos_0000_0000_0314_1753.jpg,2014 Zoya Akulova,https://eol.org/pages/2876056/media
162,https://content.eol.org/data/media/d5/e7/51/542.1e2714d46b269ab391fed1ded688699a.jpg,Biodiversity Heritage Library,https://eol.org/pages/2876056/media
163,https://content.eol.org/data/media/d5/9c/b6/542.0b93b2d2334318972b586f53cfb7a8b2.jpg,Juniperus_scopulorum,https://eol.org/pages/590525/media
163,https://content.eol.org/data/media/d5/dd/dd/542.1bcad5e296ba2c8cbadf543f030a0fa2.jpg,Reinaldo Aguilar,https://eol.org/pages/590525/media
163,https://content.eol.org/data/media/da/1c/0c/542.28e0ba74581470bf8745110ad40c0a98.jpg,Brbol,https://eol.org/pages/590525/media
165,https://content.eol.org/data/media/d5/bd/5c/542.13a9116daf8cfc6e38901211dc6e9933.jpg,John Tann,https://eol.org/pages/482015/media
165,https://content.eol.org/data/media/d7/43/17/542.74270324479eeb377810d1116cb4169f.jpg,John Tann,https://eol.org/pages/482015/media
165,https://content.eol.org/data/media/d7/b7/74/542.9116ce54a2512f085d0bad19172a0554.jpg,Biodiversity Heritage Library,https://eol.org/pages/482015/media
166,https://content.eol.org/data/media/99/26/3c/84.CalPhotos_4444_4444_0510_1131.jpg,2010 Moorea Biocode,https://eol.org/pages/47119105/media
166,https://content.eol.org/data/media/99/52/32/84.CalPhotos_4444_4444_1110_0006.jpg,2010 Moorea Biocode,https://eol.org/pages/47119105/media
166,https://content.eol.org/data/media/99/26/2b/84.CalPhotos_4444_4444_0510_1114.jpg,2010 Moorea Biocode,https://eol.org/pages/47119105/media
167,https://content.eol.org/data/media/87/09/6f/7.CalPhotos_0000_0000_1016_2393.jpg,2016 Zoya Akulova,https://eol.org/pages/47150160/media
167,https://content.eol.org/data/media/85/0e/88/7.CalPhotos_0000_0000_0117_3153.jpg,2017 Zoya Akulova,https://eol.org/pages/47150160/media
167,https://content.eol.org/data/media/85/0e/89/7.CalPhotos_0000_0000_0117_3155.jpg,2017 Zoya Akulova,https://eol.org/pages/47150160/media
168,https://content.eol.org/data/media/87/85/e0/7.CalPhotos_0000_0000_1216_3138.jpg,2016 Zoya Akulova,https://eol.org/pages/487569/media
168,https://content.eol.org/data/media/87/85/e1/7.CalPhotos_0000_0000_1216_3139.jpg,2016 Zoya Akulova,https://eol.org/pages/487569/media
168,https://content.eol.org/data/media/87/85/e2/7.CalPhotos_0000_0000_1216_3140.jpg,2016 Zoya Akulova,https://eol.org/pages/487569/media
169,https://content.eol.org/data/media/85/0b/76/7.CalPhotos_0000_0000_0117_1173.jpg,2017 Zoya Akulova,https://eol.org/pages/579143/media
169,https://content.eol.org/data/media/85/0b/77/7.CalPhotos_0000_0000_0117_1174.jpg,2017 Zoya Akulova,https://eol.org/pages/579143/media
169,https://content.eol.org/data/media/85/0b/78/7.CalPhotos_0000_0000_0117_1175.jpg,2017 Zoya Akulova,https://eol.org/pages/579143/media
170,https://content.eol.org/data/media/85/c4/3a/7.CalPhotos_0000_0000_0416_2137.jpg,2016 Zoya Akulova,https://eol.org/pages/5624115/media
170,https://content.eol.org/data/media/87/7a/27/7.CalPhotos_0000_0000_1215_2130.jpg,2015 Zoya Akulova,https://eol.org/pages/5624115/media
170,https://content.eol.org/data/media/87/7a/28/7.CalPhotos_0000_0000_1215_2131.jpg,2015 Zoya Akulova,https://eol.org/pages/5624115/media
171,https://content.eol.org/data/media/d5/7b/43/542.03561986102608cbccf3971f16e22b0a.jpg,Ginkgo CZ,https://eol.org/pages/1156278/media
171,https://content.eol.org/data/media/d5/7c/7f/542.03a13ff1e500a8d9e4051d56461dd8c9.jpg,Ginkgo CZ,https://eol.org/pages/1156278/media
171,https://content.eol.org/data/media/d9/b6/b0/542.0fb0656ac8671b45b98c899acb7ede05.jpg,BlueRidgeKitties,https://eol.org/pages/1156278/media
173,https://content.eol.org/data/media/85/c1/25/7.CalPhotos_0000_0000_0416_0978.jpg,2016 Zoya Akulova,https://eol.org/pages/416265/media
173,https://content.eol.org/data/media/85/c1/26/7.CalPhotos_0000_0000_0416_0979.jpg,2016 Zoya Akulova,https://eol.org/pages/416265/media
173,https://content.eol.org/data/media/85/c1/27/7.CalPhotos_0000_0000_0416_0980.jpg,2016 Zoya Akulova,https://eol.org/pages/416265/media
174,https://content.eol.org/data/media/d5/a4/35/542.0d6cd7f0ce8acadc969cba232ebf511b.jpg,Brbol,https://eol.org/pages/582736/media
174,https://content.eol.org/data/media/d5/fa/07/542.22cd9ed9bd14731b304ae0c65c7681ba.jpg,Arthur Chapman,https://eol.org/pages/582736/media
174,https://content.eol.org/data/media/d7/63/c6/542.7c2dff224713abd7c1a05d2a6fec0fac.jpg,Biodiversity Heritage Library,https://eol.org/pages/582736/media
175,https://content.eol.org/data/media/87/10/0e/7.CalPhotos_0000_0000_1017_1311.jpg,2017 Zoya Akulova,https://eol.org/pages/5511103/media
175,https://content.eol.org/data/media/87/10/0f/7.CalPhotos_0000_0000_1017_1312.jpg,2017 Zoya Akulova,https://eol.org/pages/5511103/media
175,https://content.eol.org/data/media/87/10/10/7.CalPhotos_0000_0000_1017_1313.jpg,2017 Zoya Akulova,https://eol.org/pages/5511103/media
176,https://content.eol.org/data/media/dc/9d/3e/542.c792fd3a76abbb3acbf6f012d5c1d68a.jpg,mauroguanandi,https://eol.org/pages/5637482/media
176,https://content.eol.org/data/media/85/5e/b0/7.CalPhotos_0000_0000_0308_0174.jpg,2008 Alex V. Popovkin,https://eol.org/pages/5637482/media
176,https://content.eol.org/data/media/85/5e/b1/7.CalPhotos_0000_0000_0308_0175.jpg,2008 Alex V. Popovkin,https://eol.org/pages/5637482/media
178,https://content.eol.org/data/media/86/37/34/7.CalPhotos_0000_0000_0616_0441.jpg,2016 Zoya Akulova,https://eol.org/pages/6935240/media
178,https://content.eol.org/data/media/86/37/35/7.CalPhotos_0000_0000_0616_0442.jpg,2016 Zoya Akulova,https://eol.org/pages/6935240/media
178,https://content.eol.org/data/media/86/37/36/7.CalPhotos_0000_0000_0616_0443.jpg,2016 Zoya Akulova,https://eol.org/pages/6935240/media
181,https://content.eol.org/data/media/87/e3/93/7.CalPhotos_1335_3153_0216_0111.jpg,2002 California Academy of Sciences,https://eol.org/pages/1034856/media
181,https://content.eol.org/data/media/88/66/9f/7.CalPhotos_8253_3202_0971_0060.jpg,1999 California Academy of Sciences,https://eol.org/pages/1034856/media
181,https://content.eol.org/data/media/20/7f/de/549.BI-image-119208.jpg,,https://eol.org/pages/1034856/media
183,https://content.eol.org/data/media/d7/2a/75/542.6e2f0ab82bae8e5dd7d2c85b2a31af1f.jpg,Biodiversity Heritage Library,https://eol.org/pages/1142854/media
183,https://content.eol.org/data/media/d7/e6/1d/542.9c6bb14322bcae48e141caa3a6b3a05f.jpg,Biodiversity Heritage Library,https://eol.org/pages/1142854/media
183,https://content.eol.org/data/media/56/5d/8d/18.076bde9790da8ef073ca40e76f9f5137.jpg,dhfischer,https://eol.org/pages/1142854/media
184,https://content.eol.org/data/media/56/a5/1d/18.0900688ecfc38e68908cc88ad442f7e6.jpg,David R,https://eol.org/pages/1142853/media
184,https://content.eol.org/data/media/57/d3/6f/18.0f967fa6fa760ba0573d156a634d624f.jpg,Colin Ogle,https://eol.org/pages/1142853/media
184,https://content.eol.org/data/media/67/48/f8/18.65f3249a5ded796145908de236d7dcf4.jpg,Colin Ogle,https://eol.org/pages/1142853/media
187,https://content.eol.org/data/media/85/45/f4/7.CalPhotos_0000_0000_0216_2141.jpg,2016 Zoya Akulova,https://eol.org/pages/47154753/media
187,https://content.eol.org/data/media/d6/65/7b/542.3d78af443189e27584ac9b9eefda11a7.jpg,Juniperus_scopulorum,https://eol.org/pages/47154753/media
187,https://content.eol.org/data/media/d7/a0/17/542.8b2e875167c7e58b191ebfa6e15b35e5.jpg,Juniperus_scopulorum,https://eol.org/pages/47154753/media
188,https://content.eol.org/data/media/86/65/38/7.CalPhotos_0000_0000_0716_0542.jpg,2016 Zoya Akulova,https://eol.org/pages/1142626/media
188,https://content.eol.org/data/media/da/59/38/542.3804cbf4ad5340330a25705a02188d64.jpg,Nuytsia@Tas,https://eol.org/pages/1142626/media
188,https://content.eol.org/data/media/d6/b6/d9/542.518a840635972cedc7e8b3926da9a83d.jpg,scott.zona,https://eol.org/pages/1142626/media
189,https://content.eol.org/data/media/86/c8/4d/7.CalPhotos_0000_0000_0913_0308.jpg,2013 Steve Matson,https://eol.org/pages/595007/media
189,https://content.eol.org/data/media/85/1e/52/7.CalPhotos_0000_0000_0208_2111.jpg,2008 Keir Morse,https://eol.org/pages/595007/media
189,https://content.eol.org/data/media/86/03/e6/7.CalPhotos_0000_0000_0518_0459.jpg,2018 Zoya Akulova,https://eol.org/pages/595007/media
190,https://content.eol.org/data/media/d5/86/9c/542.0630942548938031109a2e62808e4e2c.jpg,Karren,https://eol.org/pages/1061675/media
190,https://content.eol.org/data/media/d6/9c/91/542.4b16678c026950f689163fbdf4a834cf.jpg,Karren,https://eol.org/pages/1061675/media
190,https://content.eol.org/data/media/87/7a/2b/7.CalPhotos_0000_0000_1215_2134.jpg,2015 Zoya Akulova,https://eol.org/pages/1061675/media
192,https://content.eol.org/data/media/86/a8/47/7.CalPhotos_0000_0000_0816_1149.jpg,2016 Ron Vanderhoff,https://eol.org/pages/483646/media
192,https://content.eol.org/data/media/85/01/9b/7.CalPhotos_0000_0000_0116_0656.jpg,2016 Zoya Akulova,https://eol.org/pages/483646/media
192,https://content.eol.org/data/media/85/01/9c/7.CalPhotos_0000_0000_0116_0657.jpg,2016 Zoya Akulova,https://eol.org/pages/483646/media
193,https://content.eol.org/data/media/d6/52/c9/542.38cdf915fe7e0ba5a1a3c943c6c55a77.jpg,Paul Morris,https://eol.org/pages/487245/media
193,https://content.eol.org/data/media/d8/73/7a/542.bf6b5d057a7c07690b4ec80303668122.jpg,HermannFalkner/sokol,https://eol.org/pages/487245/media
193,https://content.eol.org/data/media/d8/78/50/542.c0af3534d8d5576535644415df7a666c.jpg,HermannFalkner/sokol,https://eol.org/pages/487245/media
194,https://content.eol.org/data/media/87/17/cd/7.CalPhotos_0000_0000_1105_0102.jpg,2005 Luigi Rignanese,https://eol.org/pages/582106/media
194,https://content.eol.org/data/media/d5/89/15/542.06d0269a7e79aada2d815ff1546842d2.jpg,Ahmad Fuad Morad,https://eol.org/pages/582106/media
194,https://content.eol.org/data/media/d6/1b/c0/542.2b197f051ce3358712e06cef6e160ae1.jpg,Biodiversity Heritage Library,https://eol.org/pages/582106/media
201,https://content.eol.org/data/media/85/61/7f/7.CalPhotos_0000_0000_0309_0581.jpg,2009 Zoya Akulova,https://eol.org/pages/586694/media
201,https://content.eol.org/data/media/85/b8/fb/7.CalPhotos_0000_0000_0414_0042.jpg,2014 Zoya Akulova,https://eol.org/pages/586694/media
201,https://content.eol.org/data/media/85/b8/fc/7.CalPhotos_0000_0000_0414_0043.jpg,2014 Zoya Akulova,https://eol.org/pages/586694/media
202,https://content.eol.org/data/media/87/18/08/7.CalPhotos_0000_0000_1105_0317.jpg,2005 Luigi Rignanese,https://eol.org/pages/486835/media
202,https://content.eol.org/data/media/86/e1/ac/7.CalPhotos_0000_0000_1005_1277.jpg,2005 Luigi Rignanese,https://eol.org/pages/486835/media
202,https://content.eol.org/data/media/86/e1/ab/7.CalPhotos_0000_0000_1005_1273.jpg,2005 Luigi Rignanese,https://eol.org/pages/486835/media
203,https://content.eol.org/data/media/87/87/04/7.CalPhotos_0000_0000_1216_3903.jpg,2016 Zoya Akulova,https://eol.org/pages/2508619/media
203,https://content.eol.org/data/media/87/87/05/7.CalPhotos_0000_0000_1216_3904.jpg,2016 Zoya Akulova,https://eol.org/pages/2508619/media
203,https://content.eol.org/data/media/87/87/06/7.CalPhotos_0000_0000_1216_3905.jpg,2016 Zoya Akulova,https://eol.org/pages/2508619/media
204,https://content.eol.org/data/media/d6/6a/88/542.3ebe96cdf17403791319f4422b409090.jpg,John Tann,https://eol.org/pages/2508616/media
204,https://content.eol.org/data/media/d5/a0/ef/542.0c95bcd918c14df344a92c351ca72cef.jpg,Arthur Chapman,https://eol.org/pages/2508616/media
204,https://content.eol.org/data/media/d5/c2/4e/542.14e4f146f8d8b6f4d984137ba60d5d76.jpg,Arthur Chapman,https://eol.org/pages/2508616/media
205,https://content.eol.org/data/media/85/01/a4/7.CalPhotos_0000_0000_0116_0666.jpg,2016 Zoya Akulova,https://eol.org/pages/487035/media
205,https://content.eol.org/data/media/85/02/ea/7.CalPhotos_0000_0000_0116_1301.jpg,2016 Zoya Akulova,https://eol.org/pages/487035/media
205,https://content.eol.org/data/media/85/04/df/7.CalPhotos_0000_0000_0116_2504.jpg,2016 Zoya Akulova,https://eol.org/pages/487035/media
206,https://content.eol.org/data/media/85/4a/dd/7.CalPhotos_0000_0000_0217_0072.jpg,2017 Zoya Akulova,https://eol.org/pages/2887420/media
206,https://content.eol.org/data/media/85/4a/de/7.CalPhotos_0000_0000_0217_0073.jpg,2017 Zoya Akulova,https://eol.org/pages/2887420/media
206,https://content.eol.org/data/media/85/4a/df/7.CalPhotos_0000_0000_0217_0074.jpg,2017 Zoya Akulova,https://eol.org/pages/2887420/media
207,https://content.eol.org/data/media/85/02/07/7.CalPhotos_0000_0000_0116_0849.jpg,2016 Zoya Akulova,https://eol.org/pages/594658/media
207,https://content.eol.org/data/media/85/0c/2b/7.CalPhotos_0000_0000_0117_1622.jpg,2017 Zoya Akulova,https://eol.org/pages/594658/media
207,https://content.eol.org/data/media/85/0c/2c/7.CalPhotos_0000_0000_0117_1623.jpg,2017 Zoya Akulova,https://eol.org/pages/594658/media
209,https://content.eol.org/data/media/20/80/c2/549.BI-image-119443.jpg,,https://eol.org/pages/1155834/media
209,https://content.eol.org/data/media/20/80/c3/549.BI-image-119444.jpg,,https://eol.org/pages/1155834/media
209,https://content.eol.org/data/media/20/80/c4/549.BI-image-119445.jpg,,https://eol.org/pages/1155834/media
210,https://content.eol.org/data/media/d6/1e/fd/542.2be649525be6118343fd4c23a7ccb950.jpg,Ahmad Fuad Morad,https://eol.org/pages/1140296/media
210,https://content.eol.org/data/media/d6/77/db/542.4208da2b36b7d18da18a78e8af2ec6e0.jpg,Ahmad Fuad Morad,https://eol.org/pages/1140296/media
210,https://content.eol.org/data/media/d7/5a/b4/542.79f2381c445f67a4297e95d69c094550.jpg,Ahmad Fuad Morad,https://eol.org/pages/1140296/media
211,https://content.eol.org/data/media/d5/94/5d/542.0980b6786aeffa5162b89f07b5b16f71.jpg,Arthur Chapman,https://eol.org/pages/2508670/media
211,https://content.eol.org/data/media/d5/98/8d/542.0a8a09187678f4fbe8848f60f329c28e.jpg,Arthur Chapman,https://eol.org/pages/2508670/media
211,https://content.eol.org/data/media/d6/25/85/542.2d8b402c9bd8938f674cb94ddf9793e6.jpg,Tatters,https://eol.org/pages/2508670/media
214,https://content.eol.org/data/media/d8/11/29/542.a715736db1abaa5a5faf3aa520e2ca66.jpg,Arthur Chapman,https://eol.org/pages/486498/media
214,https://content.eol.org/data/media/85/90/d6/7.CalPhotos_0000_0000_0318_1022.jpg,2018 Zoya Akulova,https://eol.org/pages/486498/media
214,https://content.eol.org/data/media/85/90/d8/7.CalPhotos_0000_0000_0318_1024.jpg,2018 Zoya Akulova,https://eol.org/pages/486498/media
215,https://content.eol.org/data/media/87/43/c5/7.CalPhotos_0000_0000_1116_2427.jpg,2016 Zoya Akulova,https://eol.org/pages/491550/media
215,https://content.eol.org/data/media/56/e9/87/18.0a7be2758a4d985ebf55200f0bd594b4.jpg,leithallb,https://eol.org/pages/491550/media
215,https://content.eol.org/data/media/5b/45/75/18.22c12bf524ac1856b90d52e88957cb6f.jpg,Dan Pagotto,https://eol.org/pages/491550/media
216,https://content.eol.org/data/media/d7/98/29/542.893f5f49350ef482fbf0202a15c1bee0.jpg,Mauricio Mercadante,https://eol.org/pages/1155025/media
216,https://content.eol.org/data/media/d8/c1/34/542.d2c3a70361c77c01f6b114ee288c585f.jpg,Mauricio Mercadante,https://eol.org/pages/1155025/media
216,https://content.eol.org/data/media/9d/d3/56/851.123770-1_jpg.jpg,"Mark Hyde, Bart Wursten and Petra Ballings",https://eol.org/pages/1155025/media
217,https://content.eol.org/data/media/d9/7a/2e/542.00c0318014fb32b3cc0d20374201108c.jpg,TANAKA Juuyoh (),https://eol.org/pages/1154991/media
217,https://content.eol.org/data/media/d5/81/71/542.04d541505c094a865a992e86db4397e3.jpg,Martin Kalfatovic,https://eol.org/pages/1154991/media
217,https://content.eol.org/data/media/d9/b2/ba/542.0ea8f2c33e8051efa8f6179e677c5561.jpg,Martin Kalfatovic,https://eol.org/pages/1154991/media
220,https://content.eol.org/data/media/85/37/e4/7.CalPhotos_0000_0000_0213_3122.jpg,2013 Keir Morse,https://eol.org/pages/486956/media
220,https://content.eol.org/data/media/85/37/e9/7.CalPhotos_0000_0000_0213_3127.jpg,2013 Keir Morse,https://eol.org/pages/486956/media
220,https://content.eol.org/data/media/85/37/ea/7.CalPhotos_0000_0000_0213_3128.jpg,2013 Keir Morse,https://eol.org/pages/486956/media
221,https://content.eol.org/data/media/85/87/61/7.CalPhotos_0000_0000_0316_3253.jpg,2016 Zoya Akulova,https://eol.org/pages/11168049/media
221,https://content.eol.org/data/media/85/87/62/7.CalPhotos_0000_0000_0316_3254.jpg,2016 Zoya Akulova,https://eol.org/pages/11168049/media
221,https://content.eol.org/data/media/8f/56/76/614.287008.jpg,,https://eol.org/pages/11168049/media
222,https://content.eol.org/data/media/d5/da/e2/542.1b0de63d4c53885c171503d6353d7992.jpg,Jos Mara Escolano,https://eol.org/pages/633316/media
222,https://content.eol.org/data/media/db/0d/cb/542.64b443de3d48c215f6abb3d33037cb6f.jpg,Sarah Gregg,https://eol.org/pages/633316/media
222,https://content.eol.org/data/media/d8/11/4b/542.a71d4ebde19fd00dfbe543764fc466f0.jpg,Bas Kers (NL),https://eol.org/pages/633316/media
223,https://content.eol.org/data/media/85/c4/40/7.CalPhotos_0000_0000_0416_2143.jpg,2016 Zoya Akulova,https://eol.org/pages/6940183/media
223,https://content.eol.org/data/media/85/fa/fd/7.CalPhotos_0000_0000_0516_0330.jpg,2016 Zoya Akulova,https://eol.org/pages/6940183/media
223,https://content.eol.org/data/media/85/fe/46/7.CalPhotos_0000_0000_0516_1939.jpg,2016 Zoya Akulova,https://eol.org/pages/6940183/media
224,https://content.eol.org/data/media/85/fc/93/7.CalPhotos_0000_0000_0516_0944.jpg,2016 Zoya Akulova,https://eol.org/pages/5449241/media
224,https://content.eol.org/data/media/85/fc/94/7.CalPhotos_0000_0000_0516_0945.jpg,2016 Zoya Akulova,https://eol.org/pages/5449241/media
224,https://content.eol.org/data/media/86/3e/6b/7.CalPhotos_0000_0000_0617_0857.jpg,2017 Zoya Akulova,https://eol.org/pages/5449241/media
225,https://content.eol.org/data/media/5b/5a/f3/18.233a51f794efe36bc4181af259e0406b.jpg,Martin Bennett,https://eol.org/pages/5449350/media
225,https://content.eol.org/data/media/5b/f5/01/18.26941709484883dd0d3fd65550a39e66.jpg,Thomas Mesaglio,https://eol.org/pages/5449350/media
225,https://content.eol.org/data/media/5c/47/6a/18.285db92826d4e491637250add796ce6d.jpg,Jessica,https://eol.org/pages/5449350/media
226,https://content.eol.org/data/media/87/7e/2b/7.CalPhotos_0000_0000_1215_3507.jpg,2015 Zoya Akulova,https://eol.org/pages/5449388/media
226,https://content.eol.org/data/media/85/fb/98/7.CalPhotos_0000_0000_0516_0519.jpg,2016 Zoya Akulova,https://eol.org/pages/5449388/media
226,https://content.eol.org/data/media/85/fb/99/7.CalPhotos_0000_0000_0516_0520.jpg,2016 Zoya Akulova,https://eol.org/pages/5449388/media
227,https://content.eol.org/data/media/d5/8b/00/542.07433ec20d6c62dd6e4de85e0ff83ee2.jpg,John Rusk,https://eol.org/pages/2508583/media
227,https://content.eol.org/data/media/d7/43/5f/542.743825d82712e04a147871b0a302e67e.jpg,John Rusk,https://eol.org/pages/2508583/media
227,https://content.eol.org/data/media/d8/53/03/542.b790e0f08ef80da24142b06381e6f5be.jpg,John Rusk,https://eol.org/pages/2508583/media
228,https://content.eol.org/data/media/d6/8a/25/542.4697437db4976e2ac5be157322a8ba65.jpg,Dick Culbert,https://eol.org/pages/5449572/media
228,https://content.eol.org/data/media/86/00/9f/7.CalPhotos_0000_0000_0517_0375.jpg,2017 Zoya Akulova,https://eol.org/pages/5449572/media
228,https://content.eol.org/data/media/86/00/a0/7.CalPhotos_0000_0000_0517_0376.jpg,2017 Zoya Akulova,https://eol.org/pages/5449572/media
229,https://content.eol.org/data/media/86/36/fa/7.CalPhotos_0000_0000_0616_0343.jpg,2016 Zoya Akulova,https://eol.org/pages/2508582/media
229,https://content.eol.org/data/media/85/02/0a/7.CalPhotos_0000_0000_0116_0857.jpg,2016 Zoya Akulova,https://eol.org/pages/2508582/media
229,https://content.eol.org/data/media/85/02/0b/7.CalPhotos_0000_0000_0116_0858.jpg,2016 Zoya Akulova,https://eol.org/pages/2508582/media
230,https://content.eol.org/data/media/a1/8f/ae/913.73643.jpg,JC Schou,https://eol.org/pages/1327063/media
230,https://content.eol.org/data/media/d7/01/7c/542.63f893b0b3a2fedbb99635052e977faa.jpg,Arthur Chapman,https://eol.org/pages/1327063/media
230,https://content.eol.org/data/media/d7/22/5d/542.6c30fe6f88ddb12274de45af4bfaf340.jpg,Biodiversity Heritage Library,https://eol.org/pages/1327063/media
231,https://content.eol.org/data/media/85/0c/29/7.CalPhotos_0000_0000_0117_1620.jpg,2017 Zoya Akulova,https://eol.org/pages/581918/media
231,https://content.eol.org/data/media/85/0c/2a/7.CalPhotos_0000_0000_0117_1621.jpg,2017 Zoya Akulova,https://eol.org/pages/581918/media
231,https://content.eol.org/data/media/85/10/b2/7.CalPhotos_0000_0000_0117_4710.jpg,2017 Zoya Akulova,https://eol.org/pages/581918/media
232,https://content.eol.org/data/media/d7/0d/98/542.670b3b05afd52e67ac08552dd9a6cdaf.jpg,Bernard DUPONT,https://eol.org/pages/5448620/media
232,https://content.eol.org/data/media/d8/f5/a3/542.dff1fc567f4b3f3edf7c219bbda27db8.jpg,Bernard DUPONT,https://eol.org/pages/5448620/media
232,https://content.eol.org/data/media/85/04/38/7.CalPhotos_0000_0000_0116_2091.jpg,2016 Zoya Akulova,https://eol.org/pages/5448620/media
233,https://content.eol.org/data/media/d5/82/bf/542.052912dea41a35eee430289df0e29213.jpg,Kurt Andreas,https://eol.org/pages/594885/media
233,https://content.eol.org/data/media/d6/48/1d/542.36201f2fc28808f2783658aad55a6c77.jpg,Ahmad Fuad Morad,https://eol.org/pages/594885/media
233,https://content.eol.org/data/media/db/0c/ea/542.647390744a950f03e1fcb06b6861777c.jpg,Mary Keim,https://eol.org/pages/594885/media
234,https://content.eol.org/data/media/9d/cf/38/851.120120-1_jpg.jpg,"Mark Hyde, Bart Wursten and Petra Ballings",https://eol.org/pages/72690/media
234,https://content.eol.org/data/media/a1/6f/42/913.55635.jpg,JC Schou,https://eol.org/pages/72690/media
234,https://content.eol.org/data/media/c4/c7/d6/607.http___bioimages_vanderbilt_edu_baskauf_10232.jpg,Steven J. Baskauf,https://eol.org/pages/72690/media
235,https://content.eol.org/data/media/99/25/db/84.CalPhotos_4444_4444_0510_1034.jpg,2010 Moorea Biocode,https://eol.org/pages/44527/media
235,https://content.eol.org/data/media/99/25/d6/84.CalPhotos_4444_4444_0510_1029.jpg,2010 Moorea Biocode,https://eol.org/pages/44527/media
235,https://content.eol.org/data/media/a1/aa/ce/913.86003.jpg,JK Overgaard,https://eol.org/pages/44527/media
236,https://content.eol.org/data/media/85/86/35/7.CalPhotos_0000_0000_0316_2561.jpg,2016 Zoya Akulova,https://eol.org/pages/578077/media
236,https://content.eol.org/data/media/85/86/36/7.CalPhotos_0000_0000_0316_2562.jpg,2016 Zoya Akulova,https://eol.org/pages/578077/media
236,https://content.eol.org/data/media/85/86/37/7.CalPhotos_0000_0000_0316_2563.jpg,2016 Zoya Akulova,https://eol.org/pages/578077/media
237,https://content.eol.org/data/media/d6/73/1e/542.40db65f49a90d37514db561bbd0ffdae.jpg,Sarah Gregg,https://eol.org/pages/2508590/media
237,https://content.eol.org/data/media/db/0c/a3/542.6464faf473fb9bfb8bac648b3a71e91b.jpg,Sarah Gregg,https://eol.org/pages/2508590/media
237,https://content.eol.org/data/media/d8/ac/a2/542.cda9f02499d922179b2d64eac7b04695.jpg,Sarah Gregg,https://eol.org/pages/2508590/media
238,https://content.eol.org/data/media/d5/bf/e9/542.14507615a93a6c983c21e47f8bf65a08.jpg,Biodiversity Heritage Library,https://eol.org/pages/581314/media
238,https://content.eol.org/data/media/d6/a1/45/542.4c2c5ff65c6be33aa4e17506de42096d.jpg,Biodiversity Heritage Library,https://eol.org/pages/581314/media
238,https://content.eol.org/data/media/d9/15/dc/542.e7eeb7196b65b918aa3b638e17ca1a93.jpg,TANAKA Juuyoh (),https://eol.org/pages/581314/media
240,https://content.eol.org/data/media/d6/b0/f6/542.501510271fd635df9a3fad2ac2c52f88.jpg,John Tann,https://eol.org/pages/579181/media
240,https://content.eol.org/data/media/d5/8a/db/542.073c6c857b5188dbe6be4e3381151e6f.jpg,Mauricio Mercadante,https://eol.org/pages/579181/media
240,https://content.eol.org/data/media/d5/de/59/542.1be69cf462098f5d32644b23f017b490.jpg,sarah faulwetter,https://eol.org/pages/579181/media
242,https://content.eol.org/data/media/99/53/19/84.CalPhotos_4444_4444_1110_0238.jpg,2010 Moorea Biocode,https://eol.org/pages/8193/media
242,https://content.eol.org/data/media/99/26/83/84.CalPhotos_4444_4444_0510_1202.jpg,2010 Moorea Biocode,https://eol.org/pages/8193/media
242,https://content.eol.org/data/media/99/3d/c5/84.CalPhotos_4444_4444_0811_0909.jpg,2010 Moorea Biocode,https://eol.org/pages/8193/media
243,https://content.eol.org/data/media/9d/d8/ab/851.127180-1_jpg.jpg,"Mark Hyde, Bart Wursten and Petra Ballings",https://eol.org/pages/53527/media
243,https://content.eol.org/data/media/c4/ce/0a/607.http___bioimages_vanderbilt_edu_baskauf_14775.jpg,Steven J. Baskauf,https://eol.org/pages/53527/media
243,https://content.eol.org/data/media/d5/8f/9b/542.08566f23563080bb178ec1f7daf90e78.jpg,Homer Edward Price,https://eol.org/pages/53527/media
245,https://content.eol.org/data/media/85/90/cd/7.CalPhotos_0000_0000_0318_1008.jpg,2018 Zoya Akulova,https://eol.org/pages/596888/media
245,https://content.eol.org/data/media/85/90/cf/7.CalPhotos_0000_0000_0318_1010.jpg,2018 Zoya Akulova,https://eol.org/pages/596888/media
245,https://content.eol.org/data/media/85/90/d0/7.CalPhotos_0000_0000_0318_1011.jpg,2018 Zoya Akulova,https://eol.org/pages/596888/media
246,https://content.eol.org/data/media/91/59/5c/657.21520190.jpg,"USDA, Forest Service",https://eol.org/pages/596915/media
246,https://content.eol.org/data/media/d9/b3/e9/542.0ef31ed15b0c447d2aa148d6f127dadf.jpg,Homer Edward Price,https://eol.org/pages/596915/media
246,https://content.eol.org/data/media/d6/6d/55/542.3f6fe3ae5f7fed2850df8c326316ce20.jpg,Mary Keim,https://eol.org/pages/596915/media
247,https://content.eol.org/data/media/86/d5/90/7.CalPhotos_0000_0000_0916_0228.jpg,2016 Zoya Akulova,https://eol.org/pages/5394782/media
247,https://content.eol.org/data/media/86/d5/91/7.CalPhotos_0000_0000_0916_0229.jpg,2016 Zoya Akulova,https://eol.org/pages/5394782/media
247,https://content.eol.org/data/media/86/d5/92/7.CalPhotos_0000_0000_0916_0230.jpg,2016 Zoya Akulova,https://eol.org/pages/5394782/media
248,https://content.eol.org/data/media/87/6e/2a/7.CalPhotos_0000_0000_1213_1105.jpg,2013 Dean Kelch,https://eol.org/pages/1135089/media
248,https://content.eol.org/data/media/85/ef/e8/7.CalPhotos_0000_0000_0513_1885.jpg,2013 Simon J. Tonge,https://eol.org/pages/1135089/media
248,https://content.eol.org/data/media/85/05/1a/7.CalPhotos_0000_0000_0116_2599.jpg,2016 Zoya Akulova,https://eol.org/pages/1135089/media
249,https://content.eol.org/data/media/d9/b2/eb/542.0eb4e6b75ed12f384d45258229572a41.jpg,Arthur Chapman,https://eol.org/pages/1135088/media
249,https://content.eol.org/data/media/d7/68/c8/542.7d6ac72d15c663c62260d8ff92ad7c89.jpg,Arthur Chapman,https://eol.org/pages/1135088/media
249,https://content.eol.org/data/media/d9/67/29/542.fc1037fbd0c9f767140e939b0cde5d13.jpg,Arthur Chapman,https://eol.org/pages/1135088/media
250,https://content.eol.org/data/media/8f/3d/fb/611.2096.jpg,Marco Schmidt,https://eol.org/pages/1135083/media
250,https://content.eol.org/data/media/87/86/27/7.CalPhotos_0000_0000_1216_3341.jpg,2016 Zoya Akulova,https://eol.org/pages/1135083/media
250,https://content.eol.org/data/media/87/86/28/7.CalPhotos_0000_0000_1216_3342.jpg,2016 Zoya Akulova,https://eol.org/pages/1135083/media
251,https://content.eol.org/data/media/d5/b2/df/542.111d9405d2375f252be204cd8d30af0e.jpg,Ahmad Fuad Morad,https://eol.org/pages/1135082/media
251,https://content.eol.org/data/media/d6/30/13/542.301b37f9c97f6b687854bed6158db5c1.jpg,Ahmad Fuad Morad,https://eol.org/pages/1135082/media
251,https://content.eol.org/data/media/d6/cb/f1/542.56cf5a57b35495b3b010fc39e5c8b1eb.jpg,Ahmad Fuad Morad,https://eol.org/pages/1135082/media
252,https://content.eol.org/data/media/61/a2/b4/18.4667b3987b29b77e45ec70604dffc8b6.jpg,Phuentsho,https://eol.org/pages/1135081/media
252,https://content.eol.org/data/media/71/4f/c0/18.9dfa2dd25420af54b9ec2ac1ae9e9727.jpg,Aniruddha Singhamahapatra,https://eol.org/pages/1135081/media
252,https://content.eol.org/data/media/55/bc/af/509.2327b7268f16e4fa94048f62173a91bf.jpg,Raffi Kojian,https://eol.org/pages/1135081/media
253,https://content.eol.org/data/media/d6/f4/5c/542.60ab0d6e52cc3110465cae052fab3f11.jpg,Jess Barranco Reyes,https://eol.org/pages/323436/media
253,https://content.eol.org/data/media/d7/8f/fc/542.8730b9e98cac39521c32c8439f4e6fed.jpg,Jess Barranco Reyes,https://eol.org/pages/323436/media
253,https://content.eol.org/data/media/d7/cf/0d/542.96cc1a68850cfcad9d70fc8ed35e72ed.jpg,Luis Mata,https://eol.org/pages/323436/media
254,https://content.eol.org/data/media/85/8a/ec/7.CalPhotos_0000_0000_0317_0904.jpg,2017 Zoya Akulova,https://eol.org/pages/47105642/media
254,https://content.eol.org/data/media/85/8a/eb/7.CalPhotos_0000_0000_0317_0903.jpg,2017 Zoya Akulova,https://eol.org/pages/47105642/media
254,https://content.eol.org/data/media/85/8a/ed/7.CalPhotos_0000_0000_0317_0905.jpg,2017 Zoya Akulova,https://eol.org/pages/47105642/media
255,https://content.eol.org/data/media/87/18/14/7.CalPhotos_0000_0000_1105_0359.jpg,2005 Luigi Rignanese,https://eol.org/pages/1033600/media
255,https://content.eol.org/data/media/85/d1/80/7.CalPhotos_0000_0000_0505_1213.jpg,2005 Luigi Rignanese,https://eol.org/pages/1033600/media
255,https://content.eol.org/data/media/85/9b/8c/7.CalPhotos_0000_0000_0405_2048.jpg,2005 Luigi Rignanese,https://eol.org/pages/1033600/media
256,https://content.eol.org/data/media/d9/b2/9e/542.0ea3ff608c733f122bd3511bbd26cf98.jpg,Biodiversity Heritage Library,https://eol.org/pages/999491/media
256,https://content.eol.org/data/media/d5/d0/76/542.186d27c7988251af1b5c728060f60591.jpg,Stefano,https://eol.org/pages/999491/media
256,https://content.eol.org/data/media/d5/ec/69/542.1f6942995c4bf3a3d1737e94f06104ef.jpg,Jos Mara Escolano,https://eol.org/pages/999491/media
257,https://content.eol.org/data/media/87/77/74/7.CalPhotos_0000_0000_1215_1133.jpg,2015 Zoya Akulova,https://eol.org/pages/1061749/media
257,https://content.eol.org/data/media/88/68/02/7.CalPhotos_8253_3202_3491_0029.jpg,1999 California Academy of Sciences,https://eol.org/pages/1061749/media
257,https://content.eol.org/data/media/88/66/84/7.CalPhotos_8253_3202_0971_0031.jpg,1999 California Academy of Sciences,https://eol.org/pages/1061749/media
258,https://content.eol.org/data/media/d7/68/fb/542.7d74dd669663f68b920c9d30777fc2b3.jpg,Biodiversity Heritage Library,https://eol.org/pages/1033069/media
258,https://content.eol.org/data/media/87/86/1f/7.CalPhotos_0000_0000_1216_3333.jpg,2016 Zoya Akulova,https://eol.org/pages/1033069/media
258,https://content.eol.org/data/media/87/86/20/7.CalPhotos_0000_0000_1216_3334.jpg,2016 Zoya Akulova,https://eol.org/pages/1033069/media
259,https://content.eol.org/data/media/85/fe/0d/7.CalPhotos_0000_0000_0516_1850.jpg,2016 Zoya Akulova,https://eol.org/pages/1033637/media
259,https://content.eol.org/data/media/d5/cc/3e/542.175745d97eca008ef4a870c960acd035.jpg,Drew Avery,https://eol.org/pages/1033637/media
259,https://content.eol.org/data/media/da/1c/96/542.2901820cfad70edabc211a9f49756439.jpg,Drew Avery,https://eol.org/pages/1033637/media
260,https://content.eol.org/data/media/88/5a/b0/7.CalPhotos_8120_3181_4563_0055.jpg,1998 California Academy of Sciences,https://eol.org/pages/1059927/media
260,https://content.eol.org/data/media/88/36/fc/7.CalPhotos_6666_6666_0610_0209.jpg,2010 California Academy of Sciences,https://eol.org/pages/1059927/media
260,https://content.eol.org/data/media/87/f1/32/7.CalPhotos_1342_3162_2710_0117.jpg,2007 California Academy of Sciences,https://eol.org/pages/1059927/media
261,https://content.eol.org/data/media/87/6b/bf/7.CalPhotos_0000_0000_1212_2097.jpg,2012 Ron Vanderhoff,https://eol.org/pages/483509/media
261,https://content.eol.org/data/media/87/6b/c0/7.CalPhotos_0000_0000_1212_2099.jpg,2012 Ron Vanderhoff,https://eol.org/pages/483509/media
261,https://content.eol.org/data/media/85/02/0c/7.CalPhotos_0000_0000_0116_0859.jpg,2016 Zoya Akulova,https://eol.org/pages/483509/media
262,https://content.eol.org/data/media/85/8b/05/7.CalPhotos_0000_0000_0317_0929.jpg,2017 Zoya Akulova,https://eol.org/pages/5555698/media
262,https://content.eol.org/data/media/85/8b/08/7.CalPhotos_0000_0000_0317_0932.jpg,2017 Zoya Akulova,https://eol.org/pages/5555698/media
262,https://content.eol.org/data/media/85/8b/06/7.CalPhotos_0000_0000_0317_0930.jpg,2017 Zoya Akulova,https://eol.org/pages/5555698/media
263,https://content.eol.org/data/media/85/03/3f/7.CalPhotos_0000_0000_0116_1577.jpg,2016 Zoya Akulova,https://eol.org/pages/486199/media
263,https://content.eol.org/data/media/85/12/db/7.CalPhotos_0000_0000_0118_1967.jpg,2018 Zoya Akulova,https://eol.org/pages/486199/media
263,https://content.eol.org/data/media/85/c1/48/7.CalPhotos_0000_0000_0416_1016.jpg,2016 Zoya Akulova,https://eol.org/pages/486199/media
264,https://content.eol.org/data/media/d5/98/4a/542.0a782ef767feb417764dfbc8188b241b.jpg,Arthur Chapman,https://eol.org/pages/583390/media
264,https://content.eol.org/data/media/d6/ff/6f/542.637a8179e86aac6d98a3309d903527d2.jpg,Tyrrhium,https://eol.org/pages/583390/media
264,https://content.eol.org/data/media/d7/c0/90/542.93535189744eaf30199734263a020128.jpg,Arthur Chapman,https://eol.org/pages/583390/media
265,https://content.eol.org/data/media/d6/49/aa/542.36863b76d80fdc59ad5320b308183fcd.jpg,Arthur Chapman,https://eol.org/pages/583391/media
265,https://content.eol.org/data/media/d6/4b/5d/542.36ef3be0ec26266d6c57367daec25653.jpg,John Tann,https://eol.org/pages/583391/media
265,https://content.eol.org/data/media/d6/ce/67/542.5767d61cf9bfa580964bebb14eb262b5.jpg,John Tann,https://eol.org/pages/583391/media
266,https://content.eol.org/data/media/d7/ab/e9/542.8e34f12e8bb606e7056c0a29274cbe7f.jpg,Biodiversity Heritage Library,https://eol.org/pages/47136685/media
266,https://content.eol.org/data/media/8f/3b/57/611.10772.jpg,Günter Baumann,https://eol.org/pages/47136685/media
266,https://content.eol.org/data/media/8f/3b/58/611.10773.jpg,Günter Baumann,https://eol.org/pages/47136685/media
268,https://content.eol.org/data/media/85/d0/f6/7.CalPhotos_0000_0000_0505_0789.jpg,2005 Luigi Rignanese,https://eol.org/pages/49950980/media
268,https://content.eol.org/data/media/85/d0/f7/7.CalPhotos_0000_0000_0505_0791.jpg,2005 Luigi Rignanese,https://eol.org/pages/49950980/media
268,https://content.eol.org/data/media/85/d0/f8/7.CalPhotos_0000_0000_0505_0792.jpg,2005 Luigi Rignanese,https://eol.org/pages/49950980/media
271,https://content.eol.org/data/media/85/6b/5b/7.CalPhotos_0000_0000_0312_0512.jpg,2012 Zoya Akulova,https://eol.org/pages/5348089/media
271,https://content.eol.org/data/media/85/6b/5a/7.CalPhotos_0000_0000_0312_0511.jpg,2012 Zoya Akulova,https://eol.org/pages/5348089/media
271,https://content.eol.org/data/media/56/f7/b8/18.0ac9b915072feda092b243f4dacf3906.jpg,Neptalí Ramírez Marcial,https://eol.org/pages/5348089/media
272,https://content.eol.org/data/media/87/86/b2/7.CalPhotos_0000_0000_1216_3674.jpg,2016 Zoya Akulova,https://eol.org/pages/594707/media
272,https://content.eol.org/data/media/86/d6/ec/7.CalPhotos_0000_0000_0916_0695.jpg,2016 Keir Morse,https://eol.org/pages/594707/media
272,https://content.eol.org/data/media/87/6c/d9/7.CalPhotos_0000_0000_1212_2630.jpg,2012 Daniel Passarini,https://eol.org/pages/594707/media
274,https://content.eol.org/data/media/84/f7/94/7.CalPhotos_0000_0000_0114_3127.jpg,2014 Nick Kurzenko,https://eol.org/pages/323359/media
274,https://content.eol.org/data/media/84/f7/95/7.CalPhotos_0000_0000_0114_3129.jpg,2014 Nick Kurzenko,https://eol.org/pages/323359/media
274,https://content.eol.org/data/media/84/f7/96/7.CalPhotos_0000_0000_0114_3130.jpg,2014 Nick Kurzenko,https://eol.org/pages/323359/media
275,https://content.eol.org/data/media/86/67/25/7.CalPhotos_0000_0000_0716_1588.jpg,2016 Zoya Akulova,https://eol.org/pages/1033708/media
275,https://content.eol.org/data/media/86/d5/95/7.CalPhotos_0000_0000_0916_0233.jpg,2016 Zoya Akulova,https://eol.org/pages/1033708/media
275,https://content.eol.org/data/media/87/0f/96/7.CalPhotos_0000_0000_1017_0971.jpg,2017 Zoya Akulova,https://eol.org/pages/1033708/media
276,https://content.eol.org/data/media/87/71/7a/7.CalPhotos_0000_0000_1214_0877.jpg,2014 Keir Morse,https://eol.org/pages/416627/media
276,https://content.eol.org/data/media/85/e1/be/7.CalPhotos_0000_0000_0510_1957.jpg,2010 Steve Matson,https://eol.org/pages/416627/media
276,https://content.eol.org/data/media/87/14/8b/7.CalPhotos_0000_0000_1102_1278.jpg,2002 Gary A. Monroe,https://eol.org/pages/416627/media
277,https://content.eol.org/data/media/9d/d5/73/851.125480-1_jpg.jpg,"Mark Hyde, Bart Wursten and Petra Ballings",https://eol.org/pages/39934521/media
277,https://content.eol.org/data/media/a1/2d/a5/913.17180.jpg,N Sloth,https://eol.org/pages/39934521/media
277,https://content.eol.org/data/media/c4/dc/01/607.http___bioimages_vanderbilt_edu_baskauf_32636.jpg,Steven J. Baskauf,https://eol.org/pages/39934521/media
278,https://content.eol.org/data/media/85/52/3c/7.CalPhotos_0000_0000_0218_0284.jpg,2018 Zoya Akulova,https://eol.org/pages/301091/media
278,https://content.eol.org/data/media/85/c1/49/7.CalPhotos_0000_0000_0416_1018.jpg,2016 Zoya Akulova,https://eol.org/pages/301091/media
278,https://content.eol.org/data/media/86/b6/c7/7.CalPhotos_0000_0000_0905_1278.jpg,2005 Luigi Rignanese,https://eol.org/pages/301091/media
279,https://content.eol.org/data/media/d6/1a/43/542.2ab9c3ff273b001013f1c8ecf9a87415.jpg,Mary Keim,https://eol.org/pages/301110/media
279,https://content.eol.org/data/media/d6/a7/30/542.4da3ddbbba55eed9e2375f8ab626962b.jpg,Homer Edward Price,https://eol.org/pages/301110/media
279,https://content.eol.org/data/media/d7/29/70/542.6df13150349bbe50263c2fd33663c547.jpg,Homer Edward Price,https://eol.org/pages/301110/media
280,https://content.eol.org/data/media/85/01/3f/7.CalPhotos_0000_0000_0116_0415.jpg,2016 Zoya Akulova,https://eol.org/pages/301112/media
280,https://content.eol.org/data/media/20/77/e4/549.BI-image-11618.jpg,,https://eol.org/pages/301112/media
280,https://content.eol.org/data/media/20/77/ef/549.BI-image-11619.jpg,,https://eol.org/pages/301112/media
284,https://content.eol.org/data/media/a0/ea/65/913.109229.jpg,JC Schou,https://eol.org/pages/301139/media
284,https://content.eol.org/data/media/21/d9/8e/549.BI-image-71311.jpg,,https://eol.org/pages/301139/media
284,https://content.eol.org/data/media/a1/4c/88/913.37653.jpg,N Sloth,https://eol.org/pages/301139/media
285,https://content.eol.org/data/media/d5/88/ef/542.06c4978c142fe6eeb422a286994175d2.jpg,John Rusk,https://eol.org/pages/11165073/media
285,https://content.eol.org/data/media/87/f5/6f/7.CalPhotos_1351_3151_4005_0041.jpg,2005 California Academy of Sciences,https://eol.org/pages/11165073/media
285,https://content.eol.org/data/media/87/f5/70/7.CalPhotos_1351_3151_4005_0042.jpg,2005 California Academy of Sciences,https://eol.org/pages/11165073/media
286,https://content.eol.org/data/media/5a/40/f5/18.1d0e84f2412ad9c8dee162ea67af3851.jpg,ingaderuyter,https://eol.org/pages/1245549/media
286,https://content.eol.org/data/media/5e/ac/91/18.35d748352409ed304ab3768e201ef550.jpg,Teresa Finnern,https://eol.org/pages/1245549/media
286,https://content.eol.org/data/media/5e/c6/84/18.36690afec99943d6c0edf5d226cc93f2.jpg,andyjones1,https://eol.org/pages/1245549/media
287,https://content.eol.org/data/media/5c/1d/24/18.277362f5b61df9ff49197b42ef43feeb.jpg,josecosta1,https://eol.org/pages/640257/media
287,https://content.eol.org/data/media/5e/6c/76/18.346db00e885020e44209163db79bf49b.jpg,Duarte Frade,https://eol.org/pages/640257/media
287,https://content.eol.org/data/media/64/22/a0/18.545f884d3fc43ecb0c95a42dd3766a70.jpg,josecosta1,https://eol.org/pages/640257/media
288,https://content.eol.org/data/media/85/8d/09/7.CalPhotos_0000_0000_0317_1543.jpg,2017 Zoya Akulova,https://eol.org/pages/631649/media
288,https://content.eol.org/data/media/d8/11/bf/542.a73b01c6438c56598fa803d3d3c6042c.jpg,Stefano,https://eol.org/pages/631649/media
288,https://content.eol.org/data/media/85/52/16/7.CalPhotos_0000_0000_0218_0244.jpg,2018 Zoya Akulova,https://eol.org/pages/631649/media
290,https://content.eol.org/data/media/8f/3f/e1/611.3043.jpg,Marco Schmidt,https://eol.org/pages/2508593/media
290,https://content.eol.org/data/media/d5/94/8e/542.098dd45376b41797575feef5b25366f9.jpg,Ahmad Fuad Morad,https://eol.org/pages/2508593/media
290,https://content.eol.org/data/media/d5/b1/dd/542.10ddef65592a12a1f4360cc14db5a2cb.jpg,Arthur Chapman,https://eol.org/pages/2508593/media
291,https://content.eol.org/data/media/d5/8a/c9/542.0738682f3b66f8539e0f094cac4ca5ed.jpg,Kurt Andreas,https://eol.org/pages/299081/media
291,https://content.eol.org/data/media/d5/bf/24/542.141af27271097d96fd79583cd16b27fb.jpg,Kurt Andreas,https://eol.org/pages/299081/media
291,https://content.eol.org/data/media/d6/02/0e/542.24cf2ee62c9696d9b5c03060cd77acba.jpg,Kurt Andreas,https://eol.org/pages/299081/media
292,https://content.eol.org/data/media/85/10/15/7.CalPhotos_0000_0000_0117_4129.jpg,2017 Zoya Akulova,https://eol.org/pages/49271488/media
292,https://content.eol.org/data/media/85/10/16/7.CalPhotos_0000_0000_0117_4130.jpg,2017 Zoya Akulova,https://eol.org/pages/49271488/media
292,https://content.eol.org/data/media/85/8d/26/7.CalPhotos_0000_0000_0317_1636.jpg,2017 Zoya Akulova,https://eol.org/pages/49271488/media
293,https://content.eol.org/data/media/88/40/97/7.CalPhotos_6666_6666_0814_0135.jpg,2014 California Academy of Sciences,https://eol.org/pages/1151806/media
293,https://content.eol.org/data/media/88/2b/db/7.CalPhotos_6666_6666_0414_0371.jpg,2014 California Academy of Sciences,https://eol.org/pages/1151806/media
293,https://content.eol.org/data/media/88/19/be/7.CalPhotos_6666_6666_0116_0180.jpg,2016 California Academy of Sciences,https://eol.org/pages/1151806/media
294,https://content.eol.org/data/media/87/39/33/7.CalPhotos_0000_0000_1115_1606.jpg,2015 Keir Morse,https://eol.org/pages/1151633/media
294,https://content.eol.org/data/media/87/39/2a/7.CalPhotos_0000_0000_1115_1595.jpg,2015 Keir Morse,https://eol.org/pages/1151633/media
294,https://content.eol.org/data/media/87/39/2b/7.CalPhotos_0000_0000_1115_1598.jpg,2015 Keir Morse,https://eol.org/pages/1151633/media
295,https://content.eol.org/data/media/d9/b1/ea/542.0e7a8e4ecaa47759422717bcdabd07e9.jpg,Jos Mara Escolano,https://eol.org/pages/1151536/media
295,https://content.eol.org/data/media/d5/f3/c0/542.2144cf4392f2beb049a82f74be615fa1.jpg,Jos Mara Escolano,https://eol.org/pages/1151536/media
295,https://content.eol.org/data/media/d6/68/27/542.3e2a54c38c51377eba283df96c1da531.jpg,Jos Mara Escolano,https://eol.org/pages/1151536/media
296,https://content.eol.org/data/media/87/5d/a8/7.CalPhotos_0000_0000_1208_3288.jpg,2008 Keir Morse,https://eol.org/pages/1151479/media
296,https://content.eol.org/data/media/85/16/62/7.CalPhotos_0000_0000_0205_0087.jpg,2005 Gary A. Monroe,https://eol.org/pages/1151479/media
296,https://content.eol.org/data/media/88/66/3d/7.CalPhotos_8253_3202_0180_0091.jpg,1999 California Academy of Sciences,https://eol.org/pages/1151479/media
297,https://content.eol.org/data/media/86/22/52/7.CalPhotos_0000_0000_0611_2357.jpg,2011 Barry Rice,https://eol.org/pages/1151259/media
297,https://content.eol.org/data/media/d6/3c/de/542.3350c7556db3b2185934915dcff56b5e.jpg,Antnio Pena,https://eol.org/pages/1151259/media
297,https://content.eol.org/data/media/d6/8b/31/542.46daff3c3c385478f09474f1d8bddd43.jpg,Sarah Gregg,https://eol.org/pages/1151259/media
298,https://content.eol.org/data/media/85/f3/10/7.CalPhotos_0000_0000_0514_1443.jpg,2014 Steve Matson,https://eol.org/pages/1151230/media
298,https://content.eol.org/data/media/85/f3/12/7.CalPhotos_0000_0000_0514_1445.jpg,2014 Steve Matson,https://eol.org/pages/1151230/media
298,https://content.eol.org/data/media/87/38/b2/7.CalPhotos_0000_0000_1115_1432.jpg,2015 Keir Morse,https://eol.org/pages/1151230/media
299,https://content.eol.org/data/media/85/06/83/7.CalPhotos_0000_0000_0116_3589.jpg,2016 Zoya Akulova,https://eol.org/pages/241669/media
299,https://content.eol.org/data/media/85/0c/9f/7.CalPhotos_0000_0000_0117_1739.jpg,2017 Zoya Akulova,https://eol.org/pages/241669/media
299,https://content.eol.org/data/media/85/0c/a0/7.CalPhotos_0000_0000_0117_1740.jpg,2017 Zoya Akulova,https://eol.org/pages/241669/media
300,https://content.eol.org/data/media/85/03/38/7.CalPhotos_0000_0000_0116_1570.jpg,2016 Zoya Akulova,https://eol.org/pages/2895140/media
300,https://content.eol.org/data/media/85/04/ee/7.CalPhotos_0000_0000_0116_2535.jpg,2016 Zoya Akulova,https://eol.org/pages/2895140/media
300,https://content.eol.org/data/media/85/04/ef/7.CalPhotos_0000_0000_0116_2536.jpg,2016 Zoya Akulova,https://eol.org/pages/2895140/media
301,https://content.eol.org/data/media/85/93/12/7.CalPhotos_0000_0000_0318_1757.jpg,2018 Zoya Akulova,https://eol.org/pages/1131993/media
301,https://content.eol.org/data/media/65/2a/ef/18.5a29516f121658d298150ab8fdedca03.jpg,tangatawhenua,https://eol.org/pages/1131993/media
301,https://content.eol.org/data/media/72/ca/9f/18.a6395727957ab34db5341663a236d5ae.jpg,tangatawhenua,https://eol.org/pages/1131993/media
302,https://content.eol.org/data/media/85/fd/29/7.CalPhotos_0000_0000_0516_1208.jpg,2016 Zoya Akulova,https://eol.org/pages/49133015/media
302,https://content.eol.org/data/media/85/fd/2a/7.CalPhotos_0000_0000_0516_1209.jpg,2016 Zoya Akulova,https://eol.org/pages/49133015/media
303,https://content.eol.org/data/media/dd/4e/d3/542.f3966627be81f50272fbd8eadbf0c744.jpg,Biodiversity Heritage Library,https://eol.org/pages/704089/media
303,https://content.eol.org/data/media/85/05/39/7.CalPhotos_0000_0000_0116_2643.jpg,2016 Zoya Akulova,https://eol.org/pages/704089/media
303,https://content.eol.org/data/media/85/07/0b/7.CalPhotos_0000_0000_0116_3969.jpg,2016 Zoya Akulova,https://eol.org/pages/704089/media
304,https://content.eol.org/data/media/d5/9f/c4/542.0c4e6e688245faca818372fd50fcfd65.jpg,Dick Culbert,https://eol.org/pages/1131526/media
304,https://content.eol.org/data/media/d5/be/f4/542.140f5fe0aec1af69e65b8ef27c60eac5.jpg,Juniperus_scopulorum,https://eol.org/pages/1131526/media
304,https://content.eol.org/data/media/d6/0a/6e/542.26dac7f85b54073614d16871ab91e116.jpg,Juniperus_scopulorum,https://eol.org/pages/1131526/media
305,https://content.eol.org/data/media/85/4d/37/7.CalPhotos_0000_0000_0217_1340.jpg,2017 Zoya Akulova,https://eol.org/pages/47108280/media
305,https://content.eol.org/data/media/85/4d/38/7.CalPhotos_0000_0000_0217_1341.jpg,2017 Zoya Akulova,https://eol.org/pages/47108280/media
305,https://content.eol.org/data/media/85/4d/39/7.CalPhotos_0000_0000_0217_1342.jpg,2017 Zoya Akulova,https://eol.org/pages/47108280/media
306,https://content.eol.org/data/media/d5/8b/94/542.0763ec2a0e273d99d2123b3cedfeda92.jpg,Mauricio Mercadante,https://eol.org/pages/1150882/media
306,https://content.eol.org/data/media/db/00/42/542.6142cd6082a62c30b72ddbf558f5394f.jpg,Dick Culbert,https://eol.org/pages/1150882/media
306,https://content.eol.org/data/media/db/02/0c/542.61bca84c68acf7e8c7a354f8f64a527b.jpg,Ahmad Fuad Morad,https://eol.org/pages/1150882/media
307,https://content.eol.org/data/media/85/02/f8/7.CalPhotos_0000_0000_0116_1381.jpg,2016 Zoya Akulova,https://eol.org/pages/582275/media
307,https://content.eol.org/data/media/85/4e/33/7.CalPhotos_0000_0000_0217_1655.jpg,2017 Ron Vanderhoff,https://eol.org/pages/582275/media
307,https://content.eol.org/data/media/85/fe/13/7.CalPhotos_0000_0000_0516_1856.jpg,2016 Zoya Akulova,https://eol.org/pages/582275/media
308,https://content.eol.org/data/media/91/38/c9/655.13093940.jpg,Universidade Estadual de CAMPINAS,https://eol.org/pages/49905957/media
309,https://content.eol.org/data/media/86/9e/ab/7.CalPhotos_0000_0000_0815_2202.jpg,2015 Aaron Echols,https://eol.org/pages/582276/media
309,https://content.eol.org/data/media/87/47/b9/7.CalPhotos_0000_0000_1117_1429.jpg,2017 Ron Vanderhoff,https://eol.org/pages/582276/media
309,https://content.eol.org/data/media/87/47/ba/7.CalPhotos_0000_0000_1117_1430.jpg,2017 Ron Vanderhoff,https://eol.org/pages/582276/media
310,https://content.eol.org/data/media/85/ab/9f/7.CalPhotos_0000_0000_0412_0254.jpg,2012 Daniel Passarini,https://eol.org/pages/1034849/media
310,https://content.eol.org/data/media/88/67/8a/7.CalPhotos_8253_3202_3490_0037.jpg,1999 California Academy of Sciences,https://eol.org/pages/1034849/media
310,https://content.eol.org/data/media/87/4d/15/7.CalPhotos_0000_0000_1202_1103.jpg,1975 Gary A. Monroe,https://eol.org/pages/1034849/media
311,https://content.eol.org/data/media/d6/8f/99/542.47e48119de5273424db2da952e8d1be9.jpg,Biodiversity Heritage Library,https://eol.org/pages/702857/media
311,https://content.eol.org/data/media/85/11/ec/7.CalPhotos_0000_0000_0118_1403.jpg,2018 Zoya Akulova,https://eol.org/pages/702857/media
311,https://content.eol.org/data/media/86/6c/96/7.CalPhotos_0000_0000_0716_3635.jpg,2016 Zoya Akulova,https://eol.org/pages/702857/media
312,https://content.eol.org/data/media/85/46/29/7.CalPhotos_0000_0000_0216_2199.jpg,2016 Zoya Akulova,https://eol.org/pages/577860/media
312,https://content.eol.org/data/media/85/46/2a/7.CalPhotos_0000_0000_0216_2200.jpg,2016 Zoya Akulova,https://eol.org/pages/577860/media
312,https://content.eol.org/data/media/85/46/2b/7.CalPhotos_0000_0000_0216_2201.jpg,2016 Zoya Akulova,https://eol.org/pages/577860/media
313,https://content.eol.org/data/media/d8/c2/8b/542.d31a5c61e0c0e8370080a7516f60339b.jpg,Werner Madritsch,https://eol.org/pages/483203/media
313,https://content.eol.org/data/media/5d/0a/a5/18.2ca9718c2fd201a66e8b87856a1856ec.jpg,johanbaard,https://eol.org/pages/483203/media
313,https://content.eol.org/data/media/61/98/5b/18.462bf31ee2bc821db4e1cd849badf507.jpg,Nicola van Berkel,https://eol.org/pages/483203/media
314,https://content.eol.org/data/media/dc/8c/35/542.c34eb8c65020b60781f5ec457d8dfd30.jpg,Biodiversity Heritage Library,https://eol.org/pages/582737/media
314,https://content.eol.org/data/media/85/52/17/7.CalPhotos_0000_0000_0218_0245.jpg,2018 Zoya Akulova,https://eol.org/pages/582737/media
314,https://content.eol.org/data/media/85/52/18/7.CalPhotos_0000_0000_0218_0246.jpg,2018 Zoya Akulova,https://eol.org/pages/582737/media
315,https://content.eol.org/data/media/d5/79/a8/542.02f2248a7cf2c5ad21aeef0f452c5281.jpg,"Kai Yan,  Joseph Wong",https://eol.org/pages/345179/media
315,https://content.eol.org/data/media/86/36/c7/7.CalPhotos_0000_0000_0616_0266.jpg,2016 Zoya Akulova,https://eol.org/pages/345179/media
315,https://content.eol.org/data/media/86/36/c8/7.CalPhotos_0000_0000_0616_0267.jpg,2016 Zoya Akulova,https://eol.org/pages/345179/media
318,https://content.eol.org/data/media/87/6b/c2/7.CalPhotos_0000_0000_1212_2105.jpg,2012 Ron Vanderhoff,https://eol.org/pages/1129524/media
318,https://content.eol.org/data/media/d5/86/7a/542.062542db30bdd3909d4ae48e804f16f9.jpg,mauroguanandi,https://eol.org/pages/1129524/media
318,https://content.eol.org/data/media/d5/93/f7/542.0965944b14725e3bc43591d62e037b62.jpg,Jon Sullivan,https://eol.org/pages/1129524/media
319,https://content.eol.org/data/media/d9/ed/49/542.1d3d9803593d7edd6c4973d0b0cdcd5c.jpg,John Tann,https://eol.org/pages/2508667/media
319,https://content.eol.org/data/media/d7/20/bf/542.6bcd4936a277887e737f71e921e2ddf2.jpg,smallcurio,https://eol.org/pages/2508667/media
319,https://content.eol.org/data/media/9e/01/1c/851.164040-1_jpg.jpg,"Mark Hyde, Bart Wursten and Petra Ballings",https://eol.org/pages/2508667/media
321,https://content.eol.org/data/media/99/26/12/84.CalPhotos_4444_4444_0510_1089.jpg,2010 Moorea Biocode,https://eol.org/pages/11894339/media
321,https://content.eol.org/data/media/99/3d/94/84.CalPhotos_4444_4444_0811_0860.jpg,2010 Moorea Biocode,https://eol.org/pages/11894339/media
321,https://content.eol.org/data/media/99/25/ec/84.CalPhotos_4444_4444_0510_1051.jpg,2010 Moorea Biocode,https://eol.org/pages/11894339/media
322,https://content.eol.org/data/media/d5/a3/29/542.0d267e8503ecb2cc02d9869930a22a9d.jpg,Mary Keim,https://eol.org/pages/1061709/media
322,https://content.eol.org/data/media/d6/35/c5/542.318f795c24826e43d404ff31e30d9620.jpg,Mary Keim,https://eol.org/pages/1061709/media
322,https://content.eol.org/data/media/d6/67/fe/542.3e224e91addfeb7404d78e1e21f03b49.jpg,Mary Keim,https://eol.org/pages/1061709/media
324,https://content.eol.org/data/media/d6/a3/07/542.4ca67b710592b17923588e6af50c2f11.jpg,Dick Culbert,https://eol.org/pages/578225/media
324,https://content.eol.org/data/media/d6/7f/b6/542.43fea60045a18157691dbd87bbfb7913.jpg,Gabriela F. Ruellan,https://eol.org/pages/578225/media
324,https://content.eol.org/data/media/d8/8e/8b/542.c652e9f686c8f10f2250811e6cf8d75a.jpg,Biodiversity Heritage Library,https://eol.org/pages/578225/media
325,https://content.eol.org/data/media/84/f7/9a/7.CalPhotos_0000_0000_0114_3134.jpg,2014 Nick Kurzenko,https://eol.org/pages/1034927/media
325,https://content.eol.org/data/media/84/f7/9b/7.CalPhotos_0000_0000_0114_3135.jpg,2014 Nick Kurzenko,https://eol.org/pages/1034927/media
325,https://content.eol.org/data/media/85/0e/47/7.CalPhotos_0000_0000_0117_2867.jpg,2017 Zoya Akulova,https://eol.org/pages/1034927/media
326,https://content.eol.org/data/media/c4/c7/d1/607.http___bioimages_vanderbilt_edu_baskauf_10220.jpg,Steven J. Baskauf,https://eol.org/pages/584834/media
326,https://content.eol.org/data/media/d6/43/fe/542.35279dce8b4d94fd9ae758cae2c682c4.jpg,Mary Keim,https://eol.org/pages/584834/media
326,https://content.eol.org/data/media/c4/c9/83/607.http___bioimages_vanderbilt_edu_baskauf_11463.jpg,Steven J. Baskauf,https://eol.org/pages/584834/media
327,https://content.eol.org/data/media/86/38/bf/7.CalPhotos_0000_0000_0616_1056.jpg,2016 Zoya Akulova,https://eol.org/pages/638623/media
327,https://content.eol.org/data/media/85/bf/8d/7.CalPhotos_0000_0000_0416_0452.jpg,2016 Zoya Akulova,https://eol.org/pages/638623/media
327,https://content.eol.org/data/media/85/52/38/7.CalPhotos_0000_0000_0218_0280.jpg,2018 Zoya Akulova,https://eol.org/pages/638623/media
328,https://content.eol.org/data/media/87/82/f7/7.CalPhotos_0000_0000_1216_1041.jpg,2016 Zoya Akulova,https://eol.org/pages/1128696/media
328,https://content.eol.org/data/media/87/07/90/7.CalPhotos_0000_0000_1016_1432.jpg,2016 Zoya Akulova,https://eol.org/pages/1128696/media
328,https://content.eol.org/data/media/87/07/91/7.CalPhotos_0000_0000_1016_1433.jpg,2016 Zoya Akulova,https://eol.org/pages/1128696/media
329,https://content.eol.org/data/media/85/04/ce/7.CalPhotos_0000_0000_0116_2471.jpg,2016 Zoya Akulova,https://eol.org/pages/5461008/media
329,https://content.eol.org/data/media/85/01/4a/7.CalPhotos_0000_0000_0116_0428.jpg,2016 Zoya Akulova,https://eol.org/pages/5461008/media
329,https://content.eol.org/data/media/85/fd/84/7.CalPhotos_0000_0000_0516_1330.jpg,2016 Zoya Akulova,https://eol.org/pages/5461008/media
330,https://content.eol.org/data/media/87/43/fd/7.CalPhotos_0000_0000_1116_2747.jpg,2016 Zoya Akulova,https://eol.org/pages/595062/media
330,https://content.eol.org/data/media/85/00/7d/7.CalPhotos_0000_0000_0116_0077.jpg,2016 Zoya Akulova,https://eol.org/pages/595062/media
330,https://content.eol.org/data/media/85/03/05/7.CalPhotos_0000_0000_0116_1451.jpg,2016 Zoya Akulova,https://eol.org/pages/595062/media
334,https://content.eol.org/data/media/85/0f/dc/7.CalPhotos_0000_0000_0117_3881.jpg,2017 Zoya Akulova,https://eol.org/pages/594950/media
334,https://content.eol.org/data/media/85/bc/14/7.CalPhotos_0000_0000_0415_0641.jpg,2015 Steve Matson,https://eol.org/pages/594950/media
334,https://content.eol.org/data/media/85/bc/15/7.CalPhotos_0000_0000_0415_0642.jpg,2015 Steve Matson,https://eol.org/pages/594950/media
335,https://content.eol.org/data/media/88/6d/50/7.CalPhotos_8253_3202_4146_0088.jpg,1999 California Academy of Sciences,https://eol.org/pages/596841/media
335,https://content.eol.org/data/media/87/6c/db/7.CalPhotos_0000_0000_1212_2632.jpg,2012 Daniel Passarini,https://eol.org/pages/596841/media
335,https://content.eol.org/data/media/87/24/87/7.CalPhotos_0000_0000_1109_2315.jpg,2009 Barry Breckling,https://eol.org/pages/596841/media
338,https://content.eol.org/data/media/9f/65/3e/600.22397757.jpg,,https://eol.org/pages/490016/media
338,https://content.eol.org/data/media/a0/f0/49/913.11158.jpg,JC Schou,https://eol.org/pages/490016/media
338,https://content.eol.org/data/media/c4/de/e3/607.http___bioimages_vanderbilt_edu_baskauf_35329.jpg,Steven J. Baskauf,https://eol.org/pages/490016/media
339,https://content.eol.org/data/media/86/e8/cc/7.CalPhotos_0000_0000_1009_0919.jpg,2009 Barry Breckling,https://eol.org/pages/1127834/media
339,https://content.eol.org/data/media/86/e8/cb/7.CalPhotos_0000_0000_1009_0918.jpg,2009 Barry Breckling,https://eol.org/pages/1127834/media
339,https://content.eol.org/data/media/86/28/8a/7.CalPhotos_0000_0000_0613_1535.jpg,2013 Barry Rice,https://eol.org/pages/1127834/media
341,https://content.eol.org/data/media/85/4f/fc/7.CalPhotos_0000_0000_0217_2158.jpg,2017 Wynn Anderson,https://eol.org/pages/1127833/media
341,https://content.eol.org/data/media/85/4f/fd/7.CalPhotos_0000_0000_0217_2159.jpg,2017 Wynn Anderson,https://eol.org/pages/1127833/media
341,https://content.eol.org/data/media/d5/8f/70/542.084a38e25423788b694a6b0d423fa686.jpg,John Tann,https://eol.org/pages/1127833/media
342,https://content.eol.org/data/media/85/9d/e8/7.CalPhotos_0000_0000_0406_1443.jpg,2006 Luigi Rignanese,https://eol.org/pages/704193/media
342,https://content.eol.org/data/media/21/f7/f1/549.BI-image-78486.jpg,,https://eol.org/pages/704193/media
342,https://content.eol.org/data/media/21/f7/f2/549.BI-image-78487.jpg,,https://eol.org/pages/704193/media
343,https://content.eol.org/data/media/d5/af/ac/542.104ea32a28736d8eb48074864ddba273.jpg,Ahmad Fuad Morad,https://eol.org/pages/1127809/media
343,https://content.eol.org/data/media/d5/c4/b4/542.157a0f12359423add39819ac79d8ec65.jpg,Ahmad Fuad Morad,https://eol.org/pages/1127809/media
343,https://content.eol.org/data/media/d6/9d/86/542.4b49f58f86920663b34ffc202cc04504.jpg,Ahmad Fuad Morad,https://eol.org/pages/1127809/media
344,https://content.eol.org/data/media/d7/aa/0d/542.8db8826e44bc6a52a13d8fd19c24ccc4.jpg,Dick Culbert,https://eol.org/pages/1083612/media
344,https://content.eol.org/data/media/d8/f9/fc/542.e10725c39760c0b2ea2e3b17d623d544.jpg,John Rusk,https://eol.org/pages/1083612/media
344,https://content.eol.org/data/media/87/86/c0/7.CalPhotos_0000_0000_1216_3721.jpg,2016 Zoya Akulova,https://eol.org/pages/1083612/media
345,https://content.eol.org/data/media/d7/b6/4f/542.90ca716b5539bd2b5c19768fd6e44a84.jpg,Kurt Andreas,https://eol.org/pages/1083624/media
345,https://content.eol.org/data/media/d6/0a/66/542.26d9f10d962599ed9ef60495ecd56774.jpg,Biodiversity Heritage Library,https://eol.org/pages/1083624/media
345,https://content.eol.org/data/media/87/6c/b5/7.CalPhotos_0000_0000_1212_2468.jpg,2012 Ron Vanderhoff,https://eol.org/pages/1083624/media
346,https://content.eol.org/data/media/99/3d/8f/84.CalPhotos_4444_4444_0811_0855.jpg,2010 Moorea Biocode,https://eol.org/pages/23768875/media
346,https://content.eol.org/data/media/a0/f8/a2/913.114780.jpg,S Drozd Lund,https://eol.org/pages/23768875/media
346,https://content.eol.org/data/media/c4/ee/0a/607.http___bioimages_vanderbilt_edu_kaufmannm_ke020.jpg,Maurice J. Kaufmann,https://eol.org/pages/23768875/media
347,https://content.eol.org/data/media/99/26/67/84.CalPhotos_4444_4444_0510_1174.jpg,2010 Moorea Biocode,https://eol.org/pages/39967576/media
347,https://content.eol.org/data/media/a1/b4/40/913.90971.jpg,G Drange,https://eol.org/pages/39967576/media
347,https://content.eol.org/data/media/d8/36/d3/542.b081cbff01963000172800efaf3f9d07.jpg,Jardin Boricua,https://eol.org/pages/39967576/media
348,https://content.eol.org/data/media/d5/7e/b7/542.04234e9d3b5dc04a7f2d7dcab6d5a6c9.jpg,Seongbin Im,https://eol.org/pages/484119/media
348,https://content.eol.org/data/media/d5/ba/1d/542.12e51e9221810d9be29b485a658c344e.jpg,LiChieh Pan,https://eol.org/pages/484119/media
348,https://content.eol.org/data/media/da/a4/88/542.4ab3e59dccc69b08f898cd61ef35b287.jpg,Natrium Chlorine,https://eol.org/pages/484119/media
350,https://content.eol.org/data/media/86/6d/c9/7.CalPhotos_0000_0000_0717_0553.jpg,2017 Zoya Akulova,https://eol.org/pages/582338/media
350,https://content.eol.org/data/media/86/6d/ca/7.CalPhotos_0000_0000_0717_0554.jpg,2017 Zoya Akulova,https://eol.org/pages/582338/media
350,https://content.eol.org/data/media/86/6d/cb/7.CalPhotos_0000_0000_0717_0555.jpg,2017 Zoya Akulova,https://eol.org/pages/582338/media
