{"type":"FeatureCollection","features":[{"type":"Feature","geometry":{"type":"Polygon","coordinates":[[[-118.30068619528,34.0373138507143],[-118.303884196041,34.037204851199],[-118.300287171334,34.0372359462978],[-118.297604625712,34.0372591365581],[-118.296712194924,34.0372668512001],[-118.296295194457,34.0372348512573],[-118.29636119452,34.036894851016],[-118.291561193707,34.0368418515945],[-118.291550192661,34.0255018502656],[-118.291552596393,34.0255018543774],[-118.308899196446,34.025557849759],[-118.309000196885,34.0374328504795],[-118.30801419718,34.0374008510931],[-118.30068619528,34.0373138507143]]]},"properties":{"name":"Adams-Normandie"}},{"type":"Feature","geometry":{"type":"Polygon","coordinates":[[[-118.442545891184,34.2641222795749],[-118.44240123835,34.2639378683128],[-118.442192237944,34.2639908679317],[-118.441338237303,34.2626268676857],[-118.441048238095,34.2628378677233],[-118.439715236996,34.2608818673238],[-118.435155236534,34.2565788671899],[-118.434926236358,34.2567458672083],[-118.414529231292,34.2374158665611],[-118.411908230349,34.2352038666652],[-118.412008230884,34.2351098663665],[-118.410898230124,34.2341518664339],[-118.410145229475,34.2332228666232],[-118.40975622969,34.2334028664752],[-118.420395413574,34.2257005654669],[-118.420570184037,34.2255740393871],[-118.420747231421,34.2254458652376],[-118.421614231253,34.2245168646547],[-118.422058231109,34.2237968644777],[-118.422214407457,34.2233371813252],[-118.422778400828,34.2216771372915],[-118.422782231312,34.2216658645911],[-118.427807232059,34.2216668644598],[-118.436122233828,34.2295758640782],[-118.441057234974,34.236198864881],[-118.450241238212,34.2501958662458],[-118.451781028551,34.2518167465099],[-118.451893238722,34.2519348657093],[-118.451635238902,34.2520978659013],[-118.444099238527,34.2623128676787],[-118.443731237957,34.2627428673748],[-118.443269238299,34.2627228678809],[-118.442693074249,34.2639074339079],[-118.442572238474,34.2641558674699],[-118.442545891184,34.2641222795749]]]},"properties":{"name":"Arleta"}},{"type":"Feature","geometry":{"type":"Polygon","coordinates":[[[-118.318623199722,34.0530598522933],[-118.316727199277,34.0525088515974],[-118.31330619843,34.0526148523819],[-118.313296198934,34.0505388518674],[-118.313058198905,34.0495058513662],[-118.313017197771,34.0399288509306],[-118.313360197867,34.0399278503688],[-118.313350197614,34.0373978500553],[-118.317645198809,34.037109849929],[-118.322795198983,34.0360728498055],[-118.326429199255,34.0355758497588],[-118.333681200621,34.0351618488223],[-118.333243864239,34.0359588034179],[-118.326731397755,34.0478263974249],[-118.322967200412,34.0546858522128],[-118.322958006478,34.054682410409],[-118.318623199722,34.0530598522933]]]},"properties":{"name":"Arlington Heights"}},{"type":"Feature","geometry":{"type":"MultiPolygon","coordinates":[[[[-118.278856033881,34.1532089449086],[-118.278857201523,34.1532088646837],[-118.278857280946,34.153208942934],[-118.278856033881,34.1532089449086]]],[[[-118.258028615573,34.122155927648],[-118.257818422691,34.1219451470941],[-118.257638458873,34.1217676341112],[-118.257456961371,34.1215916891905],[-118.257430847538,34.12156660197],[-118.25738593857,34.1215211927544],[-118.257272796519,34.121409978967],[-118.257195589965,34.1213377646402],[-118.257084350724,34.1212325102673],[-118.257033975243,34.1211862984657],[-118.256934861525,34.1210946610622],[-118.256835321924,34.1210033463302],[-118.256735354273,34.1209123551749],[-118.256698441809,34.1208783285997],[-118.256661468805,34.1208443454155],[-118.25662443744,34.1208104092237],[-118.256587356413,34.120776529021],[-118.25655021269,34.1207426958199],[-118.256513006272,34.1207089105217],[-118.256401108281,34.1206077994657],[-118.256326170193,34.1205406508967],[-118.25628861792,34.1205071394279],[-118.256251023513,34.1204736640981],[-118.256213371831,34.1204402366595],[-118.256175659615,34.1204068544141],[-118.256062226938,34.1203069696794],[-118.255986271895,34.1202406470568],[-118.255948207367,34.1202075539776],[-118.255913413489,34.1201773749268],[-118.255878570975,34.1201472347349],[-118.255843681988,34.1201171315943],[-118.255833734978,34.1201084970359],[-118.255719465077,34.1200092808884],[-118.255605201979,34.1199100736347],[-118.255490194653,34.1198102196452],[-118.25537608317,34.1197111425783],[-118.255260824907,34.1196127079146],[-118.255141725061,34.119510992461],[-118.255030314632,34.1194158436561],[-118.254933546123,34.1193304518044],[-118.254916816525,34.1193160057743],[-118.254817967541,34.1192307822977],[-118.254802132512,34.1192171313206],[-118.254704077898,34.1191324839592],[-118.254687548162,34.1191181474634],[-118.254621592287,34.1190609381471],[-118.25457309499,34.1190190802811],[-118.254507704187,34.1189626387202],[-118.254457555305,34.1189208672271],[-118.254405386212,34.1188773960694],[-118.254340796282,34.1188236735581],[-118.254270674058,34.1187653729499],[-118.254267758368,34.1187675671035],[-118.254143127577,34.118861340701],[-118.254138917215,34.1188576938402],[-118.247452192511,34.1130668627358],[-118.246450192909,34.1117578625081],[-118.247477192485,34.1111118624454],[-118.248045041557,34.1105269931394],[-118.248211192587,34.1103558621349],[-118.248761192849,34.1095088623706],[-118.24922119263,34.109285861809],[-118.249428849321,34.1086578975901],[-118.249512192768,34.1084058618011],[-118.249741193078,34.10842886195],[-118.249617193262,34.1089098619635],[-118.249965193087,34.1089098620577],[-118.255024193503,34.1085338619459],[-118.256373193797,34.1086778617528],[-118.25664819359,34.1082478610664],[-118.260141793718,34.1094495342099],[-118.260442194581,34.1095528618044],[-118.260666021199,34.1096734829656],[-118.261347483415,34.1100407261706],[-118.261830194971,34.110300861539],[-118.262345643292,34.1106653808869],[-118.263541195739,34.1115108611288],[-118.265537196037,34.1135098613913],[-118.265403195467,34.1136888611502],[-118.26736219612,34.1157698612821],[-118.269979197537,34.1212178620402],[-118.270083197363,34.1220708621042],[-118.270562196871,34.1213708620232],[-118.272849198686,34.1271828629221],[-118.276777200169,34.1409508634858],[-118.276284199626,34.141047863875],[-118.278195200992,34.1480338649846],[-118.278340200866,34.1530618654436],[-118.277389533395,34.153212010835],[-118.275599351652,34.1532157422126],[-118.273262192409,34.148683859013],[-118.272321815414,34.1468547921589],[-118.272240655342,34.1466859256854],[-118.271088636438,34.1444387699687],[-118.270420367411,34.1430872659638],[-118.270334559185,34.1429198096202],[-118.270087977709,34.1424786941343],[-118.269944997702,34.1422271016121],[-118.269874782957,34.1420905101858],[-118.269874619276,34.1420901878023],[-118.269728550117,34.1418059096203],[-118.269728232604,34.1418052918767],[-118.267353216586,34.1371829332405],[-118.267350357596,34.1371775258564],[-118.267350224359,34.1371772241375],[-118.267273798281,34.1370359597028],[-118.267273609485,34.1370355751655],[-118.26725181415,34.1369953293249],[-118.267182612189,34.1368672220662],[-118.267182496342,34.1368669338315],[-118.267114531331,34.1367414373455],[-118.267114398182,34.1367411626721],[-118.267047420911,34.1366173110677],[-118.26697543765,34.1364821111644],[-118.266915879619,34.1363656365769],[-118.266910724997,34.1363556724934],[-118.266910592846,34.1363553707716],[-118.266872151423,34.1362802190916],[-118.266851866273,34.136240501751],[-118.266820041564,34.1361781949179],[-118.266819958291,34.1361779210356],[-118.266782598818,34.1361050739632],[-118.266782465673,34.1361048001909],[-118.266782332436,34.1361044975698],[-118.266737707412,34.1360175710467],[-118.266737624137,34.1360172962628],[-118.26672277683,34.1359886142897],[-118.26665643763,34.1358594726718],[-118.266593158854,34.1357363149571],[-118.266528717931,34.1356114288286],[-118.266528584696,34.1356111262072],[-118.266462813919,34.1354839350516],[-118.266462680685,34.1354836324301],[-118.266397908517,34.1353584449501],[-118.266397742761,34.1353581433017],[-118.266332537394,34.1352320218522],[-118.266332445479,34.1352317570039],[-118.266332271194,34.135231500451],[-118.266266732147,34.1351040328113],[-118.26626664892,34.1351037724516],[-118.26620375263,34.1349812041993],[-118.266203586961,34.1349809295966],[-118.266137946379,34.1348527760456],[-118.26613786315,34.1348525147842],[-118.266073670296,34.134727476415],[-118.26607355783,34.1347272260363],[-118.266073437708,34.1347269549392],[-118.266000649122,34.13458502269],[-118.266000548591,34.1345847749896],[-118.26600048141,34.1345844460778],[-118.265943520609,34.1344731166673],[-118.265943387469,34.1344728428941],[-118.265943254238,34.134472540272],[-118.265879807841,34.1343481736053],[-118.265879642175,34.1343478990021],[-118.26581563123,34.1342225445622],[-118.265735457954,34.1340651851329],[-118.265735192721,34.1340649657419],[-118.265664365804,34.1339262159021],[-118.265459537002,34.1335262454479],[-118.265459304122,34.1335259709917],[-118.265459204416,34.1335256412496],[-118.265450625628,34.1335089528771],[-118.265450492403,34.1335086511561],[-118.265365304245,34.1333322044222],[-118.265357212962,34.1333167554827],[-118.264410350147,34.1315086889837],[-118.264212737482,34.1311194172039],[-118.263683219095,34.1300763250814],[-118.263647176063,34.1300052889765],[-118.263481867228,34.1296797046844],[-118.263350918777,34.1294217901084],[-118.263200975125,34.1291410088047],[-118.263053441537,34.1288695926076],[-118.262838852166,34.1284891211838],[-118.262686423531,34.1282261508361],[-118.262568608426,34.1280311699486],[-118.262542758408,34.1279883509966],[-118.262531904521,34.1279703844821],[-118.262385988793,34.1277288326603],[-118.262357824646,34.1276840019639],[-118.262352104662,34.1276748980784],[-118.262139149886,34.1273359275625],[-118.262036909106,34.1271755907529],[-118.262031230968,34.1271666724776],[-118.261839860356,34.1268751014247],[-118.261830944991,34.1268619529483],[-118.261809833866,34.1268308047385],[-118.26174329322,34.1267326366894],[-118.261726098518,34.1267072561052],[-118.261719292664,34.1266971862953],[-118.261560387592,34.1264634932356],[-118.261417764133,34.1262586733099],[-118.26135146196,34.1261678339948],[-118.261254816073,34.1260204547901],[-118.261166476673,34.1258960141938],[-118.261165646967,34.1258948439939],[-118.261067469031,34.1257565409786],[-118.260889410565,34.1255146177564],[-118.260733345712,34.1253003175804],[-118.260628514673,34.1251659799837],[-118.260591791225,34.1251189333404],[-118.260589269487,34.1251157239113],[-118.260548131182,34.1250622011461],[-118.26051177012,34.1250148787301],[-118.260449166404,34.1249334014877],[-118.26043921349,34.1249204255356],[-118.260264586969,34.1246971521336],[-118.260159312285,34.1245580613082],[-118.260031885284,34.1244031627956],[-118.259900104437,34.1242399749032],[-118.259767391434,34.1240745638895],[-118.259661897791,34.12394926746],[-118.259544691512,34.1238082508218],[-118.259419636402,34.1236610132127],[-118.259381800568,34.1236173204928],[-118.259295387615,34.1235181155277],[-118.259126217719,34.1233263734259],[-118.258943829523,34.1231232568238],[-118.258740137325,34.1229006475407],[-118.258436448194,34.1225767184583],[-118.258350661429,34.1224868540695],[-118.258187413331,34.1223179058853],[-118.258028615573,34.122155927648]]],[[[-118.27902399466,34.1533719081307],[-118.279023942705,34.1533716125475],[-118.279024201639,34.1533718652809],[-118.27902399466,34.1533719081307]]]]},"properties":{"name":"Atwater Village"}},{"type":"Feature","geometry":{"type":"Polygon","coordinates":[[[-118.361022204786,34.0253158460858],[-118.360262204257,34.0252398463658],[-118.360166204633,34.0254898463185],[-118.359122204818,34.0254948469697],[-118.359258204274,34.0251388466195],[-118.355171203712,34.0247618468781],[-118.355097204097,34.0249488466036],[-118.346046202047,34.024110847237],[-118.346046202072,34.0239618475431],[-118.340488201296,34.0233598474705],[-118.335110199735,34.0225288471214],[-118.335107199233,34.0084698457909],[-118.335691378924,34.0082291799405],[-118.335692374296,34.0082287705821],[-118.33634565111,34.0079596382784],[-118.336811198899,34.007767845827],[-118.336859882327,34.0077180735152],[-118.337555008566,34.0070073916965],[-118.337564575829,34.0070108736949],[-118.337601479991,34.0070243033462],[-118.337690383889,34.0069236494212],[-118.337783916382,34.0068272809732],[-118.337881869405,34.0067354113349],[-118.337984029433,34.006648241233],[-118.338090168843,34.0065659651236],[-118.338174103395,34.0065056186533],[-118.33826005439,34.0064481811205],[-118.338347922517,34.0063937204139],[-118.338439930674,34.0063404858353],[-118.338533644137,34.0062903125075],[-118.338628959217,34.0062432557108],[-118.33872941019,34.0061974132107],[-118.33883130551,34.0061548769909],[-118.338934536045,34.0061156942339],[-118.338943234193,34.0061125369904],[-118.339219559385,34.0060129475714],[-118.339561574826,34.0058843246617],[-118.339701794891,34.0058224637621],[-118.339839329502,34.005754844975],[-118.339959361526,34.0056897716682],[-118.340076778805,34.0056200897746],[-118.340191404225,34.0055459043786],[-118.340677134471,34.0052173455789],[-118.340678516358,34.0052164347389],[-118.340805388153,34.0051366950231],[-118.340935486881,34.0050623354057],[-118.341068582509,34.0049934845437],[-118.341204442818,34.0049302638886],[-118.341342830135,34.0048727849916],[-118.341483501327,34.0048211467985],[-118.341626209985,34.0047754410534],[-118.341770706405,34.0047357468894],[-118.341916738682,34.0047021344315],[-118.342064048374,34.0046746630062],[-118.342212379158,34.004653380215],[-118.342361470338,34.0046383237566],[-118.342511060094,34.0046295196141],[-118.342660888723,34.0046269829475],[-118.342687669069,34.0046268861777],[-118.34572552485,34.0046152051252],[-118.345977937464,34.0046192166687],[-118.346229985577,34.0046314074131],[-118.346573551471,34.0046613420395],[-118.346914695381,34.0047065176117],[-118.348911779748,34.005047734634],[-118.349114809694,34.0050772496332],[-118.349340157529,34.0050979368204],[-118.34956664206,34.0051061719626],[-118.349793275865,34.0051019344748],[-118.349998618947,34.0050872897317],[-118.350222823921,34.0050593320015],[-118.350444342732,34.0050191370669],[-118.350662152777,34.0049668115896],[-118.350731278837,34.0049462063939],[-118.350856186271,34.0049089581376],[-118.351064388863,34.0048342216692],[-118.351266194882,34.0047481883484],[-118.351460726969,34.0046512592387],[-118.351647165123,34.0045438289301],[-118.351824684377,34.0044263948052],[-118.351865298681,34.004397163283],[-118.351869003564,34.0043944776409],[-118.35187261356,34.0043918806254],[-118.351876172573,34.0043892585155],[-118.351879727276,34.0043866409257],[-118.351883282954,34.0043839980901],[-118.351886787862,34.0043813806454],[-118.351890342458,34.0043787378128],[-118.35189389923,34.0043760976783],[-118.351897408369,34.0043734567811],[-118.351900961885,34.0043708148528],[-118.35190446563,34.0043681784788],[-118.351907971426,34.0043655150528],[-118.351911528106,34.0043628532813],[-118.351915030647,34.0043601880614],[-118.351918537544,34.0043575291395],[-118.351922040084,34.0043548639195],[-118.351925544717,34.0043521815642],[-118.351929002796,34.0043494975415],[-118.351932503091,34.0043468133956],[-118.351936009888,34.0043441310337],[-118.35193946255,34.0043414461249],[-118.351942967087,34.0043387412311],[-118.351946420835,34.0043360572205],[-118.351949871248,34.0043333524843],[-118.351953328152,34.0043306468276],[-118.351956830524,34.0043279419397],[-118.351960284096,34.0043252164588],[-118.351963683538,34.0043224893326],[-118.351967140429,34.0043197809709],[-118.351970590758,34.0043170564008],[-118.351974044219,34.0043143047754],[-118.351977446923,34.0043115812455],[-118.35198090049,34.0043088548625],[-118.35198429985,34.0043061088038],[-118.351987702435,34.0043033573264],[-118.351991155915,34.0043006102082],[-118.351994557432,34.0042978623399],[-118.351997959933,34.0042950910288],[-118.352001359201,34.0042923233332],[-118.352004710916,34.0042895738068],[-118.352008112334,34.0042868024986],[-118.352011513679,34.0042840140614],[-118.352014863134,34.0042812420031],[-118.352018266731,34.0042784742943],[-118.352021616102,34.0042756824023],[-118.352025015267,34.0042728903651],[-118.352028368971,34.0042700993618],[-118.352031716097,34.0042672885439],[-118.352035069797,34.0042644966389],[-118.352038419079,34.0042616840115],[-118.352041764119,34.0042588921316],[-118.352045117731,34.0042560794915],[-118.352048416046,34.0042532453757],[-118.352051765328,34.004250432748],[-118.352055063733,34.0042476202685],[-118.352058415093,34.0042447868993],[-118.35206171232,34.0042419518848],[-118.352065010645,34.0042391204732],[-118.352068361992,34.0042362843992],[-118.352071659132,34.0042334286495],[-118.352074959614,34.0042305954282],[-118.352078203716,34.0042277407346],[-118.352081503013,34.0042248831753],[-118.352084801235,34.0042220274222],[-118.352088049586,34.0042191537837],[-118.352091344552,34.0042162962368],[-118.352094597211,34.0042134171765],[-118.352097892199,34.0042105650385],[-118.352101136198,34.0042076860032],[-118.352104386603,34.004204786214],[-118.352107630612,34.0042019098831],[-118.352110878868,34.0041990137061],[-118.352114127203,34.0041961364609],[-118.352117319154,34.0041932368419],[-118.352120569563,34.0041903379538],[-118.352123815652,34.0041874417827],[-118.352127014003,34.0041845196065],[-118.35213025792,34.0041816216386],[-118.352133454105,34.0041786994685],[-118.352136648141,34.0041757809107],[-118.352139846506,34.0041728623402],[-118.352143037293,34.0041699437917],[-118.352146235548,34.004166999077],[-118.352149429582,34.0041640805189],[-118.352152574811,34.0041611395649],[-118.352155768754,34.0041581993701],[-118.352158962693,34.0041552582738],[-118.352162109991,34.0041522947752],[-118.352165251971,34.0041493538303],[-118.352168446886,34.004146387488],[-118.352171586716,34.0041434501553],[-118.352174736177,34.0041404866501],[-118.352177879148,34.0041375240652],[-118.352181020938,34.0041345380439],[-118.352184114114,34.0041315756042],[-118.352187256993,34.0041285913827],[-118.352190403116,34.00412560625],[-118.352193491863,34.0041226203832],[-118.352196587124,34.0041196390049],[-118.352199732167,34.0041166547767],[-118.352202820823,34.0041136472732],[-118.352205916076,34.0041106640916],[-118.352209006908,34.0041076592862],[-118.35221519072,34.0041016460626],[-118.352218227424,34.0040986405134],[-118.352221322494,34.0040956140585],[-118.352224415399,34.0040925876099],[-118.35222745427,34.0040895829556],[-118.352230498456,34.004086554846],[-118.352233640245,34.0040835697248],[-118.353036767861,34.0032851122747],[-118.35389179101,34.0024309188679],[-118.35401576837,34.0023070302801],[-118.354024991657,34.002298247562],[-118.354033440016,34.002290003527],[-118.354037718959,34.0022859052391],[-118.354041942682,34.002281803507],[-118.354046220527,34.002277701616],[-118.354050449661,34.0022735998677],[-118.354054721018,34.0022694997985],[-118.354058998865,34.0022653988086],[-118.354063274638,34.0022613194612],[-118.354067553659,34.0022572401043],[-118.3540718316,34.0022531616519],[-118.354076105196,34.0022490796059],[-118.354080432936,34.0022450028102],[-118.354084710872,34.0022409234557],[-118.354088986723,34.0022368630395],[-118.354093316727,34.0022328096764],[-118.354097644534,34.0022287491073],[-118.354101970176,34.0022246885445],[-118.354106248217,34.0022206344319],[-118.354110578284,34.002216596394],[-118.354114959141,34.0022125383733],[-118.354119284892,34.0022085039539],[-118.354123614957,34.0022044659156],[-118.35412794177,34.0022004269851],[-118.35413232165,34.0021963942095],[-118.35413664964,34.0021923778135],[-118.354141028422,34.0021883414347],[-118.354145408376,34.002184326689],[-118.35414978724,34.0021803101432],[-118.354154119578,34.0021762982415],[-118.354158548329,34.0021723040874],[-118.354162927184,34.0021682857381],[-118.354167309401,34.0021642944248],[-118.354171688366,34.0021603022192],[-118.354176119287,34.0021563098611],[-118.354180501476,34.0021523122366],[-118.35418492806,34.0021483180879],[-118.354189309188,34.0021443258754],[-118.354193742353,34.0021403524421],[-118.354198172286,34.0021363826243],[-118.35420260545,34.0021324091908],[-118.354207038629,34.0021284393632],[-118.354211467558,34.00212448848],[-118.354215896391,34.0021205150587],[-118.354220383779,34.0021165658067],[-118.354224812707,34.002112614923],[-118.354229296842,34.0021086647786],[-118.354233726836,34.0021047102854],[-118.354238208898,34.0021007817835],[-118.354242691954,34.0020968325434],[-118.354247177258,34.0020929031302],[-118.354251657153,34.0020889746342],[-118.354256138131,34.0020850461348],[-118.354260625591,34.0020811149117],[-118.354265107745,34.0020772089469],[-118.354269588717,34.0020732795455],[-118.354274126076,34.0020693734183],[-118.35427860821,34.0020654629453],[-118.354283143398,34.0020615559225],[-118.354287675438,34.0020576723487],[-118.354292158653,34.002053761872],[-118.354296692853,34.00204987739],[-118.354301225959,34.0020459902063],[-118.354305762323,34.0020421057175],[-118.354310348464,34.0020382174763],[-118.354314882655,34.0020343311905],[-118.354319416933,34.0020304656394],[-118.354324005341,34.0020266017324],[-118.354328540708,34.0020227379809],[-118.354333122613,34.0020188722895],[-118.354337656904,34.0020150103439],[-118.354342247547,34.0020111635586],[-118.354346827293,34.0020072996761],[-118.354351415786,34.002003456503],[-118.354356004278,34.0019996133296],[-118.354360586283,34.0019957719783],[-118.354365228973,34.001991946676],[-118.354369813126,34.0019881017119],[-118.354374399563,34.0019842846882],[-118.354379034678,34.0019804603093],[-118.354383670894,34.0019766404346],[-118.354388259471,34.0019728179949],[-118.354392896842,34.0019690152456],[-118.354397535233,34.0019651980685],[-118.354402173678,34.0019613935126],[-118.354406811058,34.0019575934672],[-118.35441144736,34.0019537943264],[-118.354416083737,34.0019500132157],[-118.35442077307,34.0019462121158],[-118.354425412713,34.0019424355028],[-118.354430098889,34.0019386560485],[-118.354434738524,34.0019348776321],[-118.354439427942,34.0019310972664],[-118.354444114224,34.001927343054],[-118.354448756011,34.0019235619262],[-118.354458131804,34.001916049885],[-118.354462819151,34.0019122920627],[-118.354467562873,34.0019085548098],[-118.354472250219,34.0019047969871],[-118.354476941983,34.0019010598864],[-118.354481681377,34.0018973235472],[-118.3544863699,34.0018935882588],[-118.354491110372,34.0018898510145],[-118.354495849864,34.0018861381143],[-118.354500595755,34.0018824026567],[-118.35450528003,34.0018786872137],[-118.354510022761,34.0018749725003],[-118.354514814201,34.0018712576437],[-118.354519558105,34.0018675645631],[-118.354524297602,34.0018638534648],[-118.354529036089,34.0018601594984],[-118.354533829784,34.0018564662711],[-118.354538571509,34.0018527704916],[-118.354543359887,34.0018490998178],[-118.354548101631,34.0018454085456],[-118.354554802997,34.0018402744769],[-118.354559591281,34.0018365821661],[-118.354564438108,34.0018329113197],[-118.354574020265,34.0018255690524],[-118.354578864919,34.0018218964088],[-118.354583656532,34.0018182239208],[-118.354588503445,34.0018145738085],[-118.354593343862,34.001810923715],[-118.354598190682,34.0018072519658],[-118.354603032277,34.0018036244067],[-118.354607877023,34.0017999742999],[-118.354612723934,34.0017963241865],[-118.35461756228,34.0017926966364],[-118.35462240927,34.0017890654546],[-118.354627303894,34.0017854359357],[-118.354632148734,34.0017818083659],[-118.354637043457,34.0017782022861],[-118.354641886211,34.0017745936542],[-118.354646785259,34.0017709866597],[-118.354656569285,34.0017637736131],[-118.354661470497,34.0017601666117],[-118.354666363132,34.001756579469],[-118.354676155987,34.0017494069636],[-118.354681048622,34.0017458198203],[-118.354685995397,34.0017422370253],[-118.354690893538,34.0017386724037],[-118.354695840388,34.0017351076387],[-118.35470073312,34.001731543934],[-118.354705683217,34.0017279791591],[-118.354710626819,34.001724414403],[-118.354715573767,34.0017208730767],[-118.354720523958,34.0017173308391],[-118.354725470799,34.0017137642699],[-118.354730414582,34.0017102427859],[-118.354735362615,34.0017067023572],[-118.35474030955,34.0017031583253],[-118.354745309626,34.0016996384783],[-118.354750255565,34.0016961151842],[-118.354755253469,34.0016925935401],[-118.354760200505,34.0016890738484],[-118.354765200652,34.0016855711295],[-118.35477519882,34.0016785747126],[-118.354780196805,34.0016750729009],[-118.354785190471,34.0016715738064],[-118.354790190632,34.0016680746925],[-118.354795193042,34.0016645954055],[-118.354800186795,34.0016611170452],[-118.354805236827,34.0016576367163],[-118.354810237085,34.001654161041],[-118.354815285047,34.001650703256],[-118.354820286364,34.0016472221681],[-118.354825334332,34.0016437661856],[-118.354830386634,34.0016403110918],[-118.35483543685,34.001636874936],[-118.354840432853,34.0016334173027],[-118.354845486316,34.0016299811369],[-118.354850586236,34.0016265240992],[-118.354855637537,34.0016230888409],[-118.35486068785,34.0016196761235],[-118.354865735911,34.0016162426774],[-118.35487083493,34.0016128289149],[-118.354875885223,34.0016094116893],[-118.354880990736,34.0016059979073],[-118.354886089753,34.0016025841441],[-118.354891140061,34.001599170524],[-118.354896241323,34.0015957756859],[-118.354901343674,34.0015923826476],[-118.354906444947,34.0015889905137],[-118.354911546223,34.0015855992811],[-118.354916648581,34.001582208045],[-118.354921754258,34.0015788339281],[-118.354926905416,34.0015754641849],[-118.354932004606,34.0015720918897],[-118.354937108133,34.0015687213846],[-118.354942259274,34.0015653480347],[-118.354947412695,34.0015620017237],[-118.354952517395,34.0015586528512],[-118.354957668631,34.0015553020386],[-118.354962822036,34.0015519521209],[-118.354967973359,34.0015486220428],[-118.35497312786,34.0015452757276],[-118.354978279183,34.001541945649],[-118.354983432685,34.0015386191699],[-118.354988584014,34.001535290894],[-118.354993789553,34.0015319831935],[-118.354998945215,34.0015286558059],[-118.355004148587,34.0015253481114],[-118.35500930325,34.0015220405599],[-118.355014506718,34.0015187554029],[-118.355019660305,34.0015154496573],[-118.355024863772,34.0015121644999],[-118.355030066148,34.0015088775424],[-118.355035271783,34.0015055932796],[-118.355040478496,34.001502308112],[-118.355045684118,34.0014990211442],[-118.35505058088,34.001495393405],[-118.355370033176,34.0012896976119],[-118.355395335592,34.0012734415367],[-118.355402243315,34.0012690036962],[-118.355414459948,34.0012611379287],[-118.355426578971,34.0012532282724],[-118.355438690152,34.0012452564324],[-118.355450754586,34.0012372378494],[-118.355462817867,34.0012292030409],[-118.355484898758,34.0012141897287],[-118.355597163394,34.0011352013783],[-118.355705591243,34.0010510233024],[-118.355809942791,34.0009618428345],[-118.355909988311,34.0008678571961],[-118.356005506777,34.000769272599],[-118.356096284797,34.0006663078541],[-118.356182124177,34.0005591907426],[-118.356262834335,34.0004481571374],[-118.356338236641,34.0003334527924],[-118.356408164417,34.0002153324415],[-118.356472463992,34.0000940552875],[-118.356530992567,33.9999698904174],[-118.35657548496,33.999858896879],[-118.356614547824,33.9997458783036],[-118.35664808814,33.9996311000212],[-118.356676026973,33.9995148309261],[-118.356698299482,33.9993973443775],[-118.356878200408,33.9982969509438],[-118.356879442246,33.9982894077737],[-118.356884921773,33.9982562350889],[-118.356894116134,33.9981997080944],[-118.356894783691,33.9981950704515],[-118.356895452239,33.9981904111691],[-118.356896123043,33.9981857735166],[-118.35689684148,33.9981811375262],[-118.356897566408,33.9981765006152],[-118.356898286994,33.9981718610125],[-118.356899057382,33.998167223967],[-118.356899878646,33.9981625876726],[-118.356900654438,33.9981579488081],[-118.356901529917,33.9981533348916],[-118.356902351173,33.9981486967942],[-118.356903228817,33.9981440828713],[-118.356904104289,33.9981394671518],[-118.356905032789,33.9981348494724],[-118.3569059548,33.9981302327137],[-118.356906935278,33.9981256202897],[-118.356907862681,33.9981209990074],[-118.356908891947,33.9981164053713],[-118.356909872417,33.9981117911443],[-118.356910952548,33.9981071955547],[-118.356911981814,33.9981026019185],[-118.356913061945,33.9980980063288],[-118.356914145419,33.9980934332676],[-118.356915276437,33.9980888411336],[-118.356916411777,33.9980842471837],[-118.356917546118,33.9980796730704],[-118.356918729172,33.9980750997145],[-118.356919914389,33.9980705263524],[-118.356921148314,33.998065952846],[-118.356922386669,33.9980614027664],[-118.356923620602,33.9980568310631],[-118.356924910891,33.9980522763223],[-118.356926199028,33.9980477242923],[-118.356927538055,33.9980431766195],[-118.356928876054,33.9980386415712],[-118.356930217239,33.9980340920889],[-118.356931606141,33.9980295641022],[-118.356932995019,33.9980250307064],[-118.356934440201,33.9980205016517],[-118.356935879959,33.9980159699084],[-118.356937327398,33.9980114624837],[-118.356938816953,33.9980069323962],[-118.356940313095,33.9980024239259],[-118.356941806086,33.9979979380032],[-118.356943354174,33.9979934275761],[-118.356944895868,33.9979889406078],[-118.356946494832,33.9979844309317],[-118.356948090653,33.9979799456063],[-118.356949687629,33.9979754774065],[-118.356951338647,33.9979709910163],[-118.356952986495,33.997966522666],[-118.356956385056,33.9979575946764],[-118.356958081695,33.9979531460153],[-118.356959837796,33.9979486809509],[-118.356961588589,33.9979442402434],[-118.356963336204,33.9979398157729],[-118.35696514434,33.9979353694866],[-118.35696694609,33.997930948462],[-118.356968797629,33.9979265272902],[-118.356970657811,33.9979221024865],[-118.356972512693,33.997917703843],[-118.356974418427,33.9979133005413],[-118.356976325232,33.9979088945319],[-118.356978229903,33.9979044957409],[-118.356980188774,33.9979001157218],[-118.356982145392,33.9978957149741],[-118.356984156313,33.9978913573392],[-118.356986163891,33.9978869771759],[-118.356988176976,33.9978826195345],[-118.356990234428,33.9978782590572],[-118.356992298378,33.9978738994622],[-118.356994407891,33.9978695640738],[-118.356996523887,33.9978652259615],[-118.356998635565,33.9978608905665],[-118.357000747319,33.997856573202],[-118.357002909961,33.9978522592929],[-118.357005124553,33.9978479443286],[-118.357007292583,33.9978436249944],[-118.35700955814,33.997839331516],[-118.357011774984,33.9978350372801],[-118.357014039558,33.9978307672442],[-118.357016308349,33.9978264710516],[-118.357018628201,33.9978222188827],[-118.35702089493,33.9978179470374],[-118.357023264587,33.9978136983273],[-118.357025582265,33.9978094443618],[-118.35702795407,33.9978051920391],[-118.357030373607,33.997800964818],[-118.35703279638,33.9977967348826],[-118.357035218163,33.9977925265869],[-118.357037645272,33.9977882984418],[-118.357040119082,33.9977841071212],[-118.357042591744,33.9977799004779],[-118.357045114272,33.9977757117176],[-118.357047638983,33.9977715274584],[-118.357050162678,33.9977673585283],[-118.357052687485,33.997763196807],[-118.357055264224,33.9977590295229],[-118.357057894103,33.9977548864227],[-118.357060467701,33.9977507443907],[-118.357063097564,33.9977465976843],[-118.357065777329,33.9977424769747],[-118.357068457088,33.9977383553636],[-118.357071139098,33.9977342535793],[-118.357073815691,33.9977301509095],[-118.357076547493,33.9977260498794],[-118.357079278304,33.9977219704888],[-118.357082061066,33.997717890043],[-118.357084846097,33.9977138339316],[-118.357087626782,33.997709774227],[-118.35709040964,33.9977057163189],[-118.35709324454,33.997701678992],[-118.357096130319,33.9976976433175],[-118.357096501492,33.997697114824],[-118.35709896523,33.997693608695],[-118.357101851098,33.9976895937553],[-118.357104734877,33.9976855968523],[-118.357107674944,33.9976816006842],[-118.357110608528,33.9976776072399],[-118.357113548609,33.9976736146777],[-118.357116535326,33.9976696436143],[-118.357119529699,33.9976656914602],[-118.357122518668,33.9976617411251],[-118.357125556336,33.9976577888428],[-118.357128599528,33.9976538626884],[-118.357131640538,33.9976499329343],[-118.357134731427,33.9976460237677],[-118.357137819065,33.9976421137091],[-118.35714091429,33.9976382063325],[-118.357144058323,33.9976343222513],[-118.357147199188,33.9976304571114],[-118.357150343305,33.9976265928634],[-118.357153539364,33.997622725757],[-118.357156734444,33.9976188829947],[-118.357159981478,33.9976150400786],[-118.357163177729,33.9976112180479],[-118.357166423761,33.9976073940667],[-118.357169720776,33.9976035960789],[-118.357172969065,33.9975997937276],[-118.357176268244,33.9975959957332],[-118.357179567497,33.9975922148676],[-118.357182914474,33.9975884573005],[-118.357186265772,33.9975846979174],[-118.357189614913,33.9975809403437],[-118.35719302043,33.9975772042397],[-118.357196416298,33.9975734898009],[-118.357199819738,33.9975697744381],[-118.357203271881,33.9975660580295],[-118.357206726308,33.9975623695615],[-118.357210178635,33.9975586964256],[-118.357213634124,33.9975550034466],[-118.357217135247,33.9975513509013],[-118.3572206418,33.9975477028474],[-118.357224198111,33.997544047434],[-118.357227700431,33.9975404219307],[-118.357231309978,33.9975368132391],[-118.35723486325,33.9975332065169],[-118.357238472805,33.997529599628],[-118.357242082448,33.997526013474],[-118.357245689926,33.9975224273263],[-118.357249347281,33.997518861766],[-118.357362083062,33.997414614008],[-118.357806330967,33.9971561677534],[-118.357820215376,33.99716643198],[-118.357821525602,33.9971736475496],[-118.358203202503,33.9992748434555],[-118.359045202854,34.001024843631],[-118.359135202948,34.0016358442095],[-118.3575042026,34.0072478448623],[-118.357555203063,34.0091498446061],[-118.357808691999,34.0091290361612],[-118.357808039904,34.0091347673235],[-118.357841583921,34.009131782981],[-118.358627203223,34.0090618445862],[-118.358627482439,34.009061825726],[-118.361089426514,34.008429289205],[-118.36144832044,34.0083370954478],[-118.361448226325,34.0083356064004],[-118.361460203681,34.007694844342],[-118.361994202923,34.0074878445626],[-118.361994218708,34.0074877399377],[-118.361994817831,34.0074876020097],[-118.36199464159,34.0074848970437],[-118.362071427136,34.0069687845616],[-118.362081485806,34.006947990326],[-118.362447497381,34.006556758756],[-118.362471490861,34.0065424100581],[-118.362541071008,34.0065082899915],[-118.362554341688,34.0065018276227],[-118.362578005137,34.0064882678331],[-118.362599255491,34.0064711704686],[-118.362617567396,34.0064509581238],[-118.362632489438,34.0064281289001],[-118.362643653833,34.0064032446558],[-118.362650785041,34.0063769201625],[-118.362653709426,34.0063498041434],[-118.362653071644,34.0063370178434],[-118.362668203268,34.0063208439885],[-118.365038844392,34.0055599589065],[-118.365341231626,34.0057599889147],[-118.365764051309,34.0060400626214],[-118.366235751414,34.0063525687836],[-118.366316438194,34.0064445208015],[-118.366855204411,34.0070808439003],[-118.367185013239,34.0070928374821],[-118.367184987222,34.0070933225851],[-118.367166884485,34.0074337290994],[-118.367137741237,34.0079817981401],[-118.367087357303,34.0089285934037],[-118.367070035849,34.0092540492739],[-118.366919048394,34.0120925118105],[-118.366907555387,34.0123085572758],[-118.366890058257,34.0126374755972],[-118.366843696187,34.0135089691871],[-118.366731403713,34.0156198398714],[-118.366731580211,34.0156198465474],[-118.366731204889,34.0156268453757],[-118.372661206327,34.0158438445983],[-118.372661548987,34.0158374020958],[-118.372661965868,34.0158374170364],[-118.372721951821,34.0147096409857],[-118.372793276577,34.0133679821395],[-118.372870205276,34.0119258438687],[-118.373105205987,34.0119178441384],[-118.373938206058,34.0138718443604],[-118.374082206189,34.0151388445503],[-118.373748206122,34.0163808449254],[-118.372639206199,34.0184758446098],[-118.372825206006,34.0183678446491],[-118.375656235475,34.0185122470996],[-118.375804175219,34.0185208398117],[-118.37580446724,34.0185198084515],[-118.375903206487,34.0185248443981],[-118.375881463177,34.0182480597332],[-118.375926813697,34.0180874818731],[-118.375959701202,34.0180868781981],[-118.376586686066,34.0180764449259],[-118.376933489096,34.0180707088049],[-118.376997988307,34.0180696536346],[-118.377566722912,34.0180602851868],[-118.377570359305,34.0180602251302],[-118.377572796214,34.0180592285272],[-118.377578474867,34.0180587681129],[-118.377639035254,34.0180538555446],[-118.377984536064,34.0180235086515],[-118.378410349528,34.0184072072081],[-118.378600610102,34.0185788753923],[-118.378653587009,34.0186266797516],[-118.378772207503,34.0187338450648],[-118.380902207608,34.0201258448856],[-118.381352415788,34.0206863891421],[-118.381354422962,34.0206956244093],[-118.378347207384,34.0211858452781],[-118.378411108536,34.0213156441345],[-118.378358946551,34.0213239124092],[-118.378297648742,34.021333629204],[-118.378186170989,34.0213512987318],[-118.378114477949,34.0213626626436],[-118.377961206778,34.0213868448088],[-118.377961207279,34.0213869556957],[-118.37795432187,34.0213880473722],[-118.377955455402,34.0214714716181],[-118.377955655848,34.021493562137],[-118.377956056585,34.0215156502257],[-118.377958947907,34.0217284280307],[-118.377959865106,34.0217953531119],[-118.37796049298,34.0218411255459],[-118.377962735882,34.0219788816713],[-118.377963779199,34.0220478393138],[-118.37787284412,34.0221120931167],[-118.377651486393,34.0222688103906],[-118.377188704003,34.0232841366974],[-118.376967207472,34.0237528455401],[-118.376900981073,34.023814451182],[-118.376848387162,34.0238565420354],[-118.376846960044,34.0238647026535],[-118.376709207328,34.0239928454613],[-118.376381207123,34.025853845231],[-118.376655207844,34.0260128458958],[-118.376522990963,34.0266880959479],[-118.376487207707,34.0268708454033],[-118.376453702055,34.0268652612171],[-118.376163207233,34.0268168456653],[-118.376249207557,34.0266048455585],[-118.361022204786,34.0253158460858]]]},"properties":{"name":"Baldwin Hills/Crenshaw"}},{"type":"Feature","geometry":{"type":"Polygon","coordinates":[[[-118.461647230258,34.1307738519669],[-118.460771230115,34.1303358521383],[-118.459623229225,34.130479852363],[-118.459610516991,34.1304672674299],[-118.458528229938,34.1293958523249],[-118.458436229735,34.1275178524174],[-118.459440229021,34.1268298522313],[-118.458444229288,34.1260438514747],[-118.457647228592,34.1263518516915],[-118.457149228991,34.1260588518205],[-118.455657228853,34.1244818519187],[-118.455964228978,34.1233688522207],[-118.456240228167,34.1193488509143],[-118.455580228597,34.1186498513969],[-118.455652228223,34.1183738515138],[-118.455199228242,34.1184138514181],[-118.455348228423,34.1178648515851],[-118.455268228213,34.1159098513997],[-118.457469228534,34.1152258509799],[-118.456291228379,34.1144378508695],[-118.456509227699,34.1141798510194],[-118.457110227996,34.1140418507986],[-118.457163227625,34.1137238506722],[-118.456191228003,34.1131308502126],[-118.45616522758,34.1128378508958],[-118.456310228045,34.1126518506467],[-118.4572222281,34.1127178509391],[-118.45763822832,34.1125638504471],[-118.457830228315,34.1114858501622],[-118.457651228321,34.1113058507871],[-118.457862227682,34.1111068500431],[-118.458060227699,34.1101668504637],[-118.457743227735,34.1100018502559],[-118.45733422811,34.1101348503546],[-118.455814226937,34.1098598504434],[-118.455714226865,34.1097438506723],[-118.455833227891,34.1094918500291],[-118.456897227575,34.109402850117],[-118.457168227894,34.1091828504582],[-118.456587226966,34.1089538501803],[-118.456434227011,34.1086738504075],[-118.45663322712,34.1085358501613],[-118.456514227668,34.1082828502108],[-118.455357227363,34.1073378503424],[-118.455046226745,34.1068708501912],[-118.453235227022,34.1058238497679],[-118.453236226633,34.1053648502637],[-118.452231226724,34.1052428500998],[-118.451213226714,34.1053968501175],[-118.449987226074,34.1047278501051],[-118.449309225454,34.1035128501398],[-118.449675226169,34.1026138496025],[-118.449462225699,34.1024968498034],[-118.448887225422,34.1025608498901],[-118.448477225866,34.1021918500404],[-118.448057225023,34.1020698496493],[-118.447031225021,34.1011408499551],[-118.446844224835,34.1007868495256],[-118.446823225016,34.0996498497365],[-118.445125224325,34.0992758500288],[-118.443827224315,34.0986558500208],[-118.443682223982,34.0987718497128],[-118.443894224509,34.0992868498908],[-118.443468223978,34.0997098497414],[-118.44321322392,34.0993258494402],[-118.44236722474,34.0986788498632],[-118.441155223953,34.0969028495391],[-118.440450908498,34.0941990301602],[-118.440441223137,34.0941618490945],[-118.440428155578,34.0941493329022],[-118.439445223336,34.0932078490945],[-118.438687222815,34.09201284897],[-118.438264222519,34.090977849601],[-118.438079223047,34.0899538494014],[-118.436265222786,34.0878058493265],[-118.435255748795,34.0853296691918],[-118.43524522223,34.0853038492302],[-118.435223590931,34.085201485502],[-118.43471463566,34.0827930055742],[-118.434668615403,34.0825752300146],[-118.434655221168,34.0825118487714],[-118.434798734459,34.0823118708816],[-118.434872343751,34.0822093013153],[-118.434899221221,34.0821718484737],[-118.435316221096,34.0808138480749],[-118.436836222286,34.0801378484394],[-118.440223889544,34.0777420255526],[-118.440313222277,34.0776788475101],[-118.440967222372,34.0774878477253],[-118.442831222454,34.0774128474635],[-118.444161222239,34.0768018475786],[-118.444165185912,34.0767960253023],[-118.444513222977,34.076284847403],[-118.444986222419,34.0741378469827],[-118.445586222267,34.0736518469383],[-118.448719223268,34.0735208468357],[-118.449135223191,34.0737928469879],[-118.449945223543,34.0750718464547],[-118.450465223992,34.0755808465633],[-118.453264224056,34.0769248470162],[-118.453732224402,34.0770098468036],[-118.454336224639,34.0768198467157],[-118.457210225256,34.0744608463928],[-118.457768224638,34.0742948461365],[-118.458740224669,34.0744628465834],[-118.459193225053,34.0743868458771],[-118.461080406445,34.0731403564683],[-118.461140225173,34.0731008463168],[-118.462248225308,34.0731148457827],[-118.46343322574,34.0739338455313],[-118.463911225386,34.074046845879],[-118.463974262619,34.0740287028301],[-118.466355836069,34.0733432456035],[-118.466357225984,34.0733428453637],[-118.468431227205,34.0757618462302],[-118.469105187456,34.0773961274601],[-118.46913022708,34.0774568461806],[-118.471802228021,34.0798428457285],[-118.473467050435,34.0822555926045],[-118.473674227645,34.0825558465331],[-118.473715874634,34.0826990116307],[-118.47425922825,34.0845668466186],[-118.474818228911,34.0886598472598],[-118.475429229342,34.0886008466804],[-118.475910228846,34.0920268472057],[-118.475694229035,34.092143847615],[-118.47574122951,34.094758847777],[-118.475471229093,34.0951558476163],[-118.474973229162,34.0953818478108],[-118.475005229279,34.0955698479626],[-118.475568229057,34.0962408476652],[-118.476887229651,34.0965618473627],[-118.477606229698,34.0978038473029],[-118.47789222969,34.0987898478384],[-118.477895229824,34.1000558477427],[-118.477235230153,34.102544848507],[-118.477339229997,34.1041598484102],[-118.47802823074,34.1056298488715],[-118.481615231923,34.1106308493616],[-118.481814232305,34.1105278485433],[-118.482111232317,34.1113038490265],[-118.482251242847,34.1125667813106],[-118.482259231698,34.1126388491776],[-118.481916231943,34.1175168495798],[-118.481575232662,34.1188028500913],[-118.480963232031,34.1198248504115],[-118.478635232416,34.1227018502367],[-118.478427232009,34.1226148502571],[-118.477668231728,34.1235518503718],[-118.475683231579,34.1263508509386],[-118.474468232356,34.1264738508497],[-118.473648231944,34.1268298512239],[-118.471556231855,34.1295718511971],[-118.4706633872,34.1300976814508],[-118.470634231121,34.1301148521089],[-118.469795231875,34.1302768518292],[-118.468978230863,34.12958985165],[-118.467494230648,34.1293798519969],[-118.465593230834,34.1302258520405],[-118.46409323062,34.1301378523447],[-118.462964230533,34.1310798523099],[-118.461647230258,34.1307738519669]]]},"properties":{"name":"Bel-Air"}},{"type":"Feature","geometry":{"type":"Polygon","coordinates":[[[-118.429096225397,34.0792028584408],[-118.42928716105,34.0792262240976],[-118.429460180564,34.0792474204882],[-118.429692215873,34.0792758560807],[-118.430036719587,34.0795363881005],[-118.430247214607,34.0796955528598],[-118.430291220085,34.079728843087],[-118.430958225734,34.0814158378067],[-118.431920168072,34.0823491321833],[-118.431965209912,34.0823928515005],[-118.432055653174,34.0824100243972],[-118.433406650032,34.0826664278152],[-118.433867211466,34.0827538448919],[-118.433981532265,34.082728359764],[-118.434238728119,34.0826710393909],[-118.434668615499,34.0825752278727],[-118.434706215464,34.0825668489085],[-118.434714640996,34.0827930043001],[-118.434731226405,34.0832388542083],[-118.435223584775,34.0852014795674],[-118.435255755845,34.0853296772711],[-118.435307214594,34.0855348537451],[-118.436265213612,34.0878058572965],[-118.438079235613,34.0899538545022],[-118.438264217861,34.0909778465585],[-118.438687225156,34.0920128461158],[-118.439445221513,34.093207850285],[-118.440392212588,34.0940708468987],[-118.440428158677,34.0941493313445],[-118.440450896153,34.0941990325335],[-118.440658221553,34.0946518504989],[-118.441155223719,34.0969028576756],[-118.442367224614,34.0986788461212],[-118.44321321593,34.0993258586909],[-118.443468229344,34.0997098426964],[-118.443894211897,34.0992868419],[-118.443682217993,34.0987718539075],[-118.443827225005,34.0986558454518],[-118.445125231903,34.0992758513606],[-118.446823230876,34.0996498453553],[-118.446844222805,34.100786858886],[-118.447031225601,34.1011408601279],[-118.44805721752,34.102069841095],[-118.448477234567,34.1021918522661],[-118.448887223656,34.1025608447255],[-118.449462222853,34.1024968582113],[-118.44967521841,34.1026138602364],[-118.449309226905,34.1035128598864],[-118.449987221891,34.1047278472633],[-118.451213216405,34.1053968531535],[-118.452231230265,34.1052428579675],[-118.453236232419,34.1053648517256],[-118.453235236329,34.1058238397384],[-118.455046236675,34.1068708512822],[-118.455357216442,34.1073378524483],[-118.456514238164,34.1082828418513],[-118.456633230878,34.1085358426722],[-118.45643422315,34.1086738604636],[-118.456587225028,34.1089538468727],[-118.457168226305,34.1091828598951],[-118.456897219538,34.1094028577624],[-118.455833229855,34.109491845974],[-118.455714229181,34.1097438560218],[-118.455814227424,34.1098598565396],[-118.457334224485,34.1101348498718],[-118.457743221087,34.1100018531842],[-118.458060238501,34.110166856701],[-118.457862240011,34.111106850659],[-118.457651224865,34.1113058419423],[-118.457830220776,34.111485859556],[-118.457638237187,34.1125638477341],[-118.457222219111,34.1127178447669],[-118.456310215802,34.1126518430519],[-118.456165222341,34.1128378519284],[-118.456191237604,34.1131308554379],[-118.457163220179,34.1137238407585],[-118.457110240557,34.1140418524886],[-118.456509219027,34.1141798446093],[-118.456291236391,34.1144378537007],[-118.457469240816,34.1152258461953],[-118.455268215638,34.1159098610764],[-118.455348218346,34.117864859303],[-118.455199227632,34.1184138619439],[-118.455652216429,34.1183738561452],[-118.455580233827,34.1186498616995],[-118.456240216876,34.1193488583998],[-118.455964217165,34.123368848532],[-118.455657217521,34.124481852424],[-118.45714923508,34.1260588566086],[-118.457647223271,34.1263518557602],[-118.458444232917,34.1260438617737],[-118.459440236692,34.1268298426829],[-118.458436234197,34.1275178597449],[-118.458528239448,34.1293958486835],[-118.459610528639,34.1304672609166],[-118.459623221785,34.1304798572732],[-118.458730899709,34.1307006099875],[-118.458568222912,34.1307408570821],[-118.458521061917,34.1307934392488],[-118.457775226945,34.1316248430327],[-118.456995217722,34.1320918456499],[-118.456360217204,34.1322338507613],[-118.455916221834,34.1327578627934],[-118.455540224354,34.1329128620445],[-118.454654229026,34.132893849626],[-118.453920220951,34.1322958492629],[-118.453310216929,34.1320308625357],[-118.453197830917,34.1320150756553],[-118.451401237334,34.1317628518934],[-118.449571240385,34.1318738558999],[-118.44870422131,34.131270844356],[-118.446378227523,34.1305258459217],[-118.443362133121,34.1303178876561],[-118.443260227282,34.1303108549632],[-118.442830758426,34.1305496712292],[-118.441949239223,34.1310398545945],[-118.441537453736,34.131113813747],[-118.441242219165,34.1311668442207],[-118.440611218247,34.1315178495628],[-118.439426234574,34.1312128532718],[-118.438473225696,34.1316038530876],[-118.43575721337,34.1306758484568],[-118.434993233892,34.1305838622575],[-118.434122220249,34.1308738480463],[-118.433452216829,34.1315398474893],[-118.432898215059,34.1318358575049],[-118.43176522401,34.131965862105],[-118.43104221896,34.1316708541465],[-118.430022214383,34.1320598578026],[-118.429385214211,34.1313338445425],[-118.428648221744,34.1314498538513],[-118.427463225037,34.1311738509864],[-118.426795231141,34.1312178591866],[-118.424653214155,34.1302078456493],[-118.423202223081,34.1302588544026],[-118.422350214065,34.1298008539379],[-118.421411226145,34.1299028621779],[-118.421184226315,34.1296868489298],[-118.420779235961,34.128471844667],[-118.419492234087,34.1276348619559],[-118.418056214721,34.1271198630676],[-118.416817215529,34.1272078454484],[-118.41625623111,34.1266778469165],[-118.415450218848,34.1264168653393],[-118.414952227023,34.126524863605],[-118.414590223991,34.1269658543971],[-118.414507231858,34.1275388597923],[-118.414083229569,34.1280818624577],[-118.414219229707,34.1287188644356],[-118.414023231264,34.1289878632911],[-118.413207231245,34.1289498450847],[-118.412588219351,34.1294488557171],[-118.412129214296,34.1295728530656],[-118.409008212594,34.1297048550969],[-118.407525209614,34.1294538594321],[-118.40701970714,34.129090823076],[-118.406968232306,34.1290538569332],[-118.406673207553,34.1280598557439],[-118.406270529782,34.1276102337632],[-118.406201228358,34.1275328602302],[-118.406076742961,34.1275474258599],[-118.405401786764,34.1276265036929],[-118.404929231521,34.1276818648059],[-118.404317282322,34.1279467447981],[-118.404266224178,34.1279688557679],[-118.403928227711,34.1278508604068],[-118.403875222585,34.127202857363],[-118.403380229223,34.1265988580771],[-118.403316209332,34.1259728532409],[-118.403025228934,34.1253138578551],[-118.402270213506,34.1248888614376],[-118.401957221395,34.1244758515002],[-118.400907209104,34.1241238520931],[-118.400207227402,34.1235108592125],[-118.399957218854,34.1230458550437],[-118.399025210823,34.1224528582083],[-118.398782230297,34.1217978591112],[-118.398135206576,34.1214518474918],[-118.398167230248,34.1198238536216],[-118.397391394263,34.1190974865184],[-118.397367229773,34.1190748529483],[-118.396238221016,34.1191158494285],[-118.395218228401,34.1197928513845],[-118.394081227991,34.1202708540369],[-118.393241229117,34.1201098545126],[-118.392786213408,34.1212428632698],[-118.392069222132,34.1215808630851],[-118.391403219043,34.1221918508488],[-118.390516216718,34.1222608626092],[-118.39004064675,34.1229270438653],[-118.390022207449,34.1229528648268],[-118.389605332664,34.1230824584621],[-118.389020370616,34.123264307911],[-118.388983227189,34.1232758483694],[-118.387753206501,34.1233568489559],[-118.387476203049,34.1232734329483],[-118.387370607907,34.1232416340116],[-118.387328214676,34.1232288462112],[-118.38730419562,34.1231759833918],[-118.386725213878,34.1219008635257],[-118.388372221638,34.1215418561108],[-118.388615226277,34.1213868497633],[-118.388696206897,34.1210938533546],[-118.388957214851,34.1210638602782],[-118.389965220297,34.1214938553897],[-118.390224288988,34.1215016922416],[-118.39035685672,34.1215056865338],[-118.390395220081,34.1215068506955],[-118.39119822469,34.1212348538076],[-118.391760217054,34.1207438448592],[-118.390973227432,34.1201668463553],[-118.391066213968,34.1198158462224],[-118.390799228987,34.1193558588367],[-118.389291220247,34.1189328493184],[-118.38955520689,34.1183858558914],[-118.390444210486,34.1177978586299],[-118.390292218417,34.1171648539495],[-118.391020228341,34.1169928615403],[-118.391392205071,34.117148845269],[-118.391732218417,34.1170878482715],[-118.39148020764,34.1165338489996],[-118.390553213127,34.1150738553166],[-118.390006222215,34.1145578595204],[-118.388484214449,34.113918854237],[-118.387560224864,34.1139358609243],[-118.387489212382,34.1137448528172],[-118.388301218806,34.1136078576247],[-118.388743212778,34.1131228513224],[-118.389217204091,34.1130088554891],[-118.389394220492,34.1131328633245],[-118.389248217645,34.1134778501299],[-118.389726059148,34.113691203532],[-118.38974320715,34.1136988551982],[-118.390489216866,34.1132478542826],[-118.390907208102,34.1132408569],[-118.391616210776,34.1129418539251],[-118.391595235318,34.1124311367151],[-118.392067679207,34.1124346283807],[-118.392073151161,34.1124346750316],[-118.392176988733,34.1124354544336],[-118.392297267777,34.1124363306507],[-118.392312960766,34.1124364299825],[-118.392524184352,34.1124351429999],[-118.392647759477,34.1124343980714],[-118.392706578926,34.1124340352049],[-118.392706630545,34.1124340350372],[-118.392845097547,34.1124331771101],[-118.393007772813,34.1124319826856],[-118.393282666525,34.1124299935402],[-118.393283156908,34.1124299919443],[-118.393441160913,34.1124288765418],[-118.393769918282,34.1124264747682],[-118.393806077029,34.112426228137],[-118.393944569109,34.1124252185933],[-118.396534735133,34.1124190015053],[-118.396557035094,34.1124190142031],[-118.396596059924,34.1124190149468],[-118.396596059212,34.112418864674],[-118.39659621407,34.1124188641658],[-118.396594479134,34.1121510580541],[-118.396594116519,34.1120854963384],[-118.396591852677,34.1116953035822],[-118.396591980428,34.1116678242768],[-118.396592457911,34.1116487807005],[-118.399215226597,34.1114918448267],[-118.400085214135,34.110939862225],[-118.39965790195,34.1102740329349],[-118.399523346397,34.110061065651],[-118.399389918128,34.1098516152277],[-118.398919901613,34.1091151663843],[-118.398864984105,34.1090294761408],[-118.398692996983,34.108759741616],[-118.399280004152,34.108756129012],[-118.399480379158,34.108754951556],[-118.399485824759,34.108754933554],[-118.399768011376,34.1087531845893],[-118.400030406636,34.1087522947945],[-118.400668007265,34.1087503541944],[-118.401035185866,34.1087492650284],[-118.401035184115,34.1087489000802],[-118.401050230489,34.1087488501459],[-118.401022742816,34.1060581142618],[-118.401018378509,34.1050997167335],[-118.401018361418,34.1050961531223],[-118.40101518006,34.1048202584984],[-118.40101340939,34.1046878290295],[-118.401011981496,34.1045515342055],[-118.401004216857,34.103901126189],[-118.401002457172,34.1037763607201],[-118.400998529887,34.1034202431231],[-118.400997112951,34.1033023677075],[-118.400996215755,34.1032336734757],[-118.400993739419,34.1029863717418],[-118.400987694998,34.1024255435013],[-118.40098780828,34.1024222585402],[-118.400986734061,34.1023381724298],[-118.400983530268,34.1020414111285],[-118.400980689977,34.1017666317297],[-118.400977836692,34.1015160466733],[-118.400977488417,34.1014918535321],[-118.400974622153,34.1012170312887],[-118.400973564851,34.1011203220142],[-118.400971756113,34.1009422519827],[-118.400970967508,34.1008692852886],[-118.400970694803,34.1008447054753],[-118.400970684547,34.1008318033158],[-118.400968915898,34.1006674725936],[-118.400967471359,34.1005438224217],[-118.400966049896,34.1003926932926],[-118.400964969581,34.1003127075724],[-118.400962830256,34.1001033599479],[-118.400962220479,34.1000515385198],[-118.40096140025,34.0999827367005],[-118.400959247806,34.0997598858284],[-118.400958560102,34.09970795732],[-118.400955355717,34.0994164127402],[-118.400955330157,34.0994057003553],[-118.400953194988,34.0992133552805],[-118.400951763373,34.0990762447141],[-118.400951759059,34.0990591992358],[-118.400950694431,34.0989663327422],[-118.400947819829,34.0986951171526],[-118.400946667541,34.0985893487585],[-118.400946651381,34.0985859783558],[-118.400946609209,34.0985825651037],[-118.400946592843,34.098579151766],[-118.400946550568,34.0985757170464],[-118.400946533893,34.098572239306],[-118.400946517321,34.0985687830332],[-118.400946500543,34.0985652838254],[-118.400946457959,34.0985617847031],[-118.400946441181,34.0985582854953],[-118.400946398495,34.0985547649055],[-118.400946355705,34.0985512228482],[-118.400946338721,34.0985476807053],[-118.400946269921,34.0985440957986],[-118.400946020977,34.0985190865509],[-118.400943345003,34.0982785264307],[-118.400939890532,34.0979401827295],[-118.400939612607,34.0978983642332],[-118.40093911379,34.0978642963725],[-118.400923208206,34.0963068549384],[-118.400922148361,34.0963064720335],[-118.400922140127,34.096304754631],[-118.400918200949,34.0959406296462],[-118.400917963446,34.0959180032967],[-118.400909636725,34.0951446508303],[-118.400909568209,34.0951357418909],[-118.400912216998,34.0951338439291],[-118.400900225496,34.0939997146014],[-118.400916068184,34.0939940803863],[-118.40127049498,34.0938872604017],[-118.401285633295,34.0938907952583],[-118.401291520919,34.0938809219507],[-118.401409353764,34.0938454090924],[-118.401409612319,34.0938455155728],[-118.401413234453,34.0938475000509],[-118.401465845692,34.0939165805995],[-118.40155365354,34.0941521133706],[-118.401563717322,34.0941682452306],[-118.401576275336,34.0941825440307],[-118.401590990173,34.0941946030019],[-118.401607473224,34.0942041014172],[-118.401625284789,34.0942108260587],[-118.401643933559,34.0942145638803],[-118.401662928842,34.0942152306414],[-118.401681806163,34.0942128278861],[-118.40170004944,34.0942073573301],[-118.401709527488,34.0942036118761],[-118.401743490207,34.0941883426349],[-118.401775265264,34.0941688944238],[-118.401804312316,34.0941455910595],[-118.401830168644,34.0941187990369],[-118.401845066696,34.094099170789],[-118.401857764284,34.0940780685749],[-118.401918247524,34.0939648390455],[-118.402075670295,34.0937964365133],[-118.402077059475,34.0937955517076],[-118.4024300113,34.0936722673652],[-118.402431047897,34.093673187031],[-118.402527331312,34.0937605410834],[-118.40305882437,34.0942426979947],[-118.403072192136,34.0942536234828],[-118.403213418768,34.0943818092231],[-118.403234340184,34.0944019621383],[-118.403479602953,34.0946246883167],[-118.403598333007,34.0947322751738],[-118.403734402683,34.0948556043314],[-118.40373647635,34.0948575295108],[-118.403777426686,34.0948945964926],[-118.403956599717,34.0950571748983],[-118.404016911949,34.0951119524647],[-118.40430764041,34.0953760223452],[-118.404371088101,34.0954334083256],[-118.404642792077,34.0956797227424],[-118.404650413294,34.095686867489],[-118.404673764954,34.0957078277984],[-118.40474097309,34.0957689793383],[-118.4048523719,34.0958700203663],[-118.40503624158,34.0960370897073],[-118.405331720066,34.0963055421451],[-118.405331756692,34.0963077746814],[-118.405202209939,34.0971268437447],[-118.405422205951,34.101465858942],[-118.407021403639,34.1014887344172],[-118.407133006109,34.1014916644906],[-118.40719510199,34.101492678919],[-118.407293436171,34.1014948592447],[-118.407296171951,34.1014949144268],[-118.407459412715,34.1014976486609],[-118.407495441534,34.1014981926675],[-118.408363565262,34.1015111696019],[-118.408713710672,34.1015164261186],[-118.408716906479,34.1013730098489],[-118.408694424936,34.1013722057074],[-118.408654934295,34.100900926029],[-118.408683337456,34.1007616322143],[-118.408763463323,34.1006184280191],[-118.408796256303,34.1005430936179],[-118.408801846511,34.1005252563624],[-118.408813394001,34.1005013235405],[-118.408837206939,34.1004630730758],[-118.408865344461,34.1004278778802],[-118.408897395977,34.1003962116336],[-118.408932950903,34.1003685480159],[-118.408937014487,34.1003657219707],[-118.409120384178,34.1002370238535],[-118.409133832239,34.1002270816253],[-118.409145411874,34.1002150204018],[-118.409154763377,34.1002011634199],[-118.409161656489,34.1001859193496],[-118.409165861166,34.1001697397959],[-118.409167276392,34.1001530759266],[-118.409165827166,34.1001364217571],[-118.409161593218,34.1001202493107],[-118.409154705891,34.1001050304359],[-118.409114231076,34.1000343020035],[-118.40910009195,34.1000084810771],[-118.409068338464,34.0999427680539],[-118.409059082859,34.0999181971948],[-118.409034732065,34.0993874647737],[-118.409093114355,34.099130833273],[-118.40909888618,34.099092128608],[-118.409099185022,34.0990529916476],[-118.409093988863,34.0990141953101],[-118.40908343052,34.0989765119889],[-118.409067694209,34.098940670967],[-118.409047093171,34.0989074010898],[-118.408942933449,34.0987582083973],[-118.408919678936,34.0987205680317],[-118.408901778218,34.0986800972514],[-118.408889544839,34.0986375893094],[-118.408883214714,34.0985937947848],[-118.408882895148,34.0985495505629],[-118.408908657814,34.098166047022],[-118.408915311006,34.0981228740652],[-118.408928836466,34.0980813308766],[-118.408948904176,34.0980425349008],[-118.40899626762,34.0979654551698],[-118.409129295411,34.0977491667288],[-118.409139517889,34.0977287805633],[-118.409146172218,34.0977069681315],[-118.409149080707,34.0976843311363],[-118.409148143499,34.0976615568883],[-118.409143415148,34.0976392463033],[-118.409135002029,34.0976180430573],[-118.409123139436,34.0975985689211],[-118.409108191162,34.0975813378912],[-118.409090546909,34.0975668853441],[-118.409075367587,34.0975551723378],[-118.408658313168,34.0971567228693],[-118.408656649691,34.0971542811571],[-118.408907319461,34.0971271564036],[-118.409070329462,34.0965780358849],[-118.409131733907,34.0965123080074],[-118.409444347671,34.0962139189123],[-118.409456700478,34.0962070502655],[-118.409473771801,34.0961941331523],[-118.409488896732,34.0961789685058],[-118.409501741282,34.096161858009],[-118.409504733197,34.0961562876878],[-118.409506222822,34.0961548442911],[-118.409505858088,34.0961541370873],[-118.40950856878,34.0961491044161],[-118.409513844318,34.0961356047071],[-118.409516892456,34.0961204380527],[-118.409517539186,34.0961049575192],[-118.409515812313,34.0960895709022],[-118.409511687713,34.0960746217694],[-118.409505322214,34.0960605174787],[-118.409496820507,34.0960475582254],[-118.409492821789,34.096042505358],[-118.409456611722,34.0959886578233],[-118.409424852543,34.0959320687752],[-118.409412939407,34.095907506953],[-118.409276431932,34.0956335240565],[-118.409259959646,34.0956053710594],[-118.409240143822,34.0955794835123],[-118.409217270097,34.0955562254],[-118.409204064198,34.0955416719681],[-118.409364952637,34.0951031392957],[-118.409383084746,34.0950539378853],[-118.409452625404,34.0948635827054],[-118.411483224199,34.0935008587952],[-118.411530461775,34.0933572495358],[-118.411639150219,34.0931058553646],[-118.411666301764,34.0929444961443],[-118.411892774731,34.0922562798461],[-118.411897935523,34.0922562837199],[-118.411981216159,34.0924838598425],[-118.412621224705,34.0929218532117],[-118.413946216208,34.0942728458984],[-118.422752211168,34.0943198541231],[-118.422702351579,34.090648311121],[-118.42282029728,34.0906480057471],[-118.422885238568,34.0906468553375],[-118.42295291822,34.0906463393433],[-118.422954746428,34.0906455815671],[-118.422957712244,34.090645270634],[-118.422960677625,34.0906448738307],[-118.422963591184,34.090644434273],[-118.42296647894,34.0906439948057],[-118.422968979651,34.0906435566932],[-118.42296905706,34.0906435564222],[-118.422992921573,34.0906377409465],[-118.423015867996,34.0906289661121],[-118.423017206056,34.090628231519],[-118.423297641258,34.0905423867447],[-118.423572552506,34.090512291322],[-118.423605562141,34.0905086119195],[-118.42364474186,34.0904596995003],[-118.423663869942,34.0904408694918],[-118.423685801581,34.0904253571713],[-118.423695685622,34.0904205351701],[-118.423749093133,34.0904042040103],[-118.423750975544,34.0904039612612],[-118.423912230644,34.090426344743],[-118.423951406634,34.0904429092965],[-118.423992009626,34.090466102407],[-118.424106175983,34.0904532932609],[-118.424110229972,34.090453858663],[-118.424157226746,34.0906438562371],[-118.425516813443,34.0906400844297],[-118.425540502924,34.0906404732868],[-118.42576178567,34.0906441590067],[-118.426051763679,34.090649147781],[-118.426051866891,34.090649147417],[-118.426499652933,34.0906479968648],[-118.426515186508,34.0906479849641],[-118.426833518752,34.0906471827702],[-118.426889381521,34.090646878061],[-118.427054521179,34.0906464876631],[-118.427051566248,34.0903507993728],[-118.427050825915,34.0902917223532],[-118.427048937497,34.0900482402077],[-118.427047225333,34.0898695904716],[-118.427047187726,34.0897561113339],[-118.427047165433,34.089716374347],[-118.427047177753,34.0897137337528],[-118.427047167777,34.0897117802101],[-118.427047165682,34.0896861046202],[-118.427048106978,34.089405558899],[-118.427049400065,34.0890170499174],[-118.427047521215,34.0888158594929],[-118.427046086117,34.0887015695195],[-118.427037182642,34.0878220186202],[-118.427037176722,34.0878208593751],[-118.427032739566,34.0874117185621],[-118.427028679639,34.0870107556875],[-118.427028675583,34.08700996139],[-118.427023826754,34.0867981119378],[-118.427020775267,34.0866653867702],[-118.427020737627,34.0866630683714],[-118.427004425217,34.0859494475614],[-118.427004365,34.0859427068576],[-118.427004076913,34.0858407998133],[-118.427002837879,34.0857295146638],[-118.426995456078,34.085041731117],[-118.426994282107,34.0849381312444],[-118.426985838733,34.0841434628649],[-118.426981550376,34.0836825195743],[-118.426981548294,34.0836821116918],[-118.42698168135,34.0836222587561],[-118.426981245647,34.083567238105],[-118.426976072738,34.0830492577798],[-118.426974215206,34.0830492858129],[-118.426974213014,34.083048856463],[-118.424598775318,34.0830766786883],[-118.424440508975,34.0830761399823],[-118.424340943429,34.0830762750757],[-118.424330777781,34.0830762678471],[-118.424253891058,34.0830763446754],[-118.424250511073,34.0830763350774],[-118.42321883488,34.0830924909797],[-118.423162619411,34.0830934822169],[-118.422791777115,34.0830978290797],[-118.422789804901,34.0830598592996],[-118.422778702093,34.0826039418256],[-118.422769621254,34.0822315488068],[-118.42276665837,34.0821098792279],[-118.422745321638,34.0812320034639],[-118.422745600531,34.081225927078],[-118.422761146788,34.0811419976671],[-118.422800337689,34.0808766033868],[-118.422801271449,34.0808724782858],[-118.422801984377,34.0808654987298],[-118.422802914854,34.0801666086609],[-118.422803127526,34.0800657732889],[-118.422802688807,34.079984089545],[-118.423035213238,34.0799358529484],[-118.425395223525,34.0808438575091],[-118.427091214064,34.0807688541089],[-118.427827224789,34.0804368465365],[-118.428631576898,34.0793854393478],[-118.428667225828,34.0793388563512],[-118.429096225397,34.0792028584408]],[[-118.409763149781,34.1051571956997],[-118.409755184336,34.1069864799232],[-118.40975274445,34.1075471435636],[-118.409748606579,34.108488095154],[-118.409746991503,34.1088536987815],[-118.409746966608,34.1088591517098],[-118.411821197414,34.1088882312279],[-118.41180109287,34.1106962182332],[-118.411801016702,34.1107017142732],[-118.413981068782,34.1107322210014],[-118.413967347737,34.1119904369002],[-118.41505848074,34.1119782788618],[-118.415256664531,34.1119760952746],[-118.415880844197,34.111969247394],[-118.415878684261,34.1119968196064],[-118.415878757023,34.1120010699995],[-118.415879837703,34.1120159650008],[-118.415882208111,34.1120307052884],[-118.415888593875,34.1120536110261],[-118.41588924851,34.1120554979482],[-118.415889902398,34.1120572345975],[-118.415890818119,34.1120597217221],[-118.415891811803,34.1120623159179],[-118.415892255264,34.1120632589792],[-118.415893168956,34.1120653382208],[-118.415906639783,34.1120908815937],[-118.415923635634,34.1121142231077],[-118.415943818637,34.1121348916304],[-118.415946569723,34.1121379520707],[-118.415949783993,34.1121407318341],[-118.415953280246,34.1121431242046],[-118.415987718409,34.1121705919129],[-118.416017587058,34.1122030129582],[-118.416042133655,34.1122395741547],[-118.416060863755,34.1122794614278],[-118.416070874665,34.1123150851384],[-118.416075290343,34.1123518229752],[-118.41607400327,34.1123888165932],[-118.416067086273,34.1124251426217],[-118.41606393395,34.1124348140284],[-118.416055102372,34.1124753972915],[-118.416053063218,34.1125168588212],[-118.416119159348,34.1125161374885],[-118.416152271884,34.1125157658527],[-118.416678950616,34.1125100653562],[-118.416869321288,34.1125091082697],[-118.417480597821,34.1125018672903],[-118.417491293983,34.1115167973038],[-118.417515315401,34.1093032023846],[-118.417538739745,34.1093062987002],[-118.417546046278,34.1086452984001],[-118.417553556151,34.1079630227257],[-118.417555138004,34.1078198263973],[-118.417581662326,34.107187977523],[-118.417563000287,34.107104789514],[-118.417566787915,34.1067624708434],[-118.417561487636,34.1067398834654],[-118.417555697439,34.1067173836516],[-118.417553883568,34.1067107563399],[-118.417534329914,34.106640215999],[-118.417483685341,34.1064575703891],[-118.417471536139,34.1064020105157],[-118.417465625896,34.1063451195461],[-118.417457993024,34.1061809809279],[-118.417449057575,34.1059885521255],[-118.417447977332,34.1059479386018],[-118.417448148847,34.1059150921315],[-118.417452349829,34.1057226823533],[-118.417386277387,34.1057219015992],[-118.41738958098,34.1055771751164],[-118.417389619306,34.1055745129652],[-118.417389683334,34.1055718292573],[-118.417389721339,34.1055691027035],[-118.417389837088,34.1055664402849],[-118.417389926816,34.1055637350204],[-118.417389990629,34.1055610083775],[-118.417390080463,34.1055583245805],[-118.417390195998,34.1055556192268],[-118.417390285512,34.1055528710272],[-118.417390452769,34.1055501869628],[-118.417390542496,34.1055474816982],[-118.417390709646,34.1055447761663],[-118.41739079916,34.1055420279667],[-118.417390990081,34.1055389144626],[-118.41739113346,34.1055366169028],[-118.417391274802,34.1055339114599],[-118.417391441738,34.1055311629929],[-118.41739158308,34.1055284575501],[-118.417391801845,34.1055257518399],[-118.417391968995,34.1055230463079],[-118.417392161739,34.1055202977518],[-118.417392380611,34.1055176135091],[-118.417392521953,34.1055149080662],[-118.417392740825,34.1055122238235],[-118.417392985183,34.1055094750891],[-118.417393204056,34.1055067908463],[-118.417393397013,34.1055040852252],[-118.4173936675,34.1055014008042],[-118.417393860565,34.1054987166506],[-118.417394130944,34.1054960107621],[-118.417394375624,34.1054933264302],[-118.417394645897,34.1054905990742],[-118.417394916384,34.1054879146532],[-118.417395161063,34.1054852303213],[-118.417395457465,34.1054825672787],[-118.417395727952,34.1054798828577],[-118.417396024246,34.1054771983475],[-118.417396294733,34.1054745139265],[-118.417396591135,34.1054718508839],[-118.417396913237,34.1054691662846],[-118.417397209638,34.1054665032419],[-118.417397583462,34.1054638399319],[-118.417397879757,34.1054611554217],[-118.417398201966,34.1054584922899],[-118.417398549982,34.105455829069],[-118.417398923806,34.1054531657589],[-118.41739929763,34.1054505024489],[-118.417399645753,34.1054478606954],[-118.417400019577,34.1054451973854],[-118.417400367594,34.1054425341645],[-118.417400741525,34.1054398923219],[-118.417401166963,34.1054372288336],[-118.417435641046,34.105203539066],[-118.417402659163,34.1052036529973],[-118.417369083602,34.1052037475023],[-118.417359328398,34.1052037811959],[-118.416926283305,34.1052059630729],[-118.416493186575,34.105208143576],[-118.416432332994,34.1052084177084],[-118.416398447955,34.105208555946],[-118.416364898305,34.1052086715506],[-118.416224196343,34.1052091777445],[-118.41616951052,34.1052093875639],[-118.415931514782,34.1052102713955],[-118.415856750675,34.1052105287143],[-118.414982679858,34.1052137053517],[-118.414948717286,34.1052138219811],[-118.414914806435,34.1052139598913],[-118.414880405136,34.105214078008],[-118.414777278875,34.1052144749686],[-118.414583129819,34.1052151841648],[-118.414041200187,34.1052171495911],[-118.409763149781,34.1051571956997]]]},"properties":{"name":"Beverly Crest"}},{"type":"Feature","geometry":{"type":"Polygon","coordinates":[[[-118.372510211684,34.0902608532727],[-118.37249821135,34.0857598528148],[-118.372497471603,34.0855251594345],[-118.372497796963,34.085442998858],[-118.372497211894,34.0854430078743],[-118.3724972112,34.0854428519109],[-118.372494606182,34.0854430501669],[-118.371836131545,34.0854535828292],[-118.371836132364,34.0854542544701],[-118.371737095776,34.0854553787449],[-118.371637987191,34.0854566383903],[-118.370993225486,34.0854659288379],[-118.370994327545,34.0855568181898],[-118.370242211562,34.0856138522749],[-118.370245210584,34.0870887143181],[-118.370003115862,34.0870923535383],[-118.366442210079,34.0871438524599],[-118.366442440296,34.0871753739219],[-118.366442314045,34.0872007182478],[-118.366442316922,34.0872011275359],[-118.366443383987,34.0873405484417],[-118.366444373956,34.087469792157],[-118.366445426113,34.0876072928407],[-118.366446416088,34.0877365365572],[-118.366447468251,34.0878740372422],[-118.366448470152,34.0880032809239],[-118.366453516793,34.0886962942909],[-118.366453080942,34.0887380285574],[-118.366454107169,34.088777365716],[-118.366455210891,34.0889288526599],[-118.36488036652,34.0889521727792],[-118.364856473348,34.088952118723],[-118.364835498377,34.0889528374803],[-118.363883055115,34.0889669412146],[-118.363797700345,34.088957455379],[-118.363701713721,34.0889549946943],[-118.363286903841,34.0889589076605],[-118.363286492209,34.0888337154876],[-118.363286239424,34.0887817590036],[-118.363286176883,34.0887279492939],[-118.363279493832,34.0887280532322],[-118.362822754898,34.0887351964644],[-118.362812703855,34.0872558489497],[-118.362812512832,34.0872008261641],[-118.362713636043,34.087201817242],[-118.362713251405,34.0872018229045],[-118.362713210344,34.0871958530659],[-118.361455210281,34.087205852984],[-118.361455160105,34.0871879757046],[-118.361454976693,34.0871229747128],[-118.361411192447,34.0715191833181],[-118.361387207898,34.0629718501634],[-118.372042209313,34.064186850257],[-118.372074799661,34.064226903287],[-118.3728066165,34.0651262888764],[-118.373164406848,34.0657115011914],[-118.37317940711,34.0657360486968],[-118.373350703141,34.0660162155796],[-118.373365637183,34.0660407073721],[-118.373553597629,34.0663480542009],[-118.37357604919,34.0663847790747],[-118.374136685073,34.0673017305334],[-118.375767210582,34.070101850604],[-118.375817159369,34.0700501175215],[-118.375834571923,34.0700785923986],[-118.375837767093,34.0700772373674],[-118.375894918976,34.070053000275],[-118.375915013338,34.0700213254362],[-118.375971746107,34.0699318131135],[-118.376047650755,34.0698122362108],[-118.376050228367,34.0697173714438],[-118.376053788157,34.0695836213436],[-118.376116228962,34.0695835910062],[-118.376200726423,34.0695835757842],[-118.376200717732,34.0695833296924],[-118.376361210996,34.0695838502547],[-118.376337836936,34.0694063523662],[-118.376356991843,34.0694062449021],[-118.376517811899,34.0694050729585],[-118.376521437626,34.0694050355118],[-118.37659780985,34.0694042754292],[-118.376733294333,34.0694029081225],[-118.376739788589,34.0694028436917],[-118.376746280674,34.0694027783657],[-118.376875269817,34.0694014762359],[-118.376881767318,34.0694014108857],[-118.37688826374,34.0694013464401],[-118.377017244212,34.0694000441858],[-118.37702374713,34.0693999788111],[-118.377030248968,34.0693999143409],[-118.377159217515,34.0693986110707],[-118.377165725854,34.0693985465729],[-118.377172234188,34.0693984811733],[-118.377260573335,34.0693975922477],[-118.377264714141,34.0693974251521],[-118.377272572582,34.0693974222437],[-118.377280318895,34.0693987395314],[-118.377287735168,34.0694013407329],[-118.377294607647,34.0694051507872],[-118.377300741931,34.0694100621174],[-118.377305964052,34.0694159337262],[-118.37731012377,34.0694226011022],[-118.377313105382,34.0694298716786],[-118.377314821296,34.0694375401793],[-118.377324552815,34.0697137273008],[-118.377415183108,34.0697134630815],[-118.377415210856,34.0697138506546],[-118.377494679363,34.0697135365073],[-118.377522672831,34.0697135788376],[-118.377526123262,34.0697135833793],[-118.377529486917,34.0697135638506],[-118.377630930743,34.0697129979148],[-118.378365046738,34.0697100956073],[-118.378381441017,34.0697101461247],[-118.37839084906,34.0697099940438],[-118.3790510745,34.0697073848331],[-118.379150959633,34.0697073481067],[-118.379154525908,34.0697073369121],[-118.379293044769,34.0697072941862],[-118.379296511469,34.0697073031339],[-118.379438364743,34.0697072425583],[-118.37946526095,34.0697070796308],[-118.379538674318,34.0697054849516],[-118.379546682032,34.0697054255312],[-118.382321694184,34.0696944569414],[-118.382323099298,34.0696944642138],[-118.382466997751,34.0696938986652],[-118.382610863826,34.0696933600938],[-118.382629608153,34.0696932394128],[-118.382784715617,34.0696926271589],[-118.382808947422,34.0696925954407],[-118.382955717737,34.0696920202081],[-118.383097701964,34.0696914599772],[-118.383238430754,34.0696909315102],[-118.383254742233,34.0696908797554],[-118.383287530844,34.0696907549784],[-118.383625055113,34.0696894562739],[-118.383630791636,34.0696892820889],[-118.383740212594,34.0696888497649],[-118.383776212684,34.0721268502796],[-118.387402697858,34.0721064702979],[-118.389727249148,34.0721059271888],[-118.390716263711,34.0721037923239],[-118.390730213629,34.0765058499754],[-118.389740296836,34.0764943321455],[-118.38961674947,34.07647766644],[-118.389606879874,34.0764784402362],[-118.389236987117,34.0764771868204],[-118.388840712112,34.0764766491744],[-118.388749684976,34.0764770250938],[-118.388660541359,34.0764768170005],[-118.388658757952,34.0764767956925],[-118.388568010794,34.0764765701519],[-118.388262811348,34.076475815145],[-118.388132107833,34.0764756194296],[-118.383687642161,34.0764239060227],[-118.383620127086,34.0764055470304],[-118.383594039338,34.0764055198882],[-118.383242603107,34.0764035575317],[-118.383074649096,34.0764032383182],[-118.382905868579,34.0764029494385],[-118.382829553042,34.0764028063662],[-118.382737418496,34.0764026583746],[-118.382585513431,34.0764023976171],[-118.382433608243,34.076402109623],[-118.382281702096,34.0764018484868],[-118.382129797033,34.0764015871563],[-118.381977891972,34.0764013256347],[-118.38182565635,34.0764010379209],[-118.381745014791,34.0764009078374],[-118.381706211918,34.0764008510513],[-118.381705750322,34.0764008380853],[-118.381672727475,34.0764007792517],[-118.381671919854,34.0767159818158],[-118.381666283994,34.0767160041304],[-118.381638896919,34.0767159310866],[-118.38152001414,34.076715701688],[-118.381368106925,34.0767153294174],[-118.381216201046,34.0767150119451],[-118.381064327546,34.0767146671336],[-118.380912421669,34.0767143492793],[-118.380760548168,34.0767140031843],[-118.380684661256,34.076713830359],[-118.380684097885,34.0767138321344],[-118.380682050247,34.0767138385874],[-118.380675481406,34.076713826833],[-118.380670890701,34.0767137727832],[-118.380669476761,34.0767137565037],[-118.380190716664,34.0765492322205],[-118.380126579868,34.0765178902642],[-118.380047126652,34.0764865099156],[-118.379964671166,34.0764610530266],[-118.379879650645,34.0764416588555],[-118.379860995222,34.0764359242587],[-118.379782211791,34.0764088509665],[-118.379781791398,34.0764088450759],[-118.379747816929,34.0763962934363],[-118.379680054158,34.0763962044279],[-118.37963012298,34.0763960313958],[-118.379589988409,34.0763973664785],[-118.379487473721,34.076397948217],[-118.379471974685,34.0763980230512],[-118.379148507249,34.076399686061],[-118.378814211952,34.0763948514433],[-118.378809776445,34.0764010724193],[-118.378800004118,34.0764010949504],[-118.378794725355,34.076407237432],[-118.378650102716,34.0766105677166],[-118.378615244546,34.07661028481],[-118.378537856395,34.0766096943249],[-118.377179211927,34.0765968511169],[-118.377179253362,34.076598111333],[-118.377178882817,34.0765981079823],[-118.377177797921,34.0766674556134],[-118.377177387757,34.0767084000911],[-118.377177054692,34.0767347277466],[-118.377175638458,34.0768182936145],[-118.377175228461,34.0768446197073],[-118.377173888193,34.0769282141874],[-118.377173478195,34.0769545402802],[-118.377172171508,34.0770381346558],[-118.377171880857,34.077050082701],[-118.377171865195,34.0770506939904],[-118.377171530621,34.0770644344236],[-118.377171323188,34.0770821033481],[-118.377170421238,34.0771480561312],[-118.377170007744,34.077174328143],[-118.37716850058,34.0772567132858],[-118.377168170054,34.0772785594049],[-118.377168063529,34.0772842484214],[-118.37716789584,34.0772936726871],[-118.377166921637,34.0773678702311],[-118.377166511387,34.0773941413315],[-118.377164991384,34.0774890578473],[-118.377164734046,34.0775052709493],[-118.377175626621,34.0776140530795],[-118.377175765116,34.077615453632],[-118.377186657101,34.0777240987303],[-118.37718890543,34.0777464867338],[-118.377192156519,34.0777790941082],[-118.377192432521,34.0777816761433],[-118.377197655108,34.0778341444821],[-118.377202013687,34.0778778498968],[-118.377208685524,34.0779441630863],[-118.377215116286,34.0780079491251],[-118.377215254316,34.0780094867123],[-118.377219749678,34.0780542086307],[-118.377221202514,34.078068850427],[-118.377228428249,34.0781407396818],[-118.377231110597,34.0781642262019],[-118.377232018132,34.0781720676215],[-118.37723221215,34.0781778512625],[-118.377384067194,34.0784268595643],[-118.377578016793,34.0787448910439],[-118.377552145831,34.0787558462165],[-118.377055959179,34.0789207513803],[-118.377049476804,34.078910156042],[-118.377034907184,34.0789163022022],[-118.376905670245,34.078970699316],[-118.376905211546,34.0789708513035],[-118.376905222543,34.0789708873306],[-118.376904875414,34.0789710335607],[-118.376943928125,34.0791070416518],[-118.376983147876,34.0792435441527],[-118.376983550607,34.0792449168348],[-118.376988181809,34.0792608965103],[-118.377237030049,34.0801308120406],[-118.377230257757,34.0801306727154],[-118.376561601459,34.0801620578593],[-118.375291678008,34.0801642256114],[-118.375276212014,34.0801638517396],[-118.375276208393,34.0801642520323],[-118.375178369648,34.0801643503815],[-118.375178901377,34.0802461756284],[-118.375179114537,34.0803746112108],[-118.375179309627,34.0804845257203],[-118.3751795058,34.0805944402269],[-118.375179734482,34.0807043555345],[-118.375179987826,34.0808417486438],[-118.375180241296,34.080979169701],[-118.375180493437,34.0811165357694],[-118.375180746783,34.081253928881],[-118.37518100013,34.0813913219932],[-118.375181253479,34.0815287151062],[-118.375181505748,34.0816661091248],[-118.375181759098,34.0818035022393],[-118.375182012449,34.0819408953545],[-118.374752693633,34.0819418159177],[-118.374323342305,34.0819427350558],[-118.37432312299,34.0818053688838],[-118.374322872134,34.0816679757642],[-118.374322620195,34.0815305826487],[-118.37432233575,34.0813931887331],[-118.3743221174,34.081255795515],[-118.374321865464,34.0811184024016],[-118.37432161365,34.0809810363348],[-118.374321361591,34.0808436152757],[-118.374321110741,34.0807062221613],[-118.374320883188,34.080596306852],[-118.374320720646,34.0804863922433],[-118.374320493098,34.0803764778366],[-118.374320248753,34.0802480423533],[-118.374319102286,34.0801661793425],[-118.374221208384,34.0801665421385],[-118.374221211795,34.0801658515524],[-118.370306210942,34.0801738518573],[-118.370306629501,34.0803303028836],[-118.370308040135,34.0815051748366],[-118.370309531096,34.0820347578493],[-118.370311969008,34.083162165439],[-118.370410374784,34.0831608693607],[-118.370758436047,34.083155588784],[-118.370774354958,34.083155356916],[-118.371154153913,34.0831497659265],[-118.371253359064,34.0831481746083],[-118.371351929091,34.0831467853016],[-118.37171621975,34.0831414331437],[-118.371732092069,34.0831412021943],[-118.372111858147,34.0831355533011],[-118.372211294363,34.0831340317056],[-118.372310029144,34.0831326627463],[-118.372689828611,34.0831269848869],[-118.372755874599,34.0831259841598],[-118.372904445592,34.0831237397042],[-118.373070550915,34.0831212479899],[-118.373169345506,34.0831196906242],[-118.373268690174,34.0831183000652],[-118.373481820808,34.0831151134427],[-118.373631316101,34.0831128922815],[-118.37378091107,34.0831106715285],[-118.373829950354,34.0831099148592],[-118.374113037739,34.083105104231],[-118.374392927752,34.0831015217234],[-118.374803602616,34.0830953845199],[-118.374953197518,34.0830931614136],[-118.375102692736,34.0830909393332],[-118.375132755657,34.083089975102],[-118.375280125193,34.0830882723761],[-118.376351260968,34.0830722997758],[-118.376516675761,34.0830692925003],[-118.376576969793,34.0830529905332],[-118.37704499923,34.0830448557266],[-118.377044998395,34.0830449107228],[-118.377044837302,34.0830558035702],[-118.377044797045,34.0830586507431],[-118.377043548158,34.083147905694],[-118.377043232617,34.0831658778755],[-118.377043211046,34.0831685437815],[-118.377043231698,34.0831798543739],[-118.377043139721,34.0831861302454],[-118.377041325216,34.0832922041942],[-118.377039504269,34.0834158373588],[-118.377037684399,34.0835394705207],[-118.377036317804,34.083631940714],[-118.377035789292,34.0836613170757],[-118.377035764964,34.0836631310398],[-118.37703441732,34.0837598059333],[-118.377033944,34.0837867642061],[-118.377032156619,34.0839103972682],[-118.37703040186,34.084034057275],[-118.377029302293,34.0841124572826],[-118.377028504101,34.0841550798375],[-118.377028482281,34.0841576907508],[-118.37702667225,34.0842784660194],[-118.377026628913,34.0842813510665],[-118.377026743266,34.0842992669134],[-118.377024809005,34.0844049842322],[-118.377023054103,34.0845286171956],[-118.377022214014,34.0845912710869],[-118.377021141218,34.0846491737138],[-118.377021077206,34.0846522797015],[-118.377021013753,34.0846552693894],[-118.37702043842,34.0847321883438],[-118.377019624659,34.0847860215354],[-118.377017944946,34.0848544695081],[-118.377017006356,34.0849233965877],[-118.37701495809,34.085055027084],[-118.377012977022,34.0851869034903],[-118.377011028457,34.0853187806972],[-118.377011012583,34.0853227105377],[-118.377009088806,34.0854526367463],[-118.377007493667,34.0855823960475],[-118.377005224395,34.0857164451533],[-118.377003309395,34.085848322258],[-118.377001667071,34.0859601664048],[-118.377000114671,34.0860700863958],[-118.376999552812,34.0860920711784],[-118.376998265258,34.0861799802679],[-118.376997604205,34.0862239483897],[-118.376997433406,34.0862898998143],[-118.376997337435,34.0862964930393],[-118.376995853878,34.0863558249829],[-118.37699512818,34.0863998753463],[-118.376995760976,34.0864085299108],[-118.376994368049,34.0864877277973],[-118.376994242387,34.0864927821947],[-118.376993376985,34.0865096868736],[-118.376991792058,34.0866196069682],[-118.376989904812,34.0867504391113],[-118.376988627873,34.0868262847296],[-118.376987729003,34.0868833610121],[-118.376986163465,34.0869829224102],[-118.376985730391,34.0870113644871],[-118.376985261369,34.0870392837858],[-118.376983644838,34.0871421972508],[-118.376981957354,34.0872505246553],[-118.376981570061,34.0872754217539],[-118.376981155582,34.0873005380103],[-118.376979516846,34.0874059794497],[-118.376979458556,34.0874077114804],[-118.37697799744,34.0875011159716],[-118.37697746849,34.0875378569782],[-118.376975714613,34.0876468436135],[-118.376975281284,34.0876752306983],[-118.376973269724,34.087807822129],[-118.376972171001,34.0878717687342],[-118.376971152155,34.0879390129055],[-118.37696903876,34.0880708906394],[-118.376966957865,34.0882027682724],[-118.376965496599,34.0882961457205],[-118.376964943182,34.0883346727455],[-118.376963313224,34.0884346184034],[-118.376962238639,34.0885039236591],[-118.376961806167,34.088532502769],[-118.376961137025,34.0885746849785],[-118.376960617655,34.0886073041383],[-118.37696015871,34.0886360203642],[-118.376899544179,34.0886691209151],[-118.376776551979,34.0887353193103],[-118.37671041503,34.0887702643999],[-118.376642937009,34.0888072348757],[-118.376413377899,34.0889307907769],[-118.376294986714,34.088994057879],[-118.376292772461,34.0889944289957],[-118.376263567804,34.0889946732144],[-118.375840489678,34.0890010774589],[-118.375769973944,34.0890021451482],[-118.375769951058,34.0890042863651],[-118.375770134539,34.0890820188515],[-118.375395212237,34.0891448529883],[-118.375394958121,34.0891452116873],[-118.375394497629,34.0891452185273],[-118.375299220524,34.0892787830488],[-118.375198013199,34.0894228561734],[-118.375078965022,34.0894247981004],[-118.374768939402,34.0894294745174],[-118.374768914405,34.0894311505486],[-118.374769212588,34.089548710694],[-118.374769212158,34.0897038522544],[-118.374602787912,34.0897069990633],[-118.374340278251,34.0897113070652],[-118.374339751349,34.089711971326],[-118.374240212514,34.089713852877],[-118.374243138732,34.0898338309127],[-118.374142703952,34.0899619769421],[-118.373717727722,34.0899681289888],[-118.373713037995,34.0899681434953],[-118.373713241688,34.0900508262479],[-118.373288661932,34.0900570575971],[-118.373283938483,34.0900570442436],[-118.373198659323,34.0901414849229],[-118.372510211684,34.0902608532727]]]},"properties":{"name":"Beverly Grove"}},{"type":"Feature","geometry":{"type":"Polygon","coordinates":[[[-118.386091757711,34.0467491854161],[-118.389344209972,34.034834845992],[-118.398526434497,34.037398500857],[-118.398617212428,34.0374238453222],[-118.398873790556,34.0383376148281],[-118.399091546754,34.0391131249236],[-118.399114212076,34.0391938454709],[-118.399086211864,34.0396968460725],[-118.398609212589,34.0398058457908],[-118.39884021165,34.0398018455718],[-118.398341211845,34.0414558458037],[-118.39863721283,34.0437398465432],[-118.398787212065,34.0437248464693],[-118.398882212772,34.0442608462915],[-118.3989012129,34.045484846885],[-118.402565212831,34.0463578462346],[-118.401502213238,34.051839846729],[-118.399608783758,34.0522969141334],[-118.399468213402,34.0523308468706],[-118.398996616658,34.0523412851523],[-118.394272212081,34.0524458475329],[-118.389492211907,34.0524488474544],[-118.389576211347,34.0495728478207],[-118.385514210682,34.0488648478885],[-118.38608203929,34.0467847856015],[-118.386091757711,34.0467491854161]]]},"properties":{"name":"Beverlywood"}},{"type":"Feature","geometry":{"type":"Polygon","coordinates":[[[-118.192629179835,34.0607698600773],[-118.192601120546,34.0575469249745],[-118.192588342166,34.0560674277565],[-118.192587443644,34.0559641211595],[-118.192587215754,34.055936642914],[-118.192586768567,34.0558858902401],[-118.192586495842,34.0558535212705],[-118.192586164995,34.0557384956934],[-118.192580606676,34.0551019889241],[-118.192578227584,34.054914945259],[-118.192578043895,34.0548963154527],[-118.192576463222,34.0546218059654],[-118.192573961945,34.0543524916587],[-118.19257343226,34.054294594502],[-118.192571675977,34.0541051869431],[-118.192569749174,34.0538991004683],[-118.19256947665,34.0538668135407],[-118.192568679734,34.0538208088814],[-118.192557069032,34.0524872198259],[-118.192556960697,34.0524575596942],[-118.192556951692,34.0524555294652],[-118.192555951305,34.0523587546258],[-118.192518987547,34.0481130550275],[-118.192518159423,34.0479781362496],[-118.192518159253,34.0479780623245],[-118.192516805351,34.047805737251],[-118.192515146505,34.0476298498233],[-118.192513839415,34.0474924580171],[-118.192512565904,34.04735506706],[-118.192511259908,34.0472176761555],[-118.192509996089,34.0470802572374],[-118.192491664031,34.0449746471198],[-118.192491806043,34.0449747072959],[-118.192491714534,34.0449655289783],[-118.192491709777,34.0449648735745],[-118.192490552608,34.0448469518623],[-118.192396177067,34.0340068567934],[-118.191850177087,34.0340088570271],[-118.191855176939,34.0344208573702],[-118.191420078882,34.0344216453266],[-118.191418733292,34.0342902163735],[-118.191417329168,34.0341526057356],[-118.191415916376,34.0340112032851],[-118.191414546332,34.0338738116665],[-118.191413176294,34.0337364209505],[-118.191411805177,34.0335990302371],[-118.19141040158,34.0334616395763],[-118.191409839278,34.0334032755374],[-118.191848314327,34.0333876034235],[-118.191891713771,34.0333860505398],[-118.192211972302,34.0333746326274],[-118.19237963671,34.033370627856],[-118.192378593905,34.0332382545362],[-118.1923891768,34.0332378572285],[-118.19227725908,34.0203795137822],[-118.192246491611,34.0164752199145],[-118.192246635601,34.0164752196852],[-118.192246592092,34.0164690028225],[-118.192236988927,34.0150867713169],[-118.192231191513,34.0150867751402],[-118.192231175195,34.0150848549133],[-118.19181443367,34.0150869837341],[-118.191488234582,34.0150871410253],[-118.19144816912,34.0150871775301],[-118.19144051989,34.0128659214867],[-118.191941877704,34.0129092117778],[-118.191953370482,34.0129101554316],[-118.192108686033,34.0129236440107],[-118.192130138527,34.0129254787324],[-118.192161603274,34.0129279826723],[-118.19220782643,34.012931661234],[-118.192293603361,34.0129382707447],[-118.194648410453,34.0131426951281],[-118.195707385474,34.0132346091285],[-118.195707847803,34.0132346354247],[-118.200521135555,34.0136483122157],[-118.20056510606,34.0136522203084],[-118.200668853872,34.0136617356925],[-118.200716953891,34.0136662877675],[-118.200951723438,34.0136897759129],[-118.200994532143,34.0136940463942],[-118.201093717627,34.0137056695686],[-118.20110996772,34.0137075780749],[-118.201154387462,34.0137127951238],[-118.201284927549,34.0137281306644],[-118.201417946408,34.013743735992],[-118.201471945584,34.0137500764697],[-118.201487163264,34.0137521390066],[-118.201537930054,34.0137590338803],[-118.201550770644,34.0137607713205],[-118.201583304815,34.0137651957806],[-118.201653954728,34.0137748052544],[-118.201683299603,34.0137787959717],[-118.201756182583,34.0137887036663],[-118.201815863105,34.0137972044704],[-118.201831952102,34.0137996351332],[-118.205071050262,34.0145236024273],[-118.2050729083,34.0145241573161],[-118.205072584793,34.0145061183025],[-118.205070540873,34.0143938960391],[-118.205067568773,34.0142306948815],[-118.205065491285,34.0140831111672],[-118.205064692261,34.0140397788085],[-118.205059219308,34.0137452996859],[-118.205053056672,34.0134114448289],[-118.205039067408,34.0126313923337],[-118.205352177916,34.0128208542379],[-118.207006972611,34.0127829132061],[-118.207012145506,34.0127917834775],[-118.207254337573,34.013212233301],[-118.207384115371,34.0134375518179],[-118.208178178186,34.0150108540835],[-118.208289641317,34.0150104364202],[-118.208290631863,34.0150121566285],[-118.208342348646,34.0150117725787],[-118.208417353707,34.0150114231266],[-118.208711298463,34.0150100912514],[-118.208812568663,34.0150096411447],[-118.20936917725,34.0150070831054],[-118.209838308097,34.0150049459585],[-118.210138259083,34.015003575826],[-118.210138885916,34.0150035747348],[-118.210240303339,34.0150031240754],[-118.212713179205,34.014993853196],[-118.212710179278,34.0142998535636],[-118.214748179802,34.0149848534688],[-118.215429179743,34.0149818531974],[-118.215720357255,34.0150847411112],[-118.217294179421,34.0156408537299],[-118.217167179327,34.0149738535391],[-118.220095411782,34.0149601530807],[-118.220110581526,34.0149601939363],[-118.22041147698,34.014958673945],[-118.222724181154,34.0149478531564],[-118.222724286138,34.0149482487333],[-118.223373180567,34.0173838532921],[-118.223759180918,34.0174888533714],[-118.224105181057,34.0199798536561],[-118.230345185053,34.0475788565896],[-118.228970184618,34.0530238570375],[-118.2291501845,34.05307485684],[-118.228960184381,34.0530468568917],[-118.227279184229,34.0550198575558],[-118.225769184138,34.0543438569114],[-118.222085183949,34.0559818579152],[-118.21901618346,34.0570148575013],[-118.21485918269,34.060252858857],[-118.214910182865,34.0604028583959],[-118.214834182801,34.06027285869],[-118.20755918232,34.0651868592179],[-118.204650182215,34.0655668595407],[-118.202855852531,34.0655650623636],[-118.202653181598,34.065564859859],[-118.199415328643,34.0649774319487],[-118.192704179294,34.0637598602067],[-118.192629179835,34.0607698600773]]]},"properties":{"name":"Boyle Heights"}},{"type":"Feature","geometry":{"type":"Polygon","coordinates":[[[-118.490139234966,34.1309578507738],[-118.490091774625,34.1308928852657],[-118.489754235248,34.1304308506724],[-118.489683493366,34.1303994616526],[-118.489394235145,34.1302711160225],[-118.489150234808,34.1301628504909],[-118.489057411082,34.1301574246794],[-118.486687770583,34.1300189047284],[-118.485147233702,34.1299288511107],[-118.48511407519,34.1299350632806],[-118.484947682623,34.1299662390931],[-118.484688233912,34.1300148513104],[-118.484059233749,34.1304378512068],[-118.482657233866,34.1305788509204],[-118.481671233427,34.130233851006],[-118.481133233488,34.1298238509717],[-118.48053323363,34.129857851175],[-118.479557233463,34.1293668512138],[-118.479266232993,34.1288728507141],[-118.479108233236,34.1271778505819],[-118.478458232262,34.1264368504476],[-118.477594232239,34.1261968508101],[-118.475683231579,34.1263508509386],[-118.477668231728,34.1235518503718],[-118.478427232009,34.1226148502571],[-118.478635232416,34.1227018502367],[-118.480963232031,34.1198248504115],[-118.481575232662,34.1188028500913],[-118.481916231943,34.1175168495798],[-118.482251242847,34.1125667813106],[-118.482264231737,34.1123748493446],[-118.482111232317,34.1113038490265],[-118.481814232305,34.1105278485433],[-118.481615231923,34.1106308493616],[-118.47802823074,34.1056298488715],[-118.477339229997,34.1041598484102],[-118.477235230153,34.102544848507],[-118.477895229824,34.1000558477427],[-118.47789222969,34.0987898478384],[-118.477606229698,34.0978038473029],[-118.476887229651,34.0965618473627],[-118.475568229057,34.0962408476652],[-118.475005229279,34.0955698479626],[-118.474973229162,34.0953818478108],[-118.475471229093,34.0951558476163],[-118.47574122951,34.094758847777],[-118.475694229035,34.092143847615],[-118.475910228846,34.0920268472057],[-118.475429229342,34.0886008466804],[-118.474818228911,34.0886598472598],[-118.47425922825,34.0845668466186],[-118.473738228664,34.0827388459017],[-118.473715874634,34.0826990116307],[-118.473467050435,34.0822555926045],[-118.472958227397,34.0813488457727],[-118.471802228021,34.0798428457285],[-118.469105187456,34.0773961274601],[-118.469033226923,34.0773308461327],[-118.468431227205,34.0757618462302],[-118.466355843159,34.0733432541407],[-118.466115226344,34.0730628458098],[-118.466506226298,34.0728598453571],[-118.46154222512,34.0671248448502],[-118.461757224458,34.0669968450053],[-118.460707224565,34.0658088454795],[-118.460454224568,34.0658948450639],[-118.459989224315,34.0653688452073],[-118.459635223866,34.0654498455134],[-118.455173223675,34.0602478446667],[-118.457866239026,34.0586335233859],[-118.458792762486,34.0580782124658],[-118.460572222627,34.0595914119783],[-118.461112224418,34.0600508447048],[-118.462826224975,34.0631138444586],[-118.463011298372,34.0640521593144],[-118.46307387824,34.0643697392805],[-118.463103672117,34.064520951708],[-118.463166249292,34.0648385055012],[-118.463212011003,34.065070718412],[-118.463298952576,34.06514897467],[-118.46350064417,34.0653305512144],[-118.46363513816,34.0654516569269],[-118.463644595625,34.0654601392503],[-118.463807197285,34.0656065268732],[-118.464082468894,34.0658543091773],[-118.465348225485,34.066993845493],[-118.466743225754,34.0677128447545],[-118.467092167032,34.0674163576391],[-118.467368064626,34.0671821815737],[-118.467463696313,34.0671009408536],[-118.467767943816,34.0668427246288],[-118.467807576589,34.0668090744985],[-118.467833640285,34.0667869129196],[-118.46847747866,34.0662395054489],[-118.468905346233,34.0658762500544],[-118.468896640182,34.0658303099373],[-118.468888929748,34.0657896002826],[-118.468696842379,34.0647758139244],[-118.46860222053,34.0642762568099],[-118.468276958993,34.0625594815747],[-118.468204899318,34.0621791227749],[-118.468180390788,34.0620482279848],[-118.468176687334,34.0620288953455],[-118.468152088786,34.0618989330896],[-118.468123783646,34.0617496400044],[-118.468095445178,34.0616003740892],[-118.468076256447,34.0614990507315],[-118.467965586762,34.0609153058354],[-118.467965235693,34.0609148997008],[-118.467965225631,34.0609148438444],[-118.461590478809,34.0535231481144],[-118.461529021366,34.0534511194135],[-118.459248051675,34.0507778317093],[-118.470968646099,34.0412837410231],[-118.470972224152,34.0412808421493],[-118.471525224272,34.0417538415602],[-118.471287224328,34.0419468422465],[-118.471287671584,34.0419472245555],[-118.471287477536,34.0419473821803],[-118.47142529601,34.0420654152039],[-118.471563080997,34.0421833941109],[-118.47170444881,34.0423044358118],[-118.4718427657,34.0424228793223],[-118.471983935058,34.0425437294487],[-118.472121821868,34.0426618164152],[-118.47226013994,34.0427802594499],[-118.472398060018,34.0428983459752],[-118.47253598049,34.0430164332453],[-118.472673867775,34.0431345195884],[-118.47281218741,34.0432529619935],[-118.472927583914,34.04335132394],[-118.472950208216,34.0433709654628],[-118.473010700955,34.0434222946188],[-118.473200551849,34.0435848254173],[-118.47320392563,34.0435877412894],[-118.47321015797,34.0435930485549],[-118.473407820157,34.0437622657716],[-118.473433665945,34.0437846613919],[-118.473483209075,34.0438268060143],[-118.473618155024,34.0439423316445],[-118.473664098766,34.0439816639931],[-118.473732830273,34.0440405532185],[-118.473732969292,34.044040622993],[-118.473733225038,34.0440408419647],[-118.473758028758,34.0440532219227],[-118.473791457679,34.0440700279363],[-118.473879679273,34.0441140328582],[-118.473937645229,34.0441433451201],[-118.474020932976,34.0441847034595],[-118.474054858825,34.044201651696],[-118.474084360285,34.0442164400821],[-118.474207143267,34.0442778683044],[-118.474290333205,34.0443195018122],[-118.47437612633,34.0442321114809],[-118.474394647923,34.0442132056074],[-118.476274786539,34.045827621955],[-118.476283473141,34.045835170522],[-118.476300983034,34.0458501165583],[-118.476313071303,34.0458604969569],[-118.476431263877,34.0459637236884],[-118.476550619204,34.0460679662572],[-118.4765568169,34.0460733960979],[-118.47664859402,34.0461525043653],[-118.476740014129,34.0462322207079],[-118.476830973587,34.0463114627896],[-118.47692251724,34.0463911316283],[-118.477013793554,34.04647022988],[-118.477105119014,34.0465495595646],[-118.477196179264,34.0466290723397],[-118.477196576013,34.0466287552338],[-118.477202459005,34.0466241864343],[-118.47729522603,34.0467038420459],[-118.478360225909,34.0462698424226],[-118.478450225977,34.0456338416698],[-118.479027226092,34.0456918416735],[-118.479041369514,34.0456332343242],[-118.47914848764,34.0451937985294],[-118.47930356792,34.0452203923595],[-118.479387784725,34.0451521840074],[-118.479672226338,34.0451988422158],[-118.479756362757,34.0447128281875],[-118.479757518185,34.0447080806093],[-118.47975843988,34.0447073340805],[-118.480045092457,34.0445874362268],[-118.480068458145,34.0446073989325],[-118.480145434064,34.0445454664901],[-118.48017322562,34.0445338415439],[-118.480164996039,34.044529726296],[-118.480307030857,34.0444146796971],[-118.482031493682,34.0430170126774],[-118.48212631608,34.0429401539919],[-118.482220744997,34.042863639387],[-118.482504785024,34.0426334403054],[-118.482859594955,34.042345938941],[-118.482954147175,34.0422692537775],[-118.483048810907,34.0421925924349],[-118.483439363066,34.0418760656181],[-118.483604920872,34.0417419102197],[-118.483628576888,34.0417227173057],[-118.483829617139,34.0415598145963],[-118.4839677836,34.0416779419622],[-118.484105949369,34.0417960691752],[-118.484244083044,34.0419141972625],[-118.484382250676,34.0420323241563],[-118.484520417615,34.0421504508971],[-118.484658586033,34.0422685783777],[-118.484796753595,34.0423866777582],[-118.484921851644,34.0424936729454],[-118.484934922949,34.0425048319695],[-118.485072461389,34.0426224386216],[-118.485141542122,34.042681523721],[-118.485210630277,34.0427405645762],[-118.485350028919,34.0428598403014],[-118.485488166263,34.0429779940174],[-118.485626302915,34.0430961475804],[-118.485764441035,34.0432143000803],[-118.485902579393,34.0433324262788],[-118.486040718299,34.0434505793655],[-118.486178857594,34.0435687322949],[-118.486317030846,34.0436868840302],[-118.486455170922,34.0438050366449],[-118.486546907882,34.0438834992805],[-118.486593311388,34.0439231891023],[-118.486731452087,34.0440413143568],[-118.486869593327,34.044159465598],[-118.486938678649,34.0442185298317],[-118.487007734963,34.0442776175833],[-118.487157388212,34.0444056155427],[-118.487307043159,34.0445336403586],[-118.48745669716,34.0446616100017],[-118.487606352702,34.0447895794557],[-118.487756041355,34.0449175765409],[-118.487905697976,34.0450455735726],[-118.488055354129,34.0451735974696],[-118.48820497793,34.0453015663207],[-118.488342625682,34.0454192518011],[-118.488355133258,34.0454299727898],[-118.488457580832,34.0455175737403],[-118.488504824202,34.0455579689508],[-118.488527848366,34.0455776600486],[-118.488677507348,34.045705656128],[-118.488850223595,34.0458533429278],[-118.489022907966,34.0460010305147],[-118.489195591858,34.0461487169586],[-118.48935560419,34.0462855459048],[-118.489515615962,34.0464223746442],[-118.489584666115,34.0464814519531],[-118.489653765065,34.0465405227143],[-118.490114264548,34.046934351184],[-118.490301683928,34.0470946176234],[-118.490416842678,34.0471930739312],[-118.490531969207,34.0472915302618],[-118.490692748973,34.0474290133683],[-118.490853528507,34.0475665512585],[-118.491014341825,34.0477040347081],[-118.491174881627,34.0478413279332],[-118.491194999511,34.0478585141587],[-118.491215134747,34.0478757030151],[-118.491369513184,34.0480077434455],[-118.491622696499,34.0482242630666],[-118.491829904559,34.0484017994051],[-118.492018682571,34.0485628672653],[-118.492061627521,34.0485995895247],[-118.492110155612,34.048641084297],[-118.492541513812,34.0490099614446],[-118.492743673767,34.049182803587],[-118.492858457775,34.0492810175169],[-118.492858773446,34.0492812857884],[-118.49303814007,34.0494346002988],[-118.493256759219,34.0496215537833],[-118.493486992182,34.0498184340351],[-118.4934965486,34.0498265836523],[-118.493743638014,34.0500378479931],[-118.493841586032,34.0501216249911],[-118.493834375307,34.050137480981],[-118.493055123571,34.0518510777482],[-118.492844229131,34.0523148415156],[-118.492525228458,34.0535088419523],[-118.492460229291,34.054455842087],[-118.492613228631,34.0551358425219],[-118.493123228798,34.0561208419174],[-118.493176228772,34.0568938425059],[-118.493078229736,34.0575098428343],[-118.492670229415,34.0581888427618],[-118.493350229699,34.0587228428538],[-118.493519780584,34.0599625715484],[-118.493536229157,34.0600828425987],[-118.493619069726,34.060133473427],[-118.4940604689,34.0604032507322],[-118.494269229464,34.0605308423613],[-118.494366423158,34.0605205465614],[-118.494644738666,34.0604910644304],[-118.494977229611,34.0604558431219],[-118.495072260819,34.0603702798455],[-118.49539112434,34.0600831818913],[-118.495509229689,34.0599768423241],[-118.495520051923,34.0599129969348],[-118.49607622941,34.0566318422232],[-118.496389229781,34.0560848422255],[-118.498708230147,34.0546098417152],[-118.499396230186,34.0534658419259],[-118.499912230209,34.0529928415266],[-118.500448230491,34.0528258418846],[-118.501817230767,34.0529568413479],[-118.502560231016,34.052867841272],[-118.503788230846,34.0522468411818],[-118.503888848955,34.0521485260052],[-118.504662231097,34.05139284077],[-118.508238230673,34.0465488406256],[-118.508293508054,34.0465267717891],[-118.508579491828,34.0464125940332],[-118.509032230719,34.0462318400344],[-118.509184770488,34.0462764992252],[-118.509778765128,34.0464504034203],[-118.509862230934,34.0464748406364],[-118.510002736992,34.046648161316],[-118.510116318191,34.0467882693013],[-118.510166230798,34.046849839985],[-118.510214231457,34.047346840299],[-118.510174768767,34.0474094178539],[-118.509316231402,34.0487708405075],[-118.509192021004,34.0497617632813],[-118.509181231,34.0498478408235],[-118.509314136068,34.050059086979],[-118.50977380192,34.0507897063263],[-118.509807231483,34.0508428407405],[-118.509839510469,34.0508596542972],[-118.510310231205,34.0511048409459],[-118.509714231838,34.0517778406626],[-118.507918231006,34.0528008409421],[-118.507620231784,34.0538998410497],[-118.506383231956,34.0561198413583],[-118.506593231326,34.0584328416441],[-118.506318231596,34.0591408420608],[-118.506364231525,34.0596898415733],[-118.507319231555,34.0601058419042],[-118.507067232176,34.0609728420859],[-118.506358232007,34.0622818422795],[-118.50636623225,34.0632268427236],[-118.506636232536,34.063892842276],[-118.507118232181,34.0644868424073],[-118.50954723317,34.0660978423729],[-118.512697233084,34.0676908422481],[-118.512980233824,34.0685288425191],[-118.51434123362,34.0696168424041],[-118.51622923482,34.0714488428471],[-118.516836234746,34.0730038424135],[-118.51667723451,34.0734698426406],[-118.516109234821,34.0740858428404],[-118.516056234019,34.0744758429412],[-118.516247234539,34.0750418431115],[-118.516617234939,34.0753238434124],[-118.517521234769,34.0754278430678],[-118.51776623491,34.0756248426228],[-118.517930234759,34.0760038430693],[-118.517831235475,34.0767308431532],[-118.518201234862,34.0773778435081],[-118.519112235517,34.0781988432874],[-118.518834235192,34.0789728434696],[-118.519151235679,34.0799458430153],[-118.519613235596,34.0806658436454],[-118.520876235974,34.0815988432709],[-118.520087235361,34.0815858436543],[-118.519655235327,34.0812768434493],[-118.518767235663,34.0810668435126],[-118.518614235812,34.0807198439022],[-118.518447235827,34.0810708434614],[-118.519166235642,34.0816938439386],[-118.519118235787,34.0822648434746],[-118.519707235332,34.0823668437326],[-118.519751235935,34.0825308439043],[-118.518885236161,34.0824888441487],[-118.518662235121,34.0823398440407],[-118.518568235374,34.0819598434627],[-118.518429235936,34.0823928441294],[-118.518649235594,34.0829098438627],[-118.519226236282,34.0832438436552],[-118.519051235237,34.0833048438401],[-118.518093235262,34.0828848435407],[-118.51802623525,34.0832028436595],[-118.518696235421,34.0844328435573],[-118.519587235866,34.0868108437147],[-118.521302236594,34.0891628439079],[-118.521288236438,34.0897088441235],[-118.521639236412,34.0906728443136],[-118.522548236904,34.0918138444161],[-118.522739237428,34.0926698445915],[-118.522010236978,34.0938378452306],[-118.522300236716,34.0945118444086],[-118.522257236877,34.095255844977],[-118.522954237098,34.0973788455277],[-118.522945237768,34.0982088451434],[-118.523453237542,34.0989688454011],[-118.523360238217,34.0999218456506],[-118.523713238325,34.1006188457204],[-118.523717237992,34.1015628458795],[-118.523969238007,34.1018758459032],[-118.523989237898,34.1027518455756],[-118.524216238307,34.1035178455805],[-118.525252239042,34.1050068458022],[-118.52533123903,34.1056328456843],[-118.525661238598,34.1058848456591],[-118.525862239097,34.1063068455245],[-118.525797238834,34.1067048461664],[-118.525296238769,34.107594846139],[-118.525229238352,34.1083948462808],[-118.525899238599,34.1093308465381],[-118.525709239484,34.1105278460137],[-118.526030239225,34.1110938461784],[-118.525917238763,34.1115368462587],[-118.526189238867,34.1122588465986],[-118.525951239152,34.1130558466993],[-118.526119239139,34.1136178470159],[-118.525928239863,34.1148588465577],[-118.526326239253,34.1157128466122],[-118.526279240048,34.1162678466574],[-118.526473239853,34.1166448469314],[-118.526479239327,34.1172448474454],[-118.526891239796,34.1180188468532],[-118.526373239576,34.1185918468317],[-118.527069240197,34.1187458467969],[-118.527488239849,34.1190228467932],[-118.52763024007,34.1203618472322],[-118.528700240257,34.1217448474614],[-118.528621240502,34.1223818476718],[-118.528018240793,34.1230628480329],[-118.528168240642,34.1234448477021],[-118.52800924099,34.1238078478779],[-118.527956240582,34.1248688474739],[-118.527945719959,34.1248771046752],[-118.527533240509,34.1252008482133],[-118.527349240876,34.1256068483943],[-118.5273312036,34.1256866558763],[-118.527024241066,34.127044848198],[-118.527108241264,34.127856848081],[-118.527053821797,34.1280034760142],[-118.527008592047,34.1281253471728],[-118.526964240518,34.128244847937],[-118.526459240219,34.1286268484516],[-118.52641835949,34.1286216316735],[-118.525448240426,34.1284978482763],[-118.524788240515,34.1286498487125],[-118.522994624413,34.1283995356139],[-118.522753239714,34.1283658488104],[-118.521832240114,34.1279998483071],[-118.520730240093,34.128746848534],[-118.519658239488,34.1287558490014],[-118.518867239716,34.1290808487515],[-118.517959238853,34.1288178488682],[-118.516770239299,34.1289488492498],[-118.516269238934,34.128801849016],[-118.513013238856,34.129035848877],[-118.511149238756,34.1298468489365],[-118.510421237923,34.1306308495964],[-118.509533237818,34.1306688492989],[-118.508534238426,34.1311268499395],[-118.507295238064,34.130272849392],[-118.507211237609,34.1298098493095],[-118.506872237744,34.1292958493517],[-118.505057237052,34.1286298494769],[-118.504426236748,34.1278538494524],[-118.503841721589,34.127714721984],[-118.503779237223,34.1276998491611],[-118.503608453715,34.1277938721682],[-118.502849236714,34.1282118492783],[-118.50279823711,34.1285118500077],[-118.503059236854,34.1292948496922],[-118.502344236739,34.1304878495352],[-118.502020237238,34.1304338500087],[-118.501908236858,34.1302118499306],[-118.502464236629,34.1297448495834],[-118.502426237039,34.129332849977],[-118.501167236456,34.1290328500136],[-118.499849235953,34.1297558504135],[-118.499197236382,34.1297818497181],[-118.498459235874,34.1301078498679],[-118.497709236424,34.1301868501398],[-118.49695923587,34.1306548498442],[-118.49645923551,34.1306128506996],[-118.495833236118,34.130088850019],[-118.495293236083,34.1299508499949],[-118.494280235813,34.1302128499269],[-118.492750884827,34.1310891016577],[-118.492690235151,34.131123850847],[-118.491492235276,34.1309398507075],[-118.490588235106,34.1312238508583],[-118.490151582736,34.1309651653893],[-118.490139234966,34.1309578507738]]]},"properties":{"name":"Brentwood"}},{"type":"Feature","geometry":{"type":"Polygon","coordinates":[[[-118.269543181128,33.9291888409668],[-118.269556174044,33.923115275212],[-118.269556181379,33.9231118403941],[-118.269586250598,33.9231125124183],[-118.269644992345,33.9231153615046],[-118.269696065543,33.9231178382569],[-118.269827033641,33.9231178914356],[-118.273240181893,33.9231941478604],[-118.273240345203,33.923194151998],[-118.273240181746,33.9232392068726],[-118.273240010238,33.9232864362388],[-118.273240182188,33.9232864367506],[-118.273728341561,33.9232867215066],[-118.273750925199,33.9232867342449],[-118.273786020903,33.9232867068498],[-118.27408120527,33.9232864779877],[-118.274305867133,33.9232865801456],[-118.274443790252,33.9232866431397],[-118.27454102869,33.9232866958429],[-118.274694303857,33.9232867596559],[-118.274865707153,33.9232868360426],[-118.275037176506,33.9232869390806],[-118.275208547363,33.9232870159555],[-118.27537995066,33.9232870916112],[-118.275551352781,33.9232864800655],[-118.275722756077,33.9232865552339],[-118.275894159374,33.9232866301586],[-118.276065563753,33.9232867048372],[-118.276236997285,33.9232861093739],[-118.276408401698,33.9232861943833],[-118.276579804995,33.9232862683333],[-118.276751208295,33.9232863429413],[-118.276858717842,33.9232859582048],[-118.276922610404,33.9232857294463],[-118.2770940137,33.9232858026654],[-118.277242182339,33.9232858650577],[-118.27724563968,33.9232858634189],[-118.277344559749,33.9232859136007],[-118.277344668171,33.9230798243117],[-118.277377682024,33.9230255614356],[-118.277654834273,33.9225702098341],[-118.27774675191,33.92258513561],[-118.277839371249,33.9225947893962],[-118.277913423216,33.9225991074224],[-118.277987584831,33.9226006169065],[-118.277993388847,33.9226006179497],[-118.277996158002,33.9226008306354],[-118.27799896096,33.9226011270848],[-118.278001698131,33.9226014777771],[-118.278004434585,33.9226019384568],[-118.278007172213,33.9226024270809],[-118.278009877853,33.9226030528102],[-118.278012550152,33.9226037336092],[-118.2780151892,33.9226044965234],[-118.27801779608,33.9226053424518],[-118.278020369618,33.92260624345],[-118.278022911079,33.9226072545078],[-118.278025386663,33.9226082927632],[-118.27802783017,33.9226094410783],[-118.278030240335,33.922610644463],[-118.278032584717,33.9226119029924],[-118.278034863407,33.9226132446133],[-118.278037109834,33.9226146403999],[-118.278039257046,33.9226161193553],[-118.278041404441,33.9226176533031],[-118.278043420085,33.9226192425477],[-118.278045403469,33.9226208868595],[-118.278047288624,33.9226225854892],[-118.278049139451,33.9226243680395],[-118.278050893038,33.9226261769583],[-118.278052579763,33.9226280419257],[-118.278054168261,33.9226299621124],[-118.278055690882,33.9226319094968],[-118.278057115277,33.9226339121005],[-118.278058473705,33.9226359148563],[-118.278059766532,33.9226380277492],[-118.278060926345,33.9226401409487],[-118.278062021362,33.9226422813435],[-118.278063018063,33.9226444499121],[-118.278063915363,33.9226466457557],[-118.278064746883,33.9226488976453],[-118.278065512433,33.9226511487856],[-118.278066080086,33.9226534012837],[-118.278066614395,33.9226557079502],[-118.278067051287,33.9226579877956],[-118.278067387696,33.9226602949183],[-118.278067626871,33.9226626302125],[-118.278067766555,33.9226649657363],[-118.27806784027,33.9226673005105],[-118.278066827358,33.9226700236425],[-118.278051742221,33.9230254955549],[-118.278040676686,33.9232717936959],[-118.278040060303,33.9232854928567],[-118.27813600241,33.9232853094509],[-118.278239602942,33.9232228310921],[-118.281266182699,33.9232038396239],[-118.281257382485,33.9232942008713],[-118.281215444735,33.9237248047851],[-118.280956182749,33.9263868398265],[-118.280493183653,33.9289028405842],[-118.280664183892,33.9289018404857],[-118.280440183129,33.9291228400148],[-118.280190183004,33.9301518403908],[-118.280377183823,33.9314288403143],[-118.280145183935,33.9339018407474],[-118.279822183557,33.9339038410752],[-118.279689183579,33.9360198413418],[-118.279812184084,33.9378428414847],[-118.279774184162,33.943460842357],[-118.279362184462,33.9474178425769],[-118.279390993277,33.9478008229169],[-118.279429500988,33.948312758347],[-118.279481185249,33.9489998421646],[-118.280678185813,33.9548248429694],[-118.280719185407,33.9600308438207],[-118.269503184456,33.9601138448076],[-118.269503205102,33.9600977326989],[-118.269543181128,33.9291888409668]]]},"properties":{"name":"Broadway-Manchester"}},{"type":"Feature","geometry":{"type":"Polygon","coordinates":[[[-118.588541259946,34.2330458559997],[-118.588529259091,34.2242138549351],[-118.589002259587,34.2245758548764],[-118.589075259241,34.2245758547452],[-118.588528258799,34.2241478548976],[-118.588457256108,34.1883508510078],[-118.598138257293,34.1883258509309],[-118.607690258541,34.1865488503005],[-118.608008602054,34.1865445882153],[-118.611750801212,34.186494491399],[-118.61463726064,34.1864558498997],[-118.614637345302,34.1864851957439],[-118.614653260613,34.1919768504232],[-118.614489260881,34.192125850294],[-118.614492260694,34.192819849988],[-118.614656260792,34.1929558500466],[-118.614730263443,34.2195298533784],[-118.605910261252,34.2196658537184],[-118.605825261925,34.2263758545207],[-118.605115262211,34.2274888543627],[-118.603221261935,34.2288738545731],[-118.602796262008,34.2295738552829],[-118.602694008366,34.2300000092243],[-118.602653429484,34.230169126044],[-118.602623261286,34.2302948554505],[-118.602704420254,34.2307417871494],[-118.602840261511,34.2314898551943],[-118.602996261886,34.2314448553216],[-118.60375426214,34.2332358550953],[-118.605097916385,34.2354453525943],[-118.605101262683,34.2354508551345],[-118.588544260133,34.2354658563479],[-118.588544229437,34.2354419474932],[-118.588541259946,34.2330458559997]]]},"properties":{"name":"Canoga Park"}},{"type":"Feature","geometry":{"type":"Polygon","coordinates":[[[-118.366648207801,34.0516888491546],[-118.366651207574,34.0515068493194],[-118.376143209198,34.0533258487872],[-118.376175534182,34.0594763175575],[-118.376176209611,34.0596048489547],[-118.376018210394,34.0596158492577],[-118.376014280751,34.0598940117688],[-118.376013081239,34.059969596506],[-118.37598548764,34.0599859776388],[-118.375940113338,34.0600129927135],[-118.375851140481,34.0600659192171],[-118.375814623605,34.0600876588503],[-118.375716898704,34.0601457458229],[-118.375582545888,34.0602257475218],[-118.375484320647,34.0602841703305],[-118.375448296283,34.0603056333536],[-118.375432952372,34.0603147495823],[-118.375313949306,34.0603856022793],[-118.375179765016,34.060465432615],[-118.375045550048,34.0605454837722],[-118.374917917823,34.0606212536956],[-118.374911200354,34.0606252593285],[-118.374895395154,34.0606346789345],[-118.374776851142,34.0607051997142],[-118.374642601085,34.0607850855502],[-118.374508218739,34.0608649977912],[-118.374440056023,34.0609056032674],[-118.374373877588,34.060944974665],[-118.374239651144,34.0610247409759],[-118.374105373324,34.0611047029292],[-118.374019685882,34.061155726484],[-118.373971115506,34.061184592548],[-118.373823296485,34.0612724601959],[-118.373702404801,34.0613445233977],[-118.372771332105,34.0618984083542],[-118.372753519915,34.0619089607909],[-118.372619545544,34.0619886181362],[-118.372619424536,34.0619886888292],[-118.372499270303,34.0620601913994],[-118.372497590304,34.0620611855637],[-118.37249489833,34.0620628562948],[-118.372256209583,34.0622048499626],[-118.372039209522,34.06387184999],[-118.372270209203,34.0642498501186],[-118.372074799661,34.064226903287],[-118.361387207898,34.0629718501634],[-118.363767407226,34.0583108296273],[-118.363830208279,34.058187849785],[-118.366512207681,34.0523648494333],[-118.366648207801,34.0516888491546]]]},"properties":{"name":"Carthay"}},{"type":"Feature","geometry":{"type":"Polygon","coordinates":[[[-118.246050184817,34.0219058520916],[-118.245196185101,34.0214258524798],[-118.245104185054,34.0215398527822],[-118.243239184535,34.0206878526731],[-118.239545184401,34.0199778526092],[-118.239714582465,34.0148008041894],[-118.239717424254,34.0148007769093],[-118.239768768068,34.0148002845731],[-118.239769050624,34.0148002822088],[-118.239744998288,34.0138712385898],[-118.239757183825,34.0134988517536],[-118.239605182442,34.0088918510643],[-118.239549626305,34.0082452702351],[-118.239523531124,34.0079415756942],[-118.239523434161,34.0079402244965],[-118.239523345862,34.0079388750847],[-118.239523257564,34.007937525673],[-118.239523169258,34.0079361735567],[-118.239523079878,34.007934824147],[-118.23952299158,34.0079334747352],[-118.239522903274,34.0079321226189],[-118.239522814976,34.0079307732072],[-118.239522726677,34.0079294237954],[-118.239522640539,34.0079280725763],[-118.239522552233,34.0079267204599],[-118.239522463935,34.0079253710481],[-118.239522375637,34.0079240216363],[-118.239522286249,34.0079226695222],[-118.239522197951,34.0079213201104],[-118.239522109652,34.0079199706986],[-118.239522021349,34.0079186194838],[-118.239521930883,34.0079172691748],[-118.23952184475,34.0079159197588],[-118.239521756447,34.0079145685439],[-118.239521668146,34.0079132182306],[-118.239521579848,34.0079118688189],[-118.23952148938,34.0079105176083],[-118.239521399992,34.0079091654941],[-118.239521311693,34.0079078160824],[-118.239521223395,34.0079064666706],[-118.239521135092,34.0079051154558],[-118.239521046791,34.0079037651425],[-118.239520958493,34.0079024157308],[-118.23952087019,34.0079010645159],[-118.23952078189,34.0078997142026],[-118.239520693586,34.0078983629878],[-118.239520603123,34.0078970135803],[-118.239520514823,34.007895663267],[-118.239520425437,34.0078943120543],[-118.239520337139,34.0078929626426],[-118.239520246676,34.0078916132351],[-118.23952015837,34.0078902611188],[-118.239520070067,34.0078889099039],[-118.239519981769,34.0078875604922],[-118.239519893468,34.0078862101789],[-118.239519805165,34.0078848589641],[-118.239519714702,34.0078835095566],[-118.239519626401,34.0078821592433],[-118.239519538098,34.0078808080285],[-118.239519447635,34.007879458621],[-118.239519358254,34.0078781092114],[-118.239519269948,34.0078767570951],[-118.239519179485,34.0078754076876],[-118.239519091187,34.0078740582758],[-118.239519002882,34.0078727061595],[-118.239518912419,34.007871356752],[-118.23951882412,34.0078700073402],[-118.239518735817,34.0078686561255],[-118.239518645352,34.0078673058164],[-118.239518557054,34.0078659564047],[-118.239518468751,34.0078646051898],[-118.23951837828,34.0078632530778],[-118.239518289982,34.0078619036661],[-118.239518199519,34.0078605542586],[-118.23951811013,34.0078592021443],[-118.239518019667,34.0078578527369],[-118.239517931369,34.0078565033251],[-118.239517840901,34.0078551521146],[-118.239517752601,34.0078538018013],[-118.239517662138,34.0078524523938],[-118.239517573835,34.007851101179],[-118.239517483369,34.00784975087],[-118.239517395066,34.0078483996552],[-118.239517306768,34.0078470502434],[-118.239517216302,34.0078456999345],[-118.239517127999,34.0078443487196],[-118.239517037536,34.0078429993121],[-118.239516949238,34.0078416499004],[-118.239516858768,34.0078402977883],[-118.239516768305,34.0078389483809],[-118.239516680007,34.0078375989691],[-118.239516589536,34.0078362468571],[-118.239516500155,34.0078348974475],[-118.239516409692,34.00783354804],[-118.239516319222,34.0078321959279],[-118.239516230924,34.0078308465162],[-118.239516140461,34.0078294971087],[-118.239516049993,34.0078281458982],[-118.239515961692,34.0078267955849],[-118.239515871229,34.0078254461774],[-118.239515780761,34.0078240949669],[-118.239515692461,34.0078227446536],[-118.239515601993,34.0078213934431],[-118.239515513695,34.0078200440313],[-118.239515423229,34.0078186937223],[-118.239515332761,34.0078173425118],[-118.239515242298,34.0078159931043],[-118.239515154,34.0078146436926],[-118.239515063529,34.0078132915805],[-118.239514973061,34.00781194037],[-118.239514882598,34.0078105909625],[-118.239514794298,34.0078092406493],[-118.23951470383,34.0078078894387],[-118.239514613367,34.0078065400312],[-118.239514522901,34.0078051897222],[-118.239514432433,34.0078038385117],[-118.239514344135,34.0078024891],[-118.23951425259,34.0078011396946],[-118.239514162119,34.0077997875826],[-118.239514071657,34.0077984381752],[-118.239513981194,34.0077970887677],[-118.239513890723,34.0077957366556],[-118.23951380026,34.0077943872482],[-118.239513709797,34.0077930378407],[-118.239513621494,34.0077916866259],[-118.239513531029,34.0077903363169],[-118.239513440566,34.0077889869094],[-118.239513350103,34.0077876375019],[-118.239513259632,34.0077862853899],[-118.23951316917,34.0077849359824],[-118.239513078707,34.007783586575],[-118.239512988236,34.0077822344629],[-118.239512897773,34.0077808850555],[-118.23951280731,34.007779535648],[-118.239512716842,34.0077781844375],[-118.239512626377,34.0077768341285],[-118.239512535914,34.007775484721],[-118.239512445446,34.0077741335105],[-118.239512354981,34.0077727832015],[-118.239512264518,34.007771433794],[-118.23951217405,34.0077700825835],[-118.239512083584,34.0077687322745],[-118.239511993116,34.007767381064],[-118.239511902654,34.0077660316566],[-118.239511812188,34.0077646813475],[-118.239511719555,34.0077633301413],[-118.239511629092,34.0077619807339],[-118.239511538629,34.0077606313264],[-118.239511448159,34.0077592792143],[-118.239511357696,34.0077579298069],[-118.239511267233,34.0077565803994],[-118.239511176763,34.0077552282874],[-118.2395110863,34.0077538788799],[-118.239510993672,34.0077525294767],[-118.239510903204,34.0077511782662],[-118.239510812739,34.0077498279572],[-118.239510722276,34.0077484785497],[-118.239510631808,34.0077471273393],[-118.239510539178,34.0077457770345],[-118.239510448715,34.0077444276271],[-118.239510358247,34.0077430764165],[-118.239510267781,34.0077417261075],[-118.239510177314,34.0077403748971],[-118.239510084691,34.0077390272969],[-118.23950999422,34.0077376751849],[-118.239509903758,34.0077363257774],[-118.23950981113,34.0077349763742],[-118.239509720662,34.0077336251637],[-118.239509630197,34.0077322748547],[-118.239509539734,34.0077309254473],[-118.239509447101,34.0077295742411],[-118.239509356636,34.0077282239321],[-118.239509266168,34.0077268727215],[-118.23950917354,34.0077255233184],[-118.239509083075,34.0077241730094],[-118.239508992607,34.0077228217989],[-118.239508901061,34.0077214723935],[-118.239508810599,34.007720122986],[-118.239508717963,34.0077187708783],[-118.2395086275,34.0077174214709],[-118.239508537038,34.0077160720634],[-118.239508444402,34.0077147199556],[-118.239508353945,34.0077133723512],[-118.239508261312,34.007712021145],[-118.239508170846,34.0077106708361],[-118.239508078214,34.0077093196298],[-118.239507987751,34.0077079702223],[-118.239507895121,34.0077066199176],[-118.239507804653,34.0077052687071],[-118.23950771419,34.0077039192996],[-118.239507621562,34.0077025698965],[-118.239507528927,34.0077012177887],[-118.239507436299,34.0076998683856],[-118.239507345836,34.0076985189781],[-118.239507253201,34.0076971668703],[-118.239507162738,34.0076958174629],[-118.239507070111,34.0076944680597],[-118.239506979645,34.0076931177507],[-118.239506887012,34.0076917665445],[-118.23950679655,34.007690417137],[-118.239506703922,34.0076890677339],[-118.239506612369,34.007687715624],[-118.239506521906,34.0076863662165],[-118.239506429279,34.0076850168133],[-118.239506338808,34.0076836647013],[-118.239506246181,34.0076823152982],[-118.239506153553,34.007680965895],[-118.239506063083,34.0076796137829],[-118.239505970455,34.0076782643798],[-118.239505877827,34.0076769149766],[-118.239505787362,34.0076755646676],[-118.239505694729,34.0076742134614],[-118.239505602102,34.0076728640582],[-118.239505509474,34.0076715146551],[-118.239505416839,34.0076701625473],[-118.239505326376,34.0076688131398],[-118.239505233748,34.0076674637366],[-118.239505141113,34.007666111629],[-118.23950505065,34.0076647622215],[-118.239504958023,34.0076634128183],[-118.239504866475,34.0076620625115],[-118.239504773842,34.0076607113053],[-118.239504681214,34.0076593619021],[-118.239504590752,34.0076580124946],[-118.239504498117,34.0076566603868],[-118.239504405489,34.0076553109836],[-118.239504312861,34.0076539615805],[-118.239504220226,34.0076526094728],[-118.239504127598,34.0076512600696],[-118.239504034971,34.0076499106664],[-118.23950394234,34.0076485603617],[-118.239503849708,34.0076472091555],[-118.239503759245,34.007645859748],[-118.239503666615,34.0076445094434],[-118.239503575065,34.007643158235],[-118.239503482437,34.0076418088318],[-118.23950338981,34.0076404594286],[-118.239503297174,34.0076391073209],[-118.239503204552,34.0076377597208],[-118.239503111919,34.0076364085146],[-118.239503019289,34.0076350582099],[-118.239502926656,34.0076337070037],[-118.239502834029,34.0076323576005],[-118.239502741398,34.0076310072958],[-118.239502648766,34.0076296560896],[-118.239502557221,34.0076283066843],[-118.239502464593,34.0076269572811],[-118.239502371963,34.0076256069764],[-118.239502279335,34.0076242575732],[-118.239502186703,34.007622906367],[-118.239502094073,34.0076215560623],[-118.239501999275,34.0076202048604],[-118.239501906647,34.0076188554572],[-118.239501814017,34.0076175051526],[-118.23950172139,34.0076161557494],[-118.239501628762,34.0076148063462],[-118.239501537209,34.0076134542363],[-118.239501444582,34.0076121048332],[-118.239501351954,34.00761075543],[-118.239501259322,34.0076094042238],[-118.239501166691,34.0076080539191],[-118.239501071899,34.0076067045202],[-118.239500979271,34.0076053551171],[-118.239500886636,34.0076040030093],[-118.239500794009,34.0076026536061],[-118.239500699216,34.0076013042072],[-118.239500607663,34.0075999520974],[-118.239500515036,34.0075986026942],[-118.239500422408,34.007597253291],[-118.239500329778,34.0075959029864],[-118.239500234981,34.0075945517844],[-118.239500142353,34.0075932023813],[-118.239500047561,34.0075918529824],[-118.239499954925,34.0075905008746],[-118.239499862298,34.0075891514715],[-118.239499770753,34.0075878020662],[-118.239499675958,34.0075864517658],[-118.239499583325,34.0075851005595],[-118.239499490698,34.0075837511564],[-118.239499395903,34.007582400856],[-118.23949930327,34.0075810496498],[-118.239499208483,34.007579702054],[-118.239499115848,34.0075783499462],[-118.23949902322,34.007577000543],[-118.23949892951,34.0075756511421],[-118.239498836878,34.0075742999358],[-118.239498744248,34.0075729496311],[-118.239498649455,34.0075716002323],[-118.239498556828,34.0075702508291],[-118.239498462027,34.0075688987256],[-118.2394983694,34.0075675493225],[-118.23949827569,34.0075661999214],[-118.239498183055,34.0075648478137],[-118.239498090427,34.0075634984106],[-118.239497995635,34.0075621490117],[-118.23949790084,34.0075607987113],[-118.239497808207,34.0075594475051],[-118.239497713415,34.0075580981062],[-118.239497620788,34.0075567487031],[-118.239497527075,34.0075553984005],[-118.239497434448,34.0075540489973],[-118.23949733965,34.0075526977954],[-118.239497244855,34.007551347495],[-118.239497152222,34.0075499962888],[-118.239497057435,34.007548648693],[-118.2394969648,34.0075472965853],[-118.23949687109,34.0075459471842],[-118.239496778463,34.007544597781],[-118.239496683663,34.0075432456776],[-118.239496591035,34.0075418962744],[-118.239496496243,34.0075405468756],[-118.239496401451,34.0075391974767],[-118.23949630665,34.0075378453733],[-118.239496215106,34.0075364959679],[-118.239496120313,34.0075351465691],[-118.239496027683,34.0075337962644],[-118.239495930726,34.0075324468698],[-118.239495838093,34.0075310956636],[-118.239495743298,34.0075297453632],[-118.239495650666,34.007528394157],[-118.239495556961,34.007527046559],[-118.239495462161,34.0075256944556],[-118.239495369534,34.0075243450524],[-118.239495272576,34.0075229956578],[-118.239495179944,34.0075216444516],[-118.239495085149,34.0075202941512],[-118.239494991439,34.0075189447503],[-118.239494898812,34.0075175953471],[-118.239494804012,34.0075162432436],[-118.239494709219,34.0075148938447],[-118.239494614427,34.0075135444459],[-118.239494519632,34.0075121941455],[-118.239494425917,34.0075108429414],[-118.23949433329,34.0075094935383],[-118.239494238495,34.0075081432379],[-118.239494141537,34.0075067938432],[-118.23949404891,34.0075054444401],[-118.239493954113,34.0075040932382],[-118.2394938604,34.0075027429356],[-118.239493765608,34.0075013935368],[-118.239493670816,34.0075000441379],[-118.239493576016,34.0074986920345],[-118.239493481223,34.0074973426356],[-118.239493386431,34.0074959932367],[-118.239493292719,34.0074946429342],[-118.239493200091,34.007493293531],[-118.239493105294,34.0074919423291],[-118.239493008334,34.007490592033],[-118.239492913542,34.0074892426342],[-118.239492819832,34.0074878932331],[-118.239492725032,34.0074865411297],[-118.239492632405,34.0074851917265],[-118.239492535447,34.007483842332],[-118.239492440653,34.0074824920316],[-118.239492345855,34.0074811408296],[-118.239492252145,34.0074797914287],[-118.239492157353,34.0074784420298],[-118.239492062558,34.0074770917294],[-118.239491967766,34.0074757423305],[-118.239491872969,34.0074743911286],[-118.239491779256,34.007473040826],[-118.239491684464,34.0074716914272],[-118.239491589672,34.0074703420283],[-118.239491492707,34.0074689899292],[-118.239491397915,34.0074676405303],[-118.239491304205,34.0074662911292],[-118.23949120941,34.0074649408289],[-118.239491114613,34.007463589627],[-118.239491017655,34.0074622402324],[-118.239490922863,34.0074608908335],[-118.239490829151,34.007459540531],[-118.239490734359,34.0074581911322],[-118.239490639561,34.0074568399302],[-118.239490542601,34.0074554896341],[-118.239490447809,34.0074541402352],[-118.2394903541,34.0074527908342],[-118.2394902593,34.0074514387308],[-118.239490164507,34.0074500893319],[-118.23949006755,34.0074487399374],[-118.239489972755,34.007447389637],[-118.239489879041,34.0074460384329],[-118.239489782089,34.0074446908414],[-118.239489687289,34.0074433387379],[-118.239489590331,34.0074419893434],[-118.239489495539,34.0074406399445],[-118.239489401827,34.007439289642],[-118.23948930703,34.00743793844],[-118.239489210072,34.0074365890455],[-118.23948911528,34.0074352396466],[-118.239489019403,34.0074338893484],[-118.239488924611,34.0074325399495],[-118.239488829814,34.0074311887476],[-118.239488732854,34.0074298384515],[-118.239488638062,34.0074284890526],[-118.239488542187,34.0074271396559],[-118.239488447387,34.0074257875524],[-118.23948835043,34.0074244381579],[-118.239488255638,34.007423088759],[-118.239488159761,34.0074217384608],[-118.239488064963,34.0074203872588],[-118.239487970176,34.007419039663],[-118.239487873214,34.0074176884654],[-118.239487776254,34.0074163381693],[-118.239487682545,34.0074149887683],[-118.239487587753,34.0074136393694],[-118.239487490788,34.0074122872703],[-118.239487393831,34.0074109378758],[-118.239487300121,34.0074095884747],[-118.239487203161,34.0074082381786],[-118.239487106199,34.007406886981],[-118.239487011407,34.0074055375821],[-118.239486916612,34.0074041872817],[-118.239486820738,34.0074028378851],[-118.239486725946,34.0074014884862],[-118.239486628986,34.0074001381901],[-118.239486532024,34.0073987869924],[-118.239486438314,34.0073974375914],[-118.239486341354,34.0073960872953],[-118.239486244397,34.0073947379008],[-118.23948614744,34.0073933885062],[-118.239486053725,34.0073920373021],[-118.239485956766,34.007390687006],[-118.239485859809,34.0073893376114],[-118.239485765017,34.0073879882126],[-118.239485669139,34.0073866379144],[-118.239485572182,34.0073852885198],[-118.23948547522,34.0073839373222],[-118.239485380426,34.0073825870218],[-118.239485284551,34.0073812376251],[-118.239485189759,34.0073798882262],[-118.239485090629,34.0073785361313],[-118.239484995837,34.0073771867325],[-118.239484899963,34.0073758373357],[-118.239484803003,34.0073744870397],[-118.239484706046,34.0073731376451],[-118.239484611254,34.0073717882462],[-118.239484515374,34.0073704370464],[-118.239484418415,34.0073690867504],[-118.239484321457,34.0073677373558],[-118.2394842245,34.0073663879613],[-118.239484128623,34.007365037663],[-118.239484033831,34.0073636882641],[-118.239483934704,34.0073623370708],[-118.23948383991,34.0073609867704],[-118.239483744035,34.0073596373737],[-118.239483647078,34.0073582879792],[-118.239483550118,34.007356937683],[-118.239483454239,34.0073555864833],[-118.239483357282,34.0073542370887],[-118.239483260322,34.0073528867926],[-118.239483163365,34.007351537398],[-118.239483067491,34.0073501880013],[-118.239482970531,34.0073488377053],[-118.239482873569,34.0073474865076],[-118.239482776612,34.007346137113],[-118.239482680735,34.0073447868148],[-118.239482585943,34.007343437416],[-118.239482486821,34.0073420880257],[-118.239482390944,34.0073407377274],[-118.239482293982,34.0073393865298],[-118.239482197025,34.0073380371352],[-118.239482100068,34.0073366877407],[-118.239482004191,34.0073353374424],[-118.239481907234,34.0073339880479],[-118.239481810277,34.0073326386533],[-118.239481714395,34.007331286552],[-118.239481617438,34.0073299371574],[-118.239481518316,34.0073285877672],[-118.239481421356,34.0073272374711],[-118.239481325477,34.0073258862713],[-118.239481228525,34.0073245386798],[-118.23948113156,34.0073231865807],[-118.239481035686,34.0073218371839],[-118.239480938729,34.0073204877894],[-118.239480839604,34.0073191374976],[-118.239480742642,34.0073177863],[-118.239480646773,34.0073164387063],[-118.239480549811,34.0073150875087],[-118.239480452851,34.0073137372125],[-118.239480354812,34.0073123878202],[-118.239480257855,34.0073110384256],[-118.239480160896,34.0073096881295],[-118.239480063939,34.0073083387349],[-118.239479968059,34.0073069875352],[-118.239479868935,34.0073056372434],[-118.239479771978,34.0073042878488],[-118.239479676103,34.0073029384521],[-118.239479576979,34.0073015881603],[-118.239479480017,34.0073002369626],[-118.239479384143,34.007298887566],[-118.239479285018,34.0072975372742],[-118.239479188061,34.0072961878796],[-118.239479091104,34.007294838485],[-118.239478993062,34.0072934881911],[-118.2394788961,34.0072921369935],[-118.239478798066,34.0072907894041],[-118.239478701104,34.0072894382065],[-118.23947860198,34.0072880879147],[-118.239478505023,34.0072867385201],[-118.239478409149,34.0072853891234],[-118.239478310024,34.0072840388316],[-118.239478213067,34.007282689437],[-118.239478117188,34.0072813382373],[-118.239478018063,34.0072799879455],[-118.239477921106,34.0072786385509],[-118.239477823067,34.0072772891585],[-118.239477726108,34.0072759388624],[-118.239477626986,34.0072745894721],[-118.239477531112,34.0072732400754],[-118.239477431982,34.0072718879806],[-118.239477335025,34.007270538586],[-118.239477236986,34.0072691891936],[-118.239477140026,34.0072678388975],[-118.239477040905,34.0072664895072],[-118.239476942865,34.0072651401148],[-118.239476845901,34.0072637880156],[-118.239476746779,34.0072624386254],[-118.239476650905,34.0072610892286],[-118.23947655178,34.0072597389369],[-118.239476452658,34.0072583895466],[-118.239476356784,34.0072570401499],[-118.23947625766,34.0072556898581],[-118.239476160698,34.0072543386605],[-118.239476062664,34.0072529910711],[-118.239475965702,34.0072516398735],[-118.239475866577,34.0072502895817],[-118.239475768538,34.0072489401893],[-118.239475671581,34.0072475907947],[-118.239475572457,34.0072462405029],[-118.239475474418,34.0072448911105],[-118.239475375296,34.0072435417202],[-118.239475276167,34.0072421896254],[-118.239475180292,34.0072408402287],[-118.239475081171,34.0072394908384],[-118.239474982046,34.0072381405466],[-118.239474886172,34.0072367911499],[-118.23947478705,34.0072354417596],[-118.239474687921,34.0072340896648],[-118.239474589881,34.0072327402724],[-118.23947449076,34.0072313908821],[-118.2394743938,34.007230040586],[-118.239474295761,34.0072286911936],[-118.239474196639,34.0072273418033],[-118.239474097515,34.0072259915115],[-118.239474001636,34.0072246403117],[-118.239473900354,34.0072232927288],[-118.239473803392,34.0072219415312],[-118.239473705351,34.0072205912372],[-118.239473606229,34.007219241847],[-118.23947350819,34.0072178924545],[-118.239473409065,34.0072165421628],[-118.239473309944,34.0072151927725],[-118.239473211904,34.0072138433801],[-118.239473112775,34.0072124912852],[-118.239473013658,34.007211143698],[-118.239472917779,34.0072097924982],[-118.23947281649,34.0072084422107],[-118.239472719533,34.0072070928161],[-118.239472621494,34.0072057434238],[-118.23947252237,34.007204393132],[-118.239472424325,34.0072030419365],[-118.239472325209,34.0072016943493],[-118.23947222608,34.0072003422544],[-118.23947212804,34.007198992862],[-118.239472026754,34.007197643476],[-118.239471929794,34.00719629318],[-118.239471831755,34.0071949437876],[-118.239471730469,34.0071935944016],[-118.239471632427,34.0071922441076],[-118.239471535465,34.00719089291],[-118.239471434184,34.007189545327],[-118.239471336137,34.0071881932301],[-118.239471237015,34.0071868438398],[-118.239471137894,34.0071854944495],[-118.239471039852,34.0071841441556],[-118.23947094073,34.0071827947653],[-118.239470842691,34.0071814453729],[-118.239470743567,34.0071800950811],[-118.23947064228,34.0071787456951],[-118.239470544241,34.0071773963028],[-118.239470445114,34.0071760451094],[-118.239470347073,34.0071746948155],[-118.239470247951,34.0071733454252],[-118.239470146664,34.0071719960393],[-118.239470048623,34.0071706457453],[-118.239469949501,34.007169296355],[-118.23946985038,34.0071679469648],[-118.239469752338,34.0071665966708],[-118.239469651051,34.0071652472848],[-118.239469553012,34.0071638978924],[-118.239469451718,34.0071625458019],[-118.239469352601,34.0071611982146],[-118.239469254557,34.0071598470192],[-118.239469155433,34.0071584967274],[-118.239469057394,34.007157147335],[-118.239468956107,34.007155797949],[-118.239468856983,34.0071544476572],[-118.239468758939,34.0071530964618],[-118.239468657658,34.0071517488789],[-118.239468559611,34.0071503967818],[-118.239468458324,34.0071490473959],[-118.239468359203,34.0071476980056],[-118.239468261161,34.0071463477116],[-118.239468159875,34.0071449983257],[-118.239468061836,34.0071436489333],[-118.239467960546,34.0071422986458],[-118.239467862507,34.0071409492534],[-118.239467763386,34.0071395998631],[-118.239467662097,34.0071382495756],[-118.239467564053,34.0071368983801],[-118.239467462771,34.0071355507972],[-118.239467364727,34.0071341996017],[-118.239467265603,34.00713284931],[-118.239467164316,34.007131499924],[-118.239467064112,34.0071301505358],[-118.239466964988,34.007128800244],[-118.239466864784,34.0071274508559],[-118.239466765663,34.0071261014656],[-118.239466665456,34.007124751176],[-118.239466566335,34.0071234017857],[-118.239466465048,34.0071220523998],[-118.239466367001,34.0071207003028],[-118.23946626572,34.0071193527199],[-118.239466165511,34.0071180015287],[-118.239466066387,34.0071166512369],[-118.2394659651,34.007115301851],[-118.239465867061,34.0071139524585],[-118.239465765772,34.007112602171],[-118.239465665568,34.0071112527829],[-118.239465566447,34.0071099033926],[-118.23946546624,34.007108553103],[-118.239465364949,34.007107201914],[-118.239465265833,34.0071058543267],[-118.239465165626,34.0071045040371],[-118.239465064334,34.0071031528481],[-118.239464966301,34.0071018052587],[-118.239464865006,34.0071004531681],[-118.239464764803,34.00709910378],[-118.239464663516,34.007097754394],[-118.239464565475,34.0070964041001],[-118.239464464188,34.0070950547141],[-118.239464362902,34.0070937053282],[-118.23946426486,34.0070923550343],[-118.239464163574,34.0070910056483],[-118.23946406337,34.0070896562601],[-118.239463962081,34.0070883059726],[-118.239463864037,34.0070869547772],[-118.23946376059,34.0070856071986],[-118.239463662546,34.0070842560031],[-118.239463561257,34.0070829057156],[-118.239463459976,34.0070815581327],[-118.239463361932,34.0070802069372],[-118.239463258478,34.007078856654],[-118.239463160439,34.0070775072616],[-118.239463059153,34.0070761578756],[-118.239462958946,34.0070748075859],[-118.23946285766,34.0070734582],[-118.239462757456,34.0070721088119],[-118.239462656167,34.0070707585244],[-118.239462555963,34.0070694091363],[-118.239462456842,34.007068059746],[-118.239462353388,34.0070667094628],[-118.239462255349,34.0070653600704],[-118.239462151898,34.0070640106887],[-118.239462053851,34.0070626585918],[-118.239461950405,34.0070613110131],[-118.239461852361,34.0070599598176],[-118.239461748907,34.0070586095344],[-118.239461650868,34.007057260142],[-118.239461547417,34.0070559107603],[-118.239461449375,34.0070545604664],[-118.239461345924,34.0070532110848],[-118.23946124572,34.0070518616966],[-118.239461146596,34.0070505114048],[-118.239461044228,34.007049162021],[-118.239460942941,34.007047812635],[-118.239460841652,34.0070464623475],[-118.239460741448,34.0070451129594],[-118.239460640162,34.0070437635734],[-118.239460539956,34.0070424132838],[-118.239460438669,34.0070410638978],[-118.239460338466,34.0070397145097],[-118.239460235007,34.0070383624235],[-118.239460136973,34.0070370148341],[-118.239460033517,34.0070356636493],[-118.23945993331,34.0070343133597],[-118.239459832029,34.0070329657768],[-118.23945973182,34.0070316145856],[-118.239459628366,34.0070302643024],[-118.239459528162,34.0070289149143],[-118.239459426876,34.0070275655283],[-118.23945932667,34.0070262152387],[-118.239459223219,34.007024865857],[-118.239459123015,34.0070235164689],[-118.239459021726,34.0070221661814],[-118.239458921522,34.0070208167933],[-118.239458818071,34.0070194674116],[-118.239458717865,34.007018117122],[-118.239458616578,34.007016767736],[-118.239458516375,34.0070154183479],[-118.239458412921,34.0070140680647],[-118.239458312712,34.0070127168735],[-118.239458211431,34.0070113692906],[-118.239458110142,34.0070100190031],[-118.239458007768,34.0070086678162],[-118.239457906487,34.0070073202333],[-118.239457806275,34.0070059681406],[-118.239457703907,34.0070046187568],[-118.239457600461,34.0070032711782],[-118.239457500249,34.0070019190854],[-118.239457398963,34.0070005696995],[-118.239457297677,34.0069992203136],[-118.239457195306,34.0069978700282],[-118.239457094019,34.0069965206422],[-118.239456991651,34.0069951712584],[-118.239456891444,34.0069938209688],[-118.239456787993,34.006992471587],[-118.239456687789,34.0069911221989],[-118.239456584336,34.0069897719157],[-118.239456484132,34.0069884225276],[-118.239456380681,34.006987073146],[-118.239456280474,34.0069857228563],[-118.239456177023,34.0069843734746],[-118.23945607682,34.0069830240865],[-118.239455973366,34.0069816738033],[-118.239455873162,34.0069803244152],[-118.239455769711,34.0069789750335],[-118.239455669505,34.0069776247439],[-118.239455566054,34.0069762753622],[-118.23945546585,34.0069749259741],[-118.239455362396,34.0069735756909],[-118.239455262193,34.0069722263028],[-118.239455158741,34.0069708769211],[-118.23945505637,34.0069695266358],[-118.239454955084,34.0069681772498],[-118.239454852715,34.0069668278659],[-118.239454749262,34.0069654775828],[-118.239454649053,34.0069641263916],[-118.239454545607,34.006962778813],[-118.239454445401,34.0069614285233],[-118.239454341944,34.0069600773386],[-118.239454239581,34.0069587297579],[-118.23945413721,34.0069573794725],[-118.239454033754,34.0069560282877],[-118.239453933555,34.0069546807027],[-118.239453830101,34.0069533304195],[-118.239453727728,34.0069519792326],[-118.239453624282,34.006950631654],[-118.239453524073,34.0069492804628],[-118.239453420619,34.0069479301796],[-118.239453320421,34.0069465825946],[-118.2394532148,34.0069452314141],[-118.239453114593,34.0069438811245],[-118.239453011148,34.0069425335459],[-118.239452908774,34.006941182359],[-118.239452806403,34.0069398320736],[-118.239452702957,34.006938484495],[-118.239452602748,34.0069371333039],[-118.239452499294,34.0069357830207],[-118.239452396931,34.0069344354399],[-118.239452293475,34.0069330842552],[-118.239452191104,34.0069317339698],[-118.239452087658,34.0069303863912],[-118.239451987449,34.0069290352],[-118.239451883995,34.0069276849168],[-118.239451779467,34.0069263373403],[-118.239451679258,34.0069249861492],[-118.239451575805,34.006923635866],[-118.239451473441,34.0069222882852],[-118.239451369985,34.0069209371005],[-118.239451267614,34.0069195868152],[-118.239451164168,34.0069182392365],[-118.239451061794,34.0069168880497],[-118.239450958341,34.0069155377664],[-118.239450855977,34.0069141901857],[-118.239450753604,34.0069128389988],[-118.23945065015,34.0069114887156],[-118.239450547787,34.0069101411348],[-118.239450444331,34.0069087899501],[-118.23945034196,34.0069074396648],[-118.239450238514,34.0069060920861],[-118.23945013614,34.0069047408993],[-118.239450033769,34.0069033906139],[-118.239449928158,34.0069020430396],[-118.23944982795,34.0069006918484],[-118.239449722331,34.0068993415696],[-118.239449619968,34.0068979939887],[-118.239449516512,34.006896642804],[-118.239449414141,34.0068952925187],[-118.239449311777,34.0068939449379],[-118.239449208321,34.0068925937532],[-118.23944910595,34.0068912434679],[-118.239449000339,34.0068898958935],[-118.239448897971,34.0068885465097],[-118.239448794512,34.0068871944234],[-118.239448692149,34.0068858468426],[-118.23944858978,34.0068844974589],[-118.239448484157,34.0068831453769],[-118.239448381793,34.0068817977961],[-118.239448278342,34.0068804484145],[-118.239448175966,34.0068790963261],[-118.239448071438,34.0068777487496],[-118.239447967987,34.0068763993679],[-118.239447865616,34.0068750490826],[-118.239447762165,34.0068736997009],[-118.239447659797,34.006872350317],[-118.239447554178,34.0068710000382],[-118.23944745181,34.0068696506544],[-118.239447347276,34.0068683012748],[-118.239447243823,34.0068669509917],[-118.239447141455,34.0068656016078],[-118.239447035839,34.0068642522305],[-118.239446933468,34.0068629019451],[-118.239446831099,34.0068615525612],[-118.239446725483,34.0068602031839],[-118.239446623112,34.0068588528985],[-118.239446517497,34.0068575035211],[-118.239446415128,34.0068561541374],[-118.239446312757,34.006854803852],[-118.239446207141,34.0068534544746],[-118.239446104773,34.0068521050908],[-118.239445999155,34.0068507548119],[-118.239445896786,34.0068494054281],[-118.239445793335,34.0068480560464],[-118.239445688799,34.0068467057653],[-118.239445586431,34.0068453563815],[-118.239445480815,34.0068440070042],[-118.239445378444,34.0068426567189],[-118.239445273911,34.0068413073393],[-118.239445168295,34.0068399579619],[-118.239445065924,34.0068386076766],[-118.239444960313,34.0068372601023],[-118.23944485794,34.0068359089153],[-118.239444755569,34.00683455863],[-118.239444649959,34.0068332110557],[-118.239444545423,34.0068318607747],[-118.239444441967,34.0068305095899],[-118.239444337438,34.0068291620135],[-118.239444235068,34.0068278117281],[-118.239444129452,34.0068264623507],[-118.239444027083,34.0068251129669],[-118.239443922548,34.0068237626858],[-118.239443816932,34.0068224133085],[-118.239443714563,34.0068210639247],[-118.239443608945,34.0068197136457],[-118.239443504412,34.0068183642662],[-118.239443399878,34.0068170148867],[-118.239443296425,34.0068156646035],[-118.239443191892,34.006814315224],[-118.239443087359,34.0068129658444],[-118.23944298174,34.0068116155655],[-118.239442879372,34.0068102661818],[-118.239442773756,34.0068089168044],[-118.23944266922,34.0068075665233],[-118.239442566852,34.0068062171395],[-118.239442461242,34.0068048695652],[-118.239442356701,34.0068035174811],[-118.239442252167,34.0068021681015],[-118.239442146557,34.0068008205272],[-118.239442044186,34.0067994702419],[-118.239441938565,34.0067981190615],[-118.239441834037,34.006796771485],[-118.239441729501,34.0067954212039],[-118.239441623885,34.0067940718265],[-118.239441519352,34.006792722447],[-118.239441416981,34.0067913721617],[-118.239441311366,34.0067900227843],[-118.239441206832,34.0067886734048],[-118.239441102297,34.0067873231237],[-118.239440996681,34.0067859737463],[-118.239440894313,34.0067846243625],[-118.239440789777,34.0067832740815],[-118.239440682001,34.0067819265115],[-118.239440579633,34.0067805771276],[-118.23944047401,34.0067792250457],[-118.239440369482,34.0067778774692],[-118.239440264949,34.0067765280897],[-118.23944015933,34.0067751778108],[-118.239440054797,34.0067738284313],[-118.239439950264,34.0067724790517],[-118.239439844646,34.0067711287728],[-118.239439740113,34.0067697793933],[-118.239439635579,34.0067684300138],[-118.239439529961,34.0067670797349],[-118.239439425428,34.0067657303553],[-118.239439320895,34.0067643809758],[-118.239439215277,34.0067630306969],[-118.239439108584,34.0067616831247],[-118.23943900621,34.0067603319379],[-118.239438898427,34.0067589816633],[-118.239438796064,34.0067576340825],[-118.239438689363,34.0067562838057],[-118.239438583748,34.0067549344284],[-118.239438479215,34.0067535850489],[-118.239438374679,34.0067522347678],[-118.239438269063,34.0067508853904],[-118.239438162365,34.0067495360152],[-118.239438059994,34.0067481857299],[-118.239437952214,34.0067468363568],[-118.239437849846,34.0067454869729],[-118.239437743145,34.0067441366962],[-118.239437637529,34.0067427873188],[-118.239437530836,34.0067414397467],[-118.239437428461,34.0067400876583],[-118.23943732068,34.0067387382852],[-118.239437216152,34.0067373907087],[-118.239437111616,34.0067360404277],[-118.239437003836,34.0067346910546],[-118.239436899303,34.006733341675],[-118.239436794767,34.006731991394],[-118.239436689151,34.0067306420166],[-118.239436582453,34.0067292926414],[-118.239436477918,34.0067279423603],[-118.239436372302,34.006726592983],[-118.239436265609,34.0067252454108],[-118.239436161069,34.0067238933267],[-118.239436056535,34.0067225439472],[-118.23943594876,34.0067211963771],[-118.239435844224,34.0067198460961],[-118.239435739691,34.0067184967166],[-118.239435631911,34.0067171473435],[-118.239435527375,34.0067157970624],[-118.239435422842,34.0067144476829],[-118.239435315062,34.0067130983098],[-118.239434338284,34.0067004851711],[-118.23925330136,34.0043631579099],[-118.239215011186,34.0039227330453],[-118.238533024397,33.9961189276313],[-118.237947201595,33.9893979458874],[-118.237993039371,33.9893982061884],[-118.23802214081,33.9893985211213],[-118.239010794411,33.9894092343541],[-118.239020889244,33.989409352293],[-118.241006807078,33.9894308470843],[-118.24133669997,33.9894344745368],[-118.241338265004,33.9894344903389],[-118.243380251023,33.9894563649261],[-118.243602169266,33.9894587479403],[-118.243753194326,33.9894603659297],[-118.243893696045,33.9894618959146],[-118.244154376528,33.9894646665555],[-118.244484188276,33.9894682026276],[-118.244484221827,33.9894682025596],[-118.244814095213,33.9894717105594],[-118.245143965574,33.9894745442232],[-118.245473843532,33.9894773769698],[-118.245498569696,33.9894778134938],[-118.245597547958,33.9894795629954],[-118.245671750276,33.9894808769353],[-118.245696487844,33.9894811421054],[-118.24762844317,33.989501882308],[-118.247892340571,33.9894991975586],[-118.252007131136,33.9894999901108],[-118.252204334534,33.9894998251403],[-118.255409784414,33.989497184305],[-118.255444177311,33.9894971556811],[-118.256448184613,33.9895028487487],[-118.256457853868,33.9926095618739],[-118.256493126822,34.0039428366973],[-118.256527186219,34.0148858513815],[-118.254284186721,34.0203828517495],[-118.250457186237,34.0245488525983],[-118.246050184817,34.0219058520916]]]},"properties":{"name":"Central-Alameda"}},{"type":"Feature","geometry":{"type":"Polygon","coordinates":[[[-118.41266520212,34.0607328712284],[-118.412216216275,34.0601058468981],[-118.411872467945,34.0602764055216],[-118.411648109648,34.0603876932511],[-118.411563190485,34.0604298120941],[-118.41063241114,34.0591233868872],[-118.410657272648,34.0591110306572],[-118.410714231054,34.0590824999166],[-118.410675840453,34.059028436484],[-118.408696143639,34.0562638559336],[-118.408673583538,34.0562323524098],[-118.408533765927,34.0560370832942],[-118.407152725807,34.0541083461783],[-118.406958896663,34.053837629417],[-118.406176679846,34.0527450919495],[-118.406113866901,34.0527812419802],[-118.406035214864,34.0526708466727],[-118.411287834861,34.0496423727244],[-118.417078215704,34.0463038453405],[-118.417082197212,34.0463084663791],[-118.421442216864,34.0513688455854],[-118.421574217215,34.0524978462529],[-118.422825217721,34.0534268456793],[-118.423388218153,34.056479845966],[-118.42419121754,34.0575688463293],[-118.414357118576,34.0643282283323],[-118.414356061535,34.064326742622],[-118.414305818646,34.0642578294117],[-118.414295921898,34.0642442546814],[-118.414285265798,34.0642293699192],[-118.414228843858,34.0641505618832],[-118.414192719695,34.0641005432679],[-118.413526609525,34.0631703955801],[-118.413528778933,34.063168574263],[-118.414178216391,34.0628458476581],[-118.414178098586,34.062845683081],[-118.414178601058,34.0628454334357],[-118.413833598035,34.0623639772625],[-118.413629863089,34.0620783646626],[-118.413628892274,34.0620770021613],[-118.413526965869,34.0619361923868],[-118.413424833698,34.0617935693434],[-118.413220889148,34.0615088177543],[-118.413016937044,34.0612240099599],[-118.412843354877,34.060981667616],[-118.41266520212,34.0607328712284]]]},"properties":{"name":"Century City"}},{"type":"Feature","geometry":{"type":"MultiPolygon","coordinates":[[[[-118.66275327032,34.2129038500049],[-118.662776230526,34.2093538984778],[-118.662776284205,34.2093817182253],[-118.662777560118,34.2100460510864],[-118.662783034659,34.2129278313832],[-118.662783037929,34.2129282433738],[-118.661298592501,34.2129311170766],[-118.658417064388,34.2129374623026],[-118.658186354969,34.2129379755832],[-118.657646149075,34.212939127073],[-118.657427346004,34.2129394362524],[-118.657385107291,34.2129395269158],[-118.656816985037,34.2129407452381],[-118.6551467201,34.212944580004],[-118.654875191744,34.2129450862079],[-118.654608625957,34.2129455829845],[-118.654231955815,34.2129462833093],[-118.654141547644,34.2129464511802],[-118.66275327032,34.2129038500049]]],[[[-118.653252268792,34.212950850073],[-118.653252439162,34.2129508491532],[-118.653041854217,34.2137956733793],[-118.653252268792,34.212950850073]]],[[[-118.654059269882,34.2271138521321],[-118.654059316704,34.2271092990524],[-118.654059319069,34.2271138960422],[-118.654039978377,34.2271138770623],[-118.654059269882,34.2271138521321]]],[[[-118.652813531085,34.2271149467965],[-118.652873270137,34.2271148517055],[-118.65287327233,34.2271155485916],[-118.652813531085,34.2271149467965]]],[[[-118.649798409742,34.2271197338716],[-118.652495592111,34.2271154516454],[-118.652190706288,34.2271179354345],[-118.652176282508,34.2271180681642],[-118.652175290505,34.2271180735104],[-118.652091034004,34.227118775491],[-118.65190307077,34.2271203102021],[-118.651786263288,34.2271212684594],[-118.651315096799,34.227120948275],[-118.649798409742,34.2271197338716]]],[[[-118.653303269684,34.2271148516527],[-118.653306726615,34.2271148474147],[-118.653308432247,34.2275610007692],[-118.652878363119,34.2275621128142],[-118.652877594685,34.227356828671],[-118.653304270422,34.2273538516052],[-118.653303269684,34.2271148516527]]],[[[-118.649233736917,34.2290897077471],[-118.649289136463,34.2288672362605],[-118.649252300615,34.2290154349687],[-118.649233736917,34.2290897077471]]],[[[-118.649003927898,34.2300125593394],[-118.649141872406,34.229458608852],[-118.649122374274,34.2295380867621],[-118.649097940788,34.2296376803689],[-118.649029028402,34.2299145461982],[-118.649016402827,34.2299638457263],[-118.649003927898,34.2300125593394]]],[[[-118.648970326713,34.2301474941411],[-118.648983198613,34.2300958050926],[-118.648971969289,34.2301413917594],[-118.648970326713,34.2301474941411]]],[[[-118.648706774265,34.2312058531658],[-118.648816181759,34.2307665023418],[-118.648809695299,34.2307930534915],[-118.648711942612,34.23118622848],[-118.648710662902,34.2311912605766],[-118.648706949021,34.2312058531305],[-118.648706847919,34.2312062521573],[-118.648701444519,34.2312274765501],[-118.648345008292,34.2326586130169],[-118.648706774265,34.2312058531658]]],[[[-118.631475226568,34.2370228960477],[-118.631475267502,34.2370228543629],[-118.632307330874,34.237079904664],[-118.632211399082,34.2370739849924],[-118.632105896641,34.2370666763597],[-118.632000300853,34.2370600830504],[-118.631894892245,34.2370521156135],[-118.631789359171,34.2370450547908],[-118.631683887752,34.2370373886154],[-118.631570473161,34.2370295167749],[-118.631475226568,34.2370228960477]]],[[[-118.632516347766,34.2370943128003],[-118.632500834684,34.2370931722758],[-118.633110543656,34.2371349779299],[-118.633029423328,34.2371294484266],[-118.632996120884,34.2371271776093],[-118.632963252029,34.2371253976623],[-118.632731423959,34.2371091333615],[-118.63254965144,34.237096749628],[-118.632516347766,34.2370943128003]]],[[[-118.63379021659,34.2371815800263],[-118.633558953561,34.2371658633931],[-118.633525485672,34.2371635376914],[-118.63349274547,34.2371612631659],[-118.633361281034,34.2371521694144],[-118.63379021659,34.2371815800263]]],[[[-118.63379021659,34.2371815800263],[-118.634959385731,34.2372617443775],[-118.634915154785,34.2372588408361],[-118.634832464545,34.2372535966498],[-118.634764218821,34.2372494288288],[-118.634749807936,34.2372484910692],[-118.634584285733,34.2372367734451],[-118.634367252449,34.2372213416581],[-118.634319649601,34.2372179669337],[-118.634319614845,34.2372179644112],[-118.634087589649,34.2372021148448],[-118.634054883491,34.2371998961889],[-118.634021448139,34.2371975704537],[-118.63379021659,34.2371815800263]]],[[[-118.635163036981,34.2372757532714],[-118.635146616097,34.2372745817879],[-118.635550410043,34.2373022681292],[-118.635487985613,34.2372980647372],[-118.635163036981,34.2372757532714]]],[[[-118.641043853688,34.237678928906],[-118.641019954075,34.2376774254908],[-118.639209218567,34.2375533432735],[-118.637504487456,34.2374364812807],[-118.637487968025,34.2374353494003],[-118.637454963906,34.2374330863511],[-118.637421825154,34.2374306770497],[-118.637223336476,34.2374170333388],[-118.63719049307,34.2374147756823],[-118.636999879787,34.2374016824601],[-118.63696657712,34.2373994118338],[-118.636933639388,34.2373971672258],[-118.636685292671,34.2373802211887],[-118.63668479645,34.2373802030636],[-118.63643731046,34.2373632312545],[-118.636404106389,34.2373609320071],[-118.636371002609,34.2373586881193],[-118.636315189601,34.2373548596933],[-118.636233356286,34.237349272074],[-118.636137118474,34.2373425908032],[-118.635725678435,34.2373142857452],[-118.641043853688,34.237678928906]]],[[[-118.641043853688,34.237678928906],[-118.641628309986,34.2377190025143],[-118.641336100561,34.2376990809109],[-118.641043853688,34.237678928906]]],[[[-118.641628309986,34.2377190025143],[-118.642504987376,34.2377791117348],[-118.642277522347,34.2377636656522],[-118.642212770418,34.2377592553942],[-118.642121998388,34.2377530051565],[-118.641920556711,34.2377390972141],[-118.641628309986,34.2377190025143]]],[[[-118.642504987376,34.2377791117348],[-118.643146954181,34.2378231289102],[-118.642976024179,34.2378114803373],[-118.642797227625,34.2377992954108],[-118.642504987376,34.2377791117348]]],[[[-118.643504967805,34.2378477999549],[-118.64330395879,34.2378338938153],[-118.643769404991,34.2378658144859],[-118.643504967805,34.2378477999549]]],[[[-118.644247301397,34.237898699164],[-118.644131318759,34.237890621955],[-118.645281012956,34.2379694515472],[-118.645243482952,34.2379670641914],[-118.645143805274,34.2379601767157],[-118.645092526542,34.2379567401711],[-118.644827788391,34.2379384205519],[-118.644793294096,34.2379361034313],[-118.644571991505,34.2379210390302],[-118.644563086554,34.2379204301279],[-118.644540945056,34.2379188873914],[-118.644540740866,34.2379188731524],[-118.64429834885,34.2379021372975],[-118.644247301397,34.237898699164]]],[[[-118.646094866521,34.2380253673922],[-118.645396325819,34.2379773581297],[-118.646879265293,34.238079036182],[-118.646094866521,34.2380253673922]]],[[[-118.646993272879,34.2380868418383],[-118.64777377969,34.2349525243261],[-118.647759729036,34.2350093142011],[-118.647752971471,34.2350369648281],[-118.647740241189,34.235089055069],[-118.647666876044,34.2353828840096],[-118.647403154064,34.236441697973],[-118.646993423811,34.2380868473423],[-118.646993272879,34.2380868418383]]],[[[-118.570011259339,34.2782028576797],[-118.57024426047,34.2781528617387],[-118.570647261097,34.2794418624725],[-118.570540260773,34.2794648620182],[-118.57080626062,34.2798258625772],[-118.569662260464,34.2799228621345],[-118.569847260523,34.2795168618622],[-118.569475260753,34.2783178617842],[-118.570011259339,34.2782028576797]]],[[[-118.584441419479,34.3032415923917],[-118.583754829223,34.3029913005947],[-118.581998307113,34.3023504554848],[-118.581882608904,34.3023087947278],[-118.580624555146,34.301850180365],[-118.580553958311,34.3018244298659],[-118.5803931871,34.3017656803784],[-118.580054348586,34.3016416408517],[-118.580023641661,34.3016303842656],[-118.58000860358,34.3016249604624],[-118.579959042452,34.3016070614092],[-118.579849630578,34.3015675485535],[-118.579734436932,34.3015251774289],[-118.579713423703,34.3015175292284],[-118.57967813675,34.3015047005451],[-118.579175946214,34.3013215632643],[-118.579059233779,34.3012795521686],[-118.578498053181,34.3010749776904],[-118.578257186284,34.3009870534732],[-118.578073049084,34.3009198667314],[-118.577586922372,34.3007426216611],[-118.577580778797,34.3007403799671],[-118.573808177925,34.2993647681423],[-118.573654057296,34.2993087531965],[-118.573126634195,34.2991167527109],[-118.572918361266,34.2990409382138],[-118.571774262233,34.2986238638984],[-118.571591262083,34.2979548640265],[-118.57102926208,34.2969358642691],[-118.570171262199,34.2958088642147],[-118.570158261649,34.2953598644007],[-118.56872026183,34.2946438637908],[-118.56871934566,34.2946442755911],[-118.568718585363,34.2946436507849],[-118.568717785561,34.294642967564],[-118.567751323693,34.2950781336343],[-118.56744659498,34.2949632670719],[-118.567432261882,34.2949578636559],[-118.572932261594,34.2925548634087],[-118.572479261407,34.2915998637446],[-118.57114126169,34.2902688634629],[-118.57071726173,34.2892018632114],[-118.570541261467,34.2865178632772],[-118.57135226137,34.2830798624903],[-118.571496261193,34.2808968625195],[-118.570143259819,34.2755448620538],[-118.568695259889,34.2755918615039],[-118.565491259749,34.2748458619459],[-118.560252258488,34.2747258618746],[-118.559247258212,34.273949862563],[-118.558651257839,34.2739108624711],[-118.558033258544,34.2735898622706],[-118.557324257716,34.2725968620727],[-118.557479258183,34.2726128622391],[-118.557120257322,34.2723388621133],[-118.556663257936,34.2711968622099],[-118.55666444533,34.2710932305668],[-118.556714256887,34.2667488615106],[-118.556968257106,34.2661878613918],[-118.556731257547,34.2659328615087],[-118.556731257493,34.2652568611334],[-118.557621257665,34.2641678612984],[-118.557910256767,34.2640118609231],[-118.558532257528,34.2630528610545],[-118.557832256811,34.2590008609919],[-118.558734257264,34.2572648606529],[-118.558544256462,34.2572648602409],[-118.558599256364,34.2571368603279],[-118.55995625647,34.2557628606272],[-118.560088256503,34.2553608598223],[-118.559777257083,34.2537668602874],[-118.560499256735,34.2517008594073],[-118.56081725697,34.2511238594097],[-118.561815257082,34.2500018598331],[-118.56199225645,34.2495198594677],[-118.563018257055,34.248535858974],[-118.563362256444,34.2475898587539],[-118.563786257125,34.2469908591274],[-118.5638322567,34.2459358591001],[-118.564407257085,34.244940858795],[-118.564685257089,34.2437698591054],[-118.56448625604,34.2355528577837],[-118.564003255498,34.2348658578202],[-118.562319255003,34.2343218574559],[-118.562319255228,34.2340548577468],[-118.571060256637,34.2357738572343],[-118.571060256537,34.2318488573585],[-118.580357257831,34.2318448564134],[-118.580532131475,34.2318891454481],[-118.580975564399,34.2320014507019],[-118.581123257845,34.23203885624],[-118.581183465059,34.2320854177485],[-118.58143603621,34.2322807460412],[-118.581626258485,34.2324278567887],[-118.58166046912,34.2324947520498],[-118.581794334385,34.2327565107048],[-118.581895258261,34.2329538561919],[-118.581897585235,34.2330369810509],[-118.581929258416,34.2341688565617],[-118.581977114001,34.2343225744069],[-118.582054527179,34.2345712352185],[-118.582094258786,34.234698856277],[-118.582196973859,34.2348078405173],[-118.582421370806,34.2350459328276],[-118.582520259192,34.2351508566194],[-118.582626407902,34.2351936108406],[-118.582985294425,34.2353381629179],[-118.583240258838,34.2354408565665],[-118.583450999887,34.2354409001059],[-118.588544229437,34.2354419474932],[-118.605097916385,34.2354453525943],[-118.60754026286,34.2354458556568],[-118.607540275028,34.2354466327294],[-118.607571263114,34.2374238558728],[-118.608725262976,34.2372678558259],[-118.609283263068,34.2373998554656],[-118.610348263262,34.2373008555239],[-118.611860264421,34.2377118554334],[-118.613303263826,34.2389538558028],[-118.615274264565,34.2382798550095],[-118.615761264681,34.2375808552292],[-118.617831265242,34.2372758550012],[-118.617933667923,34.2373260496742],[-118.619712264919,34.238197855267],[-118.620202800904,34.238953545185],[-118.620230265704,34.2389958547236],[-118.620280265636,34.2427018552588],[-118.622019266419,34.2423948556113],[-118.624789266092,34.2407688549156],[-118.625825266357,34.240326854792],[-118.629486266751,34.2395978540746],[-118.630399266869,34.2392108545896],[-118.630722267053,34.2390428541301],[-118.630572267173,34.2388668547062],[-118.630653267153,34.2386648545539],[-118.63048026664,34.2385838547236],[-118.630481234784,34.2385808159698],[-118.630534038616,34.238580684233],[-118.63061083244,34.2385805050117],[-118.630629129921,34.2385804628648],[-118.630633195108,34.2385804434861],[-118.630676938899,34.2385802912783],[-118.630703938166,34.2385802659823],[-118.630864341818,34.2385798969906],[-118.630888925406,34.2385798238412],[-118.630922706795,34.2385797577338],[-118.631014687956,34.2385795252293],[-118.631207119717,34.2385790717359],[-118.631384755897,34.2385783678607],[-118.631442296962,34.2385782299469],[-118.631819484525,34.23857730547],[-118.631821320156,34.2385773040012],[-118.631947630722,34.2385772684174],[-118.632517647313,34.238575884713],[-118.632517668949,34.2385962190268],[-118.632517888447,34.2388435306698],[-118.632517898,34.2388710098187],[-118.632517907561,34.2388984898692],[-118.632518107953,34.2390908432137],[-118.63251827449,34.2392831696885],[-118.632518284044,34.2393106488373],[-118.632518327248,34.2393381278103],[-118.632518493991,34.23953048133],[-118.632518660742,34.2397228357509],[-118.632518670501,34.239750341945],[-118.632518713501,34.2397777938725],[-118.632518889807,34.2399976274417],[-118.632518933012,34.2400251064145],[-118.632518690515,34.2400525589324],[-118.632518821052,34.2400932829995],[-118.632519284036,34.2402243017232],[-118.632519129632,34.2403960475208],[-118.632519115182,34.240398438503],[-118.63251927913,34.240407038419],[-118.632548021732,34.2417687772915],[-118.632310269527,34.2631908566952],[-118.633254461907,34.2696927126279],[-118.628758269919,34.2733088580426],[-118.6268752695,34.2743838580347],[-118.625224269059,34.2750378584346],[-118.622583268392,34.2756468586256],[-118.607348267021,34.2777488598235],[-118.605996266612,34.2777878603376],[-118.604351266308,34.2775278600112],[-118.596220264291,34.2745258598905],[-118.593735264392,34.2771888610119],[-118.592647344896,34.2779951122485],[-118.592585908552,34.2780387267937],[-118.59258438581,34.2780417706521],[-118.592584263724,34.2780418605026],[-118.592009264453,34.279189860734],[-118.591711955584,34.2802324351822],[-118.591711246758,34.2802346330083],[-118.591711298569,34.2802347409406],[-118.591711264666,34.2802348610118],[-118.591712166259,34.2802365668384],[-118.591733674138,34.2802817896542],[-118.591734064426,34.2802826099567],[-118.591747137051,34.2803101081302],[-118.591760143039,34.2803375507321],[-118.591839720592,34.2805050043903],[-118.591918630192,34.2806710332139],[-118.591931147322,34.2806973710893],[-118.592182260126,34.2823618329046],[-118.592181602476,34.2823619073428],[-118.591026263824,34.2824418616642],[-118.591028931169,34.2824864616325],[-118.590983095468,34.2824915356523],[-118.590965828088,34.2824934608786],[-118.590949287319,34.2824950805387],[-118.590838432695,34.282506091119],[-118.59085362268,34.2826035957965],[-118.590857284518,34.2826271425293],[-118.590871345765,34.2827175476307],[-118.590875250783,34.2827427646421],[-118.590923244522,34.2830526504299],[-118.590925361231,34.2830664346506],[-118.590927518821,34.2830801636773],[-118.590942187977,34.2831749500203],[-118.59095407166,34.2832546084959],[-118.590964667417,34.2833203389662],[-118.59096757567,34.283338381831],[-118.590990366073,34.2834853388454],[-118.591013143444,34.2836350447317],[-118.591030881361,34.283746275605],[-118.591043394004,34.2838273040559],[-118.591055359352,34.2839069648274],[-118.591066325753,34.2839783840356],[-118.591076449584,34.2840429384792],[-118.591087431316,34.2841116106012],[-118.591098378305,34.2841802819901],[-118.591108815967,34.2842489603719],[-118.591119513363,34.284317657319],[-118.591130460213,34.2843863016592],[-118.591133022781,34.2844068984831],[-118.591176030226,34.2846829644864],[-118.591201388424,34.284846396391],[-118.591203641222,34.2848606730877],[-118.591203699277,34.2848610487488],[-118.591207603953,34.284885882594],[-118.591208633205,34.2848924164795],[-118.591208979069,34.2848944757242],[-118.591210262403,34.2849026852441],[-118.591226326672,34.2850060366366],[-118.591226703317,34.2850084545461],[-118.591243571001,34.2851183445303],[-118.591260278018,34.2852282398044],[-118.591260497123,34.2852295775298],[-118.591268900452,34.2852812076856],[-118.591270558376,34.2852913897607],[-118.591271116008,34.2852948237299],[-118.591272706524,34.2853051494799],[-118.591273213255,34.2853084511704],[-118.591284954434,34.2853847727866],[-118.591296755204,34.2854616837216],[-118.591308579934,34.2855372214845],[-118.591320380753,34.2856141333183],[-118.591325447826,34.2856471105544],[-118.591332281511,34.2856910437615],[-118.591345878841,34.2857785264582],[-118.591391875605,34.286074499239],[-118.591624167232,34.2875701719224],[-118.590887210831,34.2901556953811],[-118.590874349107,34.2902003287404],[-118.590861943107,34.2902436688618],[-118.590172033191,34.2926521190017],[-118.589784577573,34.2940121917874],[-118.588641617139,34.2980241031396],[-118.588244611073,34.2994173559781],[-118.587822086566,34.3009001744367],[-118.587651064474,34.3015003541836],[-118.587195342304,34.3030997072636],[-118.586892211347,34.3031549445741],[-118.586890265084,34.30315486385],[-118.586561270769,34.3032152499551],[-118.585182708455,34.3034664566508],[-118.585100795269,34.3034817458882],[-118.584441419479,34.3032415923917]]]]},"properties":{"name":"Chatsworth"}},{"type":"Feature","geometry":{"type":"Polygon","coordinates":[[[-118.620200265423,34.2388308548133],[-118.619712264919,34.238197855267],[-118.618080264809,34.2373088550707],[-118.617933667923,34.2373260496742],[-118.615761264681,34.2375808552292],[-118.615274264565,34.2382798550095],[-118.613303263826,34.2389538558028],[-118.611860264421,34.2377118554334],[-118.610348263262,34.2373008555239],[-118.609283263068,34.2373998554656],[-118.608725262976,34.2372678558259],[-118.607571263114,34.2374238558728],[-118.607540275028,34.2354466327294],[-118.60754026286,34.2354458556568],[-118.610231263448,34.235227855151],[-118.610565263617,34.2349918548398],[-118.610804263046,34.2344648547282],[-118.611335263177,34.2338938552824],[-118.612531264031,34.2331688544624],[-118.614073264274,34.2317208548495],[-118.614976263653,34.2313908541171],[-118.615853263695,34.2277688541586],[-118.616252264312,34.2271538534634],[-118.617290263638,34.2268058541152],[-118.624967264784,34.2275668534],[-118.625494265699,34.2260778535593],[-118.62930526596,34.2251438527299],[-118.631392265813,34.2247938531334],[-118.631418902616,34.2247939927262],[-118.63386426654,34.2248068528561],[-118.642016267343,34.2237278519151],[-118.642710268209,34.2236998521751],[-118.643231267951,34.2240368516202],[-118.646766268854,34.2240818517005],[-118.646709269317,34.2273848518648],[-118.646926268666,34.230482852825],[-118.647343268874,34.2309218529506],[-118.647865268885,34.2309548528964],[-118.64774326932,34.2312078523452],[-118.648706774265,34.2312058531658],[-118.648706949021,34.2312058531305],[-118.648706847919,34.2312062521573],[-118.648701444519,34.2312274765501],[-118.648345008292,34.2326586130169],[-118.647923049054,34.2343528359119],[-118.647921189991,34.2343602962692],[-118.647911808877,34.2343977319442],[-118.647909635638,34.2344062505992],[-118.647909626176,34.234406290318],[-118.647807589152,34.2348155350371],[-118.647786300354,34.2349022428099],[-118.647786288785,34.234902290654],[-118.647780157727,34.2349267446411],[-118.64777377969,34.2349525243261],[-118.647759729036,34.2350093142011],[-118.647752971471,34.2350369648281],[-118.646993272879,34.2380868418383],[-118.646879265293,34.238079036182],[-118.645396325819,34.2379773581297],[-118.645343159614,34.2379736775194],[-118.645293303936,34.2379702334718],[-118.645281012956,34.2379694515472],[-118.644131318759,34.237890621955],[-118.644117531658,34.2378896621558],[-118.644115710244,34.2378895348139],[-118.644072077883,34.2378864970991],[-118.644070419368,34.2378863788067],[-118.644070291198,34.2378863686702],[-118.644033875243,34.2378838695298],[-118.643811926419,34.2378687233351],[-118.64330395879,34.2378338938153],[-118.643240494336,34.237829503408],[-118.643146954181,34.2378231289102],[-118.642504987376,34.2377791117348],[-118.641628309986,34.2377190025143],[-118.641043853688,34.237678928906],[-118.635725678435,34.2373142857452],[-118.635578457981,34.237304157437],[-118.635578366746,34.2373041507038],[-118.635550410043,34.2373022681292],[-118.635146616097,34.2372745817879],[-118.635113677674,34.2372722330107],[-118.634997882275,34.2372642713911],[-118.634959385731,34.2372617443775],[-118.63379021659,34.2371815800263],[-118.633361281034,34.2371521694144],[-118.633260819002,34.237145220371],[-118.633110543656,34.2371349779299],[-118.632500834684,34.2370931722758],[-118.632478739709,34.237091548657],[-118.632422519001,34.2370875880406],[-118.632316957397,34.2370804989772],[-118.632307330874,34.237079904664],[-118.631475267502,34.2370228543629],[-118.631475226568,34.2370228960477],[-118.631474868157,34.2370228708712],[-118.631414487432,34.2370843000675],[-118.631347303564,34.2371520295825],[-118.631280056954,34.2372200893536],[-118.631212781616,34.2372886712332],[-118.63114589489,34.2373562620495],[-118.631078777631,34.2374241010546],[-118.631010840652,34.237492796259],[-118.630944149122,34.2375599730351],[-118.630876965786,34.23762773023],[-118.630809784412,34.2376957614475],[-118.630742602724,34.2377637655823],[-118.630675452041,34.2378315774878],[-118.630608204124,34.2378996089384],[-118.630541022108,34.2379676129611],[-118.630474593804,34.2380348160509],[-118.630398249473,34.2381119904903],[-118.630321807679,34.2381893583198],[-118.63010866443,34.2384046138759],[-118.63010753596,34.2384058287274],[-118.630105380744,34.2384079288355],[-118.629933251931,34.2385821358079],[-118.629962732379,34.2385820635044],[-118.630165188692,34.2385815603909],[-118.630255086131,34.2385813952088],[-118.630259254426,34.2385813735026],[-118.630417209879,34.238580962858],[-118.630460156296,34.2385808761873],[-118.630469652193,34.2385808267215],[-118.630473358279,34.2385808353636],[-118.630481234784,34.2385808159698],[-118.63048026664,34.2385838547236],[-118.630653267153,34.2386648545539],[-118.630572267173,34.2388668547062],[-118.630722267053,34.2390428541301],[-118.630399266869,34.2392108545896],[-118.629486266751,34.2395978540746],[-118.625825266357,34.240326854792],[-118.624789266092,34.2407688549156],[-118.622019266419,34.2423948556113],[-118.620280265636,34.2427018552588],[-118.620202800904,34.238953545185],[-118.620200265423,34.2388308548133]]]},"properties":{"name":"Chatsworth Reservoir"}},{"type":"Feature","geometry":{"type":"Polygon","coordinates":[[[-118.308979174274,33.9745754620599],[-118.308979191615,33.9745678441088],[-118.317738314723,33.9745898014552],[-118.317755193453,33.9745898435501],[-118.317657194851,33.9888178451627],[-118.317611193948,33.9891038445592],[-118.31714319456,33.9891068451343],[-118.317135194752,33.9932208453329],[-118.308941193818,33.9932608459934],[-118.308941237748,33.9932390189727],[-118.308977191845,33.9753758441027],[-118.308979174274,33.9745754620599]]]},"properties":{"name":"Chesterfield Square"}},{"type":"Feature","geometry":{"type":"Polygon","coordinates":[[[-118.398882212772,34.0442608462915],[-118.398787212065,34.0437248464693],[-118.39863721283,34.0437398465432],[-118.398341211845,34.0414558458037],[-118.39884021165,34.0398018455718],[-118.398609212589,34.0398058457908],[-118.399086211864,34.0396968460725],[-118.399091546754,34.0391131249236],[-118.399093212565,34.0389308454996],[-118.398873790556,34.0383376148281],[-118.398526434497,34.037398500857],[-118.398317211982,34.0368328459541],[-118.398075212107,34.0357468451972],[-118.400588212104,34.0296448444478],[-118.398446211184,34.0293298446073],[-118.409395995042,34.0303423818033],[-118.409563213083,34.0303578439244],[-118.412170213825,34.0311878437752],[-118.412346633063,34.0312622643147],[-118.414844214734,34.0323158443301],[-118.416123214031,34.0332148441224],[-118.418286215653,34.0362318444158],[-118.421185216137,34.0371448439858],[-118.424223216853,34.041083844639],[-118.424666216583,34.0419448444613],[-118.417082197212,34.0463084663791],[-118.411287834861,34.0496423727244],[-118.406655214048,34.0523078463799],[-118.401502213238,34.051839846729],[-118.402565212831,34.0463578462346],[-118.3989012129,34.045484846885],[-118.398882212772,34.0442608462915]]]},"properties":{"name":"Cheviot Hills"}},{"type":"Feature","geometry":{"type":"Polygon","coordinates":[[[-118.224734185115,34.0675778591136],[-118.227028729267,34.0619551473436],[-118.227076184962,34.0618388581191],[-118.227087975039,34.0616378308125],[-118.227124747713,34.0610108169476],[-118.227135185513,34.0608328578318],[-118.226625184852,34.0566278578855],[-118.226809184363,34.0557038573155],[-118.227279184229,34.0550198575558],[-118.231107185794,34.0563908570573],[-118.237388187093,34.0581848573308],[-118.239552186896,34.0582688568388],[-118.24036718697,34.0586188568455],[-118.243502188022,34.06037385682],[-118.243589187577,34.0608458570016],[-118.243897188005,34.060628857308],[-118.249223189596,34.0652088575255],[-118.248942189276,34.0655268569468],[-118.248239189126,34.0654178573184],[-118.247706066757,34.0657239973588],[-118.247680189063,34.0657388571662],[-118.245920188797,34.0689338575787],[-118.245647189542,34.0709878576575],[-118.242064187783,34.0677218577779],[-118.2415551877,34.0677018575952],[-118.240172188242,34.0672628583062],[-118.239970187755,34.0676538578248],[-118.239274187779,34.0678438577129],[-118.239248187938,34.0672618576639],[-118.238950188161,34.0671778578599],[-118.237681187523,34.0675888577552],[-118.237286187237,34.0672748578065],[-118.235866186854,34.0667588579075],[-118.234026187083,34.0683828586146],[-118.230059186392,34.0710718591517],[-118.227085186511,34.0717798592829],[-118.225175167592,34.0719463378986],[-118.225169185625,34.071946859316],[-118.224609185104,34.068968858912],[-118.224734185115,34.0675778591136]]]},"properties":{"name":"Chinatown"}},{"type":"Feature","geometry":{"type":"Polygon","coordinates":[[[-118.219031185693,34.0890228618353],[-118.218227186237,34.0886798616328],[-118.216596185676,34.0888138612073],[-118.216094185923,34.0891578620356],[-118.215630185201,34.0885288617917],[-118.212130185328,34.0903468624197],[-118.211463859585,34.0909080803649],[-118.21146180512,34.0909098112938],[-118.21110318497,34.0912118625502],[-118.211207741563,34.0896889654596],[-118.211218184587,34.0895368616676],[-118.211324154162,34.0893261184424],[-118.211663372459,34.0886515041802],[-118.212726185076,34.0865378612926],[-118.212727078641,34.0865377199819],[-118.214916216433,34.0861914829291],[-118.21529318561,34.0861318615506],[-118.217415335936,34.085400232837],[-118.219056750684,34.0848343420332],[-118.219261185781,34.0847638609301],[-118.22177818607,34.0832398608495],[-118.226349187068,34.0799148603966],[-118.226446401597,34.0800893939615],[-118.227165186629,34.0813798605288],[-118.22738818693,34.0829588598928],[-118.226936186738,34.0828188600449],[-118.22690218641,34.083542860397],[-118.227284187261,34.0896938606649],[-118.230704187982,34.093405861185],[-118.229044146924,34.0921407986002],[-118.228943188104,34.0920638612501],[-118.228423605322,34.0914315532965],[-118.227442703075,34.0902378392186],[-118.227150187052,34.0898818610297],[-118.226864836245,34.0893462196906],[-118.226666035606,34.0889730443355],[-118.226564187088,34.0887818610674],[-118.226172186726,34.0875568604574],[-118.226018187197,34.0862028607295],[-118.226081130015,34.0855122189494],[-118.226110951553,34.0851850029802],[-118.226127186554,34.085006860739],[-118.22672518715,34.0827638607574],[-118.226382186282,34.0826838602598],[-118.225850187245,34.0848248603579],[-118.22572518744,34.0862318608388],[-118.225938186857,34.0878098612975],[-118.226429187407,34.0891458611937],[-118.226513067427,34.0892771751354],[-118.227391187898,34.0906518615733],[-118.237081189862,34.102213862112],[-118.233230189563,34.1042588621182],[-118.233211149755,34.1042273632881],[-118.232987189498,34.1038568619176],[-118.233789189854,34.1033628620773],[-118.234083189867,34.1029498620118],[-118.23407928093,34.102847332982],[-118.234040189418,34.1018218623946],[-118.233097189159,34.1012308623492],[-118.232178189682,34.1003128621495],[-118.229992189291,34.0995408620099],[-118.227492188711,34.0977678622484],[-118.225373187712,34.0967808619261],[-118.223891188031,34.0965258621306],[-118.222546186948,34.0956138616111],[-118.222488359386,34.0955405005294],[-118.221016186762,34.0936728616118],[-118.221086186552,34.09208786177],[-118.220860186062,34.0910438613436],[-118.219031185693,34.0890228618353]]]},"properties":{"name":"Cypress Park"}},{"type":"Feature","geometry":{"type":"Polygon","coordinates":[[[-118.409743325275,34.0005532470964],[-118.40965481289,34.0004965391789],[-118.409548378911,34.00063391978],[-118.409454481906,34.0007550247647],[-118.40943296982,34.0007827585581],[-118.409411435148,34.0008105248794],[-118.409380455102,34.0008504704818],[-118.409089335967,34.0012166836556],[-118.409089194824,34.0012165966854],[-118.408829016924,34.0010552160301],[-118.408523280132,34.0008659027074],[-118.408523161268,34.0008657228033],[-118.408504555215,34.0008541947827],[-118.408492324531,34.0008466155287],[-118.408491756699,34.00084626405],[-118.408398514567,34.0007884416007],[-118.408319539888,34.0007394319702],[-118.408012208628,34.0005491923778],[-118.407882153491,34.0004684868812],[-118.407749750643,34.0003864152425],[-118.407645996609,34.0003223016806],[-118.407485010797,34.0002225192324],[-118.407260830794,34.0000835673088],[-118.40718132215,34.0000342161598],[-118.407119168149,33.9999957609337],[-118.406904002841,33.9998623962912],[-118.406826110133,33.9998140455719],[-118.40674217739,33.9997620928034],[-118.406595787641,33.9996713564455],[-118.406508558304,33.9996172130809],[-118.406416864379,33.9995604558211],[-118.40627740204,33.9994740140905],[-118.406217051636,33.9994365602451],[-118.406180184076,33.9994137556674],[-118.405901209641,33.9992408410195],[-118.402780209344,34.0034698416893],[-118.400187208903,34.0020448412099],[-118.400437209349,34.001439841332],[-118.400675208923,34.0014338414805],[-118.400676254387,34.0014315418077],[-118.400697679984,34.001431008189],[-118.40070764068,34.001430783092],[-118.400765675131,34.001430342473],[-118.400770590352,34.0014300791315],[-118.400815120105,34.0014278153586],[-118.40085142036,34.0013123663223],[-118.400902216615,34.0011512552135],[-118.400914502014,34.0011123042847],[-118.400921367211,34.0010579010722],[-118.400934871656,34.0009498373579],[-118.401023834765,34.0007942312714],[-118.40116380552,34.0005496727185],[-118.401239254348,34.0004177162049],[-118.401322330751,34.0003146419016],[-118.401503180288,34.0000911330154],[-118.401513773922,34.0000780174454],[-118.401605893123,33.9999640647287],[-118.401639294973,33.999922824787],[-118.401500470422,33.99990481522],[-118.40119061051,33.9998644860832],[-118.401282134757,33.9995683287893],[-118.401300209075,33.9995098413121],[-118.40173912285,33.9987227510383],[-118.403289361079,33.9959427558601],[-118.403380209162,33.9957798411513],[-118.40350278527,33.9956575100272],[-118.403946003642,33.995215177375],[-118.403982286334,33.9951789676082],[-118.404085099923,33.9951227924339],[-118.404086665227,33.9951219370482],[-118.404155698506,33.995084472617],[-118.404201526422,33.9950635045671],[-118.404289982204,33.9950230324047],[-118.40434443164,33.9949979190233],[-118.404550902697,33.994903410058],[-118.404695192407,33.9948368485068],[-118.404727299542,33.9948220512746],[-118.404728229411,33.9948216280424],[-118.40475909754,33.9948075670007],[-118.404893817669,33.994746359049],[-118.404896236842,33.9947452591775],[-118.404958675499,33.9947167037109],[-118.40506354514,33.9946687445736],[-118.405051385875,33.9946244435483],[-118.40504456032,33.9945995706592],[-118.405024297066,33.9945229724117],[-118.405022112388,33.9945148190789],[-118.404967003775,33.9943070999925],[-118.405041312988,33.9941737610895],[-118.405105515026,33.9940585570235],[-118.405106233953,33.9940572654198],[-118.405882209241,33.9932828405441],[-118.407510720351,33.9923308260374],[-118.407532662141,33.99232853868],[-118.407885392022,33.9921335401957],[-118.407867046983,33.9921225196719],[-118.407868209342,33.992121840496],[-118.407427842414,33.9918589530175],[-118.407365710662,33.991821844772],[-118.40708140527,33.9916521406296],[-118.405161682719,33.99050612217],[-118.405217329785,33.9904480245462],[-118.405381641468,33.9902766099284],[-118.405423325622,33.9902330809836],[-118.405429726664,33.9902264368278],[-118.405455839506,33.9901991895557],[-118.406215209812,33.989408839654],[-118.40408120836,33.988111840187],[-118.404081974813,33.9881118817954],[-118.406280209732,33.9882328399526],[-118.407235290276,33.9881654901101],[-118.407532985363,33.9881444972341],[-118.407769209696,33.9881278394736],[-118.409023209522,33.9878868397467],[-118.409932938777,33.987564794459],[-118.410587098043,33.9873332216923],[-118.410910210218,33.9872188390001],[-118.411665618877,33.9867951904517],[-118.412194864399,33.9864983791968],[-118.412324210157,33.9864258391109],[-118.413831210093,33.9852978389766],[-118.414022210108,33.9854538392997],[-118.419214210416,33.9816628385465],[-118.420665211174,33.9811218380264],[-118.423209211684,33.9807828379872],[-118.428362211557,33.9773698374359],[-118.432271212844,33.9750208371076],[-118.432296400543,33.9750502891486],[-118.432379876057,33.975182223064],[-118.432387160305,33.975193229902],[-118.432394446505,33.9752041952623],[-118.432401783556,33.9752151586368],[-118.432409119554,33.9752261274238],[-118.432416506152,33.9752370455433],[-118.432423894949,33.9752479699651],[-118.432431333491,33.9752588878976],[-118.432438827148,33.9752697912075],[-118.43244631743,33.9752806692862],[-118.432453862779,33.9752915237272],[-118.43246140383,33.9753023835924],[-118.432468995625,33.975313220737],[-118.432476640435,33.975324055888],[-118.432484288265,33.9753348468527],[-118.432491985883,33.9753456394414],[-118.432499681343,33.975356432939],[-118.432507429725,33.9753672064127],[-118.432515179066,33.9753779555411],[-118.432522981324,33.9753886837441],[-118.432530830114,33.9753994117798],[-118.432538682045,33.9754101190686],[-118.432546584711,33.9754208018335],[-118.432554490533,33.9754314665561],[-118.432562445045,33.975442130202],[-118.432570401613,33.9754527722033],[-118.432578402548,33.975463414045],[-118.432586462884,33.9754740331349],[-118.432594522042,33.9754846332964],[-118.432602578921,33.9754952109273],[-118.432610687757,33.9755057910759],[-118.432618847305,33.9755163421931],[-118.432627060885,33.9755268786916],[-118.432635272195,33.9755373944624],[-118.432643483489,33.9755479066266],[-118.432651750956,33.9755583996566],[-118.432660062675,33.9755688699891],[-118.432668379788,33.9755793366957],[-118.432676697794,33.9755897664356],[-118.432685114249,33.9756001913143],[-118.432693529648,33.9756106207039],[-118.432701949144,33.9756210050016],[-118.432710419492,33.9756313873132],[-118.432718889753,33.9756417524955],[-118.432727411929,33.9756521120819],[-118.432735982596,33.9756624318264],[-118.432744557608,33.9756727542593],[-118.432753129245,33.9756830514608],[-118.432761806819,33.9756933266449],[-118.432770481148,33.9757036018402],[-118.432779157438,33.9757138373603],[-118.43278788242,33.9757240718037],[-118.432796609573,33.9757343071402],[-118.432805388436,33.975744497214],[-118.432814171634,33.9757546881731],[-118.432822998002,33.9757648564385],[-118.432831881616,33.9757750037627],[-118.43284076297,33.9757851321622],[-118.432849697214,33.9757952342268],[-118.432858630387,33.9758053380977],[-118.432867561305,33.9758154239455],[-118.432876597054,33.975825483272],[-118.432885632809,33.9758355434994],[-118.432894672676,33.9758455613394],[-118.432903760177,33.975855582614],[-118.432912846466,33.9758655786493],[-118.432921984587,33.9758755528613],[-118.432931126936,33.9758855072237],[-118.432940316904,33.9758954623161],[-118.432949558694,33.975905393782],[-118.432958801354,33.9759152837736],[-118.432968045107,33.9759251755637],[-118.432977335375,33.9759350635801],[-118.432982761459,33.9759407787503],[-118.432986679558,33.9759449144394],[-118.432996010744,33.9759547626401],[-118.433005391509,33.9759645718963],[-118.43301478091,33.9759743766132],[-118.433024214702,33.9759841856776],[-118.433033649336,33.9759939478587],[-118.433043134724,33.9760036891217],[-118.433052624461,33.9760134339744],[-118.43306216601,33.9760231533976],[-118.433071700874,33.9760328349797],[-118.433081290903,33.9760425118553],[-118.433090883113,33.976052191427],[-118.433100522704,33.9760618257513],[-118.433110164462,33.976071460067],[-118.433119857963,33.9760810554305],[-118.433129554688,33.9760906462738],[-118.433139297853,33.9761002189191],[-118.433149089599,33.9761097688509],[-118.433158835772,33.9761192946042],[-118.433168682602,33.9761288236014],[-118.433178530273,33.9761383057152],[-118.433188381217,33.9761477923241],[-118.433198279547,33.9761572345871],[-118.433208227641,33.9761666739659],[-118.433218128037,33.9761760963861],[-118.433228127863,33.9761854941072],[-118.433238132999,33.9761948719747],[-118.433248133794,33.9762042471523],[-118.433258188497,33.9762135833697],[-118.433268243197,33.9762229186847],[-118.433278345283,33.9762322096538],[-118.433288502564,33.9762415013253],[-118.433298664063,33.976250771344],[-118.433308816791,33.9762600188551],[-118.433319023524,33.9762692463377],[-118.433329232316,33.9762784530769],[-118.433339489679,33.9762876352994],[-118.433349751266,33.9762967967706],[-118.433360062641,33.9763059598652],[-118.433370427899,33.9763150794919],[-118.433380732567,33.9763242002369],[-118.43339114846,33.9763332755048],[-118.433401033037,33.9763419334683],[-118.433411212518,33.9763538367871],[-118.43342870993,33.9763658544556],[-118.433432910975,33.9763694536043],[-118.433443376204,33.976378441242],[-118.433453891133,33.9763874133743],[-118.433464461116,33.9763963591635],[-118.43347502882,33.9764052824216],[-118.433485650651,33.9764142090905],[-118.433496270119,33.9764230970011],[-118.433506888358,33.9764319560662],[-118.4335175618,33.9764408176366],[-118.433528283716,33.9764496357584],[-118.43353900347,33.976458453887],[-118.433549729615,33.976467252158],[-118.433560502056,33.9764760042836],[-118.433566811432,33.97648113116],[-118.433571279933,33.9764847608964],[-118.433575062619,33.9764878125108],[-118.43358210639,33.9764934947953],[-118.43359293055,33.9765022025572],[-118.433603808631,33.976510874063],[-118.433614686686,33.9765195401588],[-118.433625611162,33.97652818445],[-118.43363654529,33.9765368115764],[-118.433647525835,33.9765454159967],[-118.433658504101,33.9765539978859],[-118.433669484435,33.9765625608346],[-118.433680517664,33.9765710983493],[-118.433691597324,33.9765796158623],[-118.433702630343,33.9765881119053],[-118.433713764975,33.9765965868468],[-118.433724901783,33.9766050635825],[-118.433736036181,33.9766134925446],[-118.433747168315,33.9766219016802],[-118.433758357709,33.9766302925783],[-118.433769595684,33.9766386607624],[-118.433780832453,33.9766470046085],[-118.433792069233,33.9766553502565],[-118.433803359892,33.9766636515347],[-118.43381470132,33.9766719345988],[-118.433825991769,33.9766801944052],[-118.433837382749,33.976688433114],[-118.433848721663,33.9766966476675],[-118.433860116883,33.9767048683282],[-118.433871561625,33.9767130392255],[-118.433883005212,33.9767211957013],[-118.433894449758,33.9767293278314],[-118.433905940701,33.976737433649],[-118.43391743805,33.9767455223134],[-118.433928982902,33.9767535891692],[-118.433940527639,33.9767616334859],[-118.433952078764,33.9767696570434],[-118.433963676315,33.9767776596976],[-118.433975323509,33.9767856360277],[-118.433986974955,33.9767935970153],[-118.433998624117,33.9768015345703],[-118.434010277503,33.9768094513736],[-118.434021976231,33.9768173472776],[-118.434033727869,33.9768252204518],[-118.435941255397,33.9781022535592],[-118.43578274334,33.9781723279716],[-118.435782314739,33.9781725224475],[-118.435785658624,33.9781748182916],[-118.435983555823,33.9783066330544],[-118.436084854206,33.978375487495],[-118.436308511203,33.9785275147288],[-118.436310193591,33.9785286914549],[-118.436318376444,33.9785344307669],[-118.436446929495,33.9786253018243],[-118.43657295941,33.9787137152844],[-118.436648998442,33.9787670948],[-118.436684385905,33.9787927965211],[-118.436792317888,33.9788705497286],[-118.436873024482,33.9789291005238],[-118.436897554691,33.9789473191118],[-118.436919222998,33.9789633329945],[-118.43696096378,33.9789941792099],[-118.436980516985,33.9790086293713],[-118.436990276759,33.9790158432426],[-118.437029419049,33.9790447704688],[-118.437063909614,33.9790702607639],[-118.437078145129,33.9790809816022],[-118.437176238698,33.9791549782663],[-118.437211260762,33.9791815177802],[-118.437264214627,33.9792218001641],[-118.437290826143,33.9792421171092],[-118.437310137352,33.9792568304407],[-118.437319771236,33.979264171858],[-118.437329420328,33.9792715240378],[-118.437358341525,33.9792935581288],[-118.437367326778,33.9793004042478],[-118.437377621252,33.9793082481239],[-118.437381607586,33.9793112871623],[-118.437396916198,33.9793229497807],[-118.43740668481,33.9793303916743],[-118.437425847208,33.9793449910324],[-118.437434473933,33.9793515643806],[-118.437435462786,33.9793523460299],[-118.437444961166,33.9793598456967],[-118.437467983986,33.9793780290664],[-118.437473397658,33.9793823025333],[-118.437482884108,33.9793897959296],[-118.437487721871,33.9793936171119],[-118.437511343445,33.9794122716067],[-118.437528376672,33.9794257229052],[-118.437530657548,33.979427524009],[-118.437568243706,33.9794572112878],[-118.437587214445,33.9794721917621],[-118.437596696577,33.9794796833623],[-118.437615669504,33.9794946665289],[-118.437625166844,33.9795021679885],[-118.437634622893,33.979509637142],[-118.437643859433,33.9795169312922],[-118.437653591482,33.9795246158108],[-118.437766634007,33.9796139189809],[-118.437776246087,33.9796216282663],[-118.437781421271,33.9796258169393],[-118.43788484066,33.9797106292245],[-118.437897998921,33.9797214214918],[-118.437905207893,33.9797273382276],[-118.437916632678,33.979736711462],[-118.437927547727,33.979745663727],[-118.437948169303,33.9797625827583],[-118.437963243677,33.9797749484494],[-118.43798187311,33.9797902348193],[-118.438027451683,33.9798276262866],[-118.438086570356,33.9798761746196],[-118.438177635299,33.979951906206],[-118.438220546283,33.9799880171965],[-118.438341648479,33.9800914869885],[-118.438435284031,33.9801713479782],[-118.438469530232,33.9802008406656],[-118.438504212312,33.9802309033308],[-118.438544842114,33.9802665555044],[-118.438552721009,33.9802734984154],[-118.438649436809,33.9803589303325],[-118.438667358367,33.9803747627954],[-118.438748665628,33.9804466348132],[-118.438783898576,33.9804779052521],[-118.438792620516,33.9804856717868],[-118.43879483874,33.9804876903641],[-118.438810409817,33.980501862618],[-118.438836787958,33.98052602511],[-118.438854396148,33.9805421390619],[-118.438871997872,33.9805582566408],[-118.438889547857,33.9805744122697],[-118.438907102178,33.9805905678803],[-118.438924602416,33.9806067272913],[-118.438942101791,33.9806229272719],[-118.438945984083,33.9806265337016],[-118.438959465734,33.9806393017384],[-118.438976800852,33.9806557502329],[-118.439011479832,33.9806886598044],[-118.439020097195,33.9806969063185],[-118.439037378446,33.9807133964709],[-118.439054667374,33.9807299046237],[-118.439063285814,33.9807381484262],[-118.439071903302,33.980746416573],[-118.43908924595,33.9807630543461],[-118.439093581667,33.9807670693182],[-118.43909743998,33.9807706406707],[-118.439216498233,33.9808817917799],[-118.439233151431,33.9808973682343],[-118.439249098843,33.9809122864327],[-118.439276603349,33.9809380142973],[-118.439284583593,33.9809454805824],[-118.439294849791,33.9809550814864],[-118.439320107509,33.9809787088375],[-118.439328063821,33.980986149964],[-118.439340558378,33.9809978379113],[-118.439355818504,33.9810121112984],[-118.439383932092,33.981038409394],[-118.439416224192,33.9810694830081],[-118.439425631536,33.9810785361927],[-118.439461212817,33.9811127757171],[-118.439476232602,33.9811272293694],[-118.439492533668,33.9811429134521],[-118.439506229752,33.9811560926479],[-118.439522693997,33.9811719366049],[-118.439536213885,33.9811849460497],[-118.439551219562,33.9811993871228],[-118.439566213265,33.9812138138131],[-118.439581230912,33.9812282656573],[-118.439599854232,33.9812461860805],[-118.439642405784,33.9812877972293],[-118.439684833379,33.9813294944606],[-118.439713030559,33.9813580694466],[-118.439743489658,33.9813889341884],[-118.439777706663,33.9814236059195],[-118.439787160138,33.9814331854031],[-118.439801716247,33.9814479346052],[-118.439816273462,33.9814626874076],[-118.439831656455,33.9814782756232],[-118.439845379189,33.9814921813191],[-118.439873515531,33.9815206906783],[-118.439914102837,33.981561824771],[-118.439948742441,33.9815971908967],[-118.439976503495,33.9816257313513],[-118.440004343935,33.981654547379],[-118.440119081665,33.9817750370152],[-118.440132904041,33.9817895571607],[-118.440147135571,33.9818045040398],[-118.440160173349,33.9818181976346],[-118.440175623674,33.9818344238463],[-118.440189860663,33.9818493770114],[-118.440233780658,33.9818955059506],[-118.440260167833,33.981923900798],[-118.440314259476,33.9819823751402],[-118.440394337237,33.9820695017762],[-118.440414123824,33.9820910383841],[-118.440428072065,33.9821062188601],[-118.440432849193,33.9821114185903],[-118.44044200181,33.9821213795684],[-118.440455922856,33.9821365312916],[-118.440469862422,33.9821517054839],[-118.440482861559,33.9821658508532],[-118.440497709968,33.9821820125085],[-118.440512416883,33.9821980196151],[-118.440521350146,33.9822078344383],[-118.440525160973,33.982212023469],[-118.440537863707,33.9822259823959],[-118.440552916709,33.9822429736089],[-118.44056652941,33.982258339207],[-118.440571795285,33.9822642809114],[-118.440580142116,33.9822737048035],[-118.440593739577,33.9822890515221],[-118.440607363181,33.9823044296974],[-118.440620969376,33.9823197890025],[-118.440634570127,33.9823351411138],[-118.440648191563,33.9823505156863],[-118.440651646996,33.9823544148159],[-118.440661803217,33.9823658812777],[-118.440675399645,33.9823812315972],[-118.440689002628,33.9823965927096],[-118.440779421495,33.9824986981505],[-118.44078457229,33.9825045645374],[-118.440808783575,33.9825323514694],[-118.440824526983,33.9825505472788],[-118.440917544536,33.98265942986],[-118.441036700101,33.9827989762184],[-118.441050282198,33.9828150721162],[-118.441074325145,33.9828437395071],[-118.441109135877,33.9828855118715],[-118.441180523782,33.9829721694144],[-118.441258247645,33.9830665271738],[-118.441283824026,33.9830978249969],[-118.441309408952,33.98312930309],[-118.441318442494,33.9831404490522],[-118.44132206768,33.9831449227199],[-118.441348352213,33.9831775161462],[-118.441480228505,33.9833431275324],[-118.441492201347,33.9833581645599],[-118.441506977538,33.9833609629431],[-118.444313215795,33.9867358370341],[-118.447842216672,33.9904408376622],[-118.447190216609,33.9907638380626],[-118.447035216498,33.9905238373573],[-118.446963040457,33.9905586983394],[-118.446961813705,33.9905573893495],[-118.446850349675,33.9906131274307],[-118.442011669195,33.9929501765862],[-118.441957786793,33.9928927208972],[-118.441779616023,33.9929816901636],[-118.441708874387,33.993017011539],[-118.441638132696,33.9930523337745],[-118.441567423558,33.9930876828953],[-118.441496649273,33.9931230042653],[-118.441425907403,33.9931583263767],[-118.441283699122,33.9932293292296],[-118.441210898997,33.9932661922486],[-118.441137311928,33.9933024360425],[-118.440995432687,33.9933733273647],[-118.440924722864,33.9934086490642],[-118.440853980654,33.9934439978865],[-118.440783270711,33.9934793195032],[-118.440712528382,33.9935146682427],[-118.440641819544,33.9935500168183],[-118.440499642545,33.993621045676],[-118.440427366549,33.9936580902203],[-118.440353321086,33.9936941512948],[-118.440210682603,33.9937654023704],[-118.44013993979,33.9938007507749],[-118.44006926294,33.9938360988972],[-118.439998487395,33.9938714202919],[-118.439927776873,33.9939067684539],[-118.439857033532,33.9939420617004],[-118.4397148889,33.99401311746],[-118.439636560249,33.9940552150386],[-118.439557534608,33.994096511839],[-118.439494358505,33.994128040455],[-118.439423615084,33.9941633884404],[-118.439352903925,33.9941987083192],[-118.439282160384,33.9942340562218],[-118.439211416641,33.9942693770376],[-118.439140705308,33.9943046976939],[-118.439069961588,33.9943400454723],[-118.438999217661,33.9943753652625],[-118.438928539844,33.9944107127181],[-118.43885776225,33.994446033449],[-118.4387871911,33.9944817239176],[-118.438716774083,33.9945177157982],[-118.438637935055,33.9945569945867],[-118.43856712431,33.9945922323261],[-118.438496379533,33.9946274706856],[-118.438425535258,33.9946627355094],[-118.438354757887,33.9946979730025],[-118.43828394705,33.994733238523],[-118.438213168477,33.9947684759371],[-118.438142389845,33.9948037133098],[-118.438065524711,33.9948419955751],[-118.437980873233,33.994884673076],[-118.437895702898,33.9949266690381],[-118.437818213161,33.9949653933598],[-118.437747468182,33.9950007133191],[-118.43767675561,33.9950360322177],[-118.437606010512,33.9950713520942],[-118.437535297966,33.9951066988571],[-118.437464552744,33.9951420177493],[-118.437393807754,33.9951773924941],[-118.437323094742,33.9952126841404],[-118.437245801971,33.9952512973926],[-118.437226998486,33.9952611408415],[-118.437186214805,33.9952808392387],[-118.432475213318,33.9914578390424],[-118.430886213747,33.9891968381449],[-118.429729213154,33.9897608389606],[-118.429828497524,33.9898396254715],[-118.429759129961,33.9898734194554],[-118.429869903998,33.9899631276475],[-118.42999373096,33.9900633957568],[-118.430108182395,33.9901561134673],[-118.430210059267,33.9902386047424],[-118.430210228813,33.9902387420725],[-118.431114213576,33.996385838982],[-118.430900291939,33.9963998870752],[-118.430835422727,33.9964024644648],[-118.430752784685,33.9964058066362],[-118.430670179085,33.9964091441274],[-118.430631814233,33.9964106720969],[-118.430587574421,33.9964124545128],[-118.430504968785,33.9964157873835],[-118.430422355468,33.9964191012927],[-118.430339750803,33.9964224151145],[-118.430257178579,33.9964257242565],[-118.430148146501,33.9964301139329],[-118.430058994115,33.9964342018772],[-118.429970095461,33.9964394337983],[-118.4298615001,33.9964481463123],[-118.429779418735,33.9964547313518],[-118.429697304887,33.9964613164511],[-118.429615223496,33.996467901379],[-118.429533109622,33.9964744863667],[-118.429450994513,33.9964810442567],[-118.429368914305,33.9964876560587],[-118.429286799448,33.9964942679281],[-118.429204717993,33.9965008525768],[-118.42909612356,33.9965095652997],[-118.42900732131,33.9965161051938],[-118.428918736014,33.9965237973117],[-118.428798169779,33.996533459257],[-118.428716055914,33.9965400707342],[-118.428633974369,33.9965466549947],[-118.42854826506,33.9965535306554],[-118.428510251639,33.9965560682217],[-118.428484545594,33.996558519707],[-118.428449213208,33.996560839481],[-118.42840675561,33.9965659369178],[-118.428381109057,33.9965683818591],[-118.428251822899,33.9965824700841],[-118.428235072657,33.996584315459],[-118.428053511642,33.9966041523133],[-118.427914048672,33.9966192805796],[-118.427825912232,33.9966288536049],[-118.427760461098,33.9966360102881],[-118.427596909224,33.9966538434228],[-118.427367916793,33.9966788111315],[-118.427138921908,33.9967037486633],[-118.426754258494,33.9967456135747],[-118.426625606708,33.9967596130683],[-118.426496970193,33.9967736439243],[-118.426446027603,33.996779182657],[-118.426364354628,33.9967880718523],[-118.426282678531,33.9967969889508],[-118.426207467023,33.9968051682481],[-118.426201004301,33.9968058509939],[-118.426119297863,33.9968147680888],[-118.426037622792,33.9968236841161],[-118.425955915901,33.9968325190625],[-118.425874239575,33.9968414079376],[-118.425792567552,33.9968502949391],[-118.425710859812,33.9968591856174],[-118.425330877905,33.9969005074855],[-118.425068872966,33.996929019306],[-118.425016083553,33.9969347559659],[-118.424934309614,33.9969436445479],[-118.424852602756,33.9969525310352],[-118.424770861267,33.9969614220968],[-118.424689120829,33.9969703103947],[-118.424607347903,33.9969791987514],[-118.424525639902,33.9969880868242],[-118.42444389943,33.9969969785621],[-118.424362158937,33.997005869343],[-118.424280453048,33.9970147572423],[-118.423903830966,33.9970557274305],[-118.42372515013,33.9970753069403],[-118.423546104227,33.9970946296282],[-118.423491928777,33.9971005075179],[-118.423261280573,33.9971255805191],[-118.423161504187,33.9971364549063],[-118.423030698393,33.9971506798936],[-118.422800017443,33.997175752127],[-118.422569401296,33.9972008236923],[-118.422338752676,33.997225921976],[-118.422107839823,33.9972510216441],[-118.42198158474,33.9972647355364],[-118.42177451764,33.9972884863344],[-118.421714213357,33.9972945669544],[-118.421672636916,33.9972987601125],[-118.421508390016,33.9973166442124],[-118.421385273147,33.9973300354907],[-118.421263162677,33.9973433888719],[-118.421066903409,33.9973646548701],[-118.420877865996,33.9973850993099],[-118.420681609413,33.9974067225799],[-118.420492571947,33.9974271934617],[-118.420296279956,33.9974484862669],[-118.420294651872,33.9974486704403],[-118.420293019476,33.9974488582349],[-118.420291391401,33.9974490442113],[-118.420289763344,33.9974492337938],[-118.420288133122,33.9974494233838],[-118.420286505074,33.9974496147693],[-118.420284877021,33.9974498052531],[-118.420283248991,33.9974500002446],[-118.420281620948,33.9974501925316],[-118.420279994009,33.9974503893223],[-118.420278365984,33.9974505852152],[-118.420276737972,33.9974507838127],[-118.420275109955,33.9974509815086],[-118.420273484113,33.997451181],[-118.420271856119,33.9974513832034],[-118.420270230285,33.9974515844979],[-118.420268604461,33.9974517875952],[-118.420266978636,33.9974519906926],[-118.420265350665,33.9974521974036],[-118.420263724849,33.9974524023039],[-118.420262097965,33.9974526099126],[-118.420260474332,33.9974528184115],[-118.420258848535,33.9974530269178],[-118.420257222755,33.9974532390302],[-118.420255599136,33.9974534502336],[-118.420253973366,33.9974536641489],[-118.420252349756,33.9974538771553],[-118.420250726159,33.9974540928662],[-118.420249102567,33.9974543094785],[-118.420247477893,33.9974545260946],[-118.420245854314,33.9974547454115],[-118.42024423074,33.9974549656298],[-118.420242609331,33.9974551858406],[-118.420240985766,33.9974554078619],[-118.420239364366,33.9974556298757],[-118.420237739727,33.9974558537038],[-118.420236118345,33.9974560793236],[-118.420234496959,33.9974563040419],[-118.420232875586,33.9974565314647],[-118.420231253139,33.9974567606942],[-118.420229631775,33.99745698992],[-118.420228010416,33.9974572200473],[-118.420226391235,33.9974574528716],[-118.420224768811,33.9974576866087],[-118.42022314746,33.9974579185389],[-118.420221528297,33.9974581549692],[-118.420219909129,33.9974583904979],[-118.420218288888,33.9974586278334],[-118.42021666973,33.9974588651651],[-118.42021505058,33.9974591042999],[-118.420213430357,33.9974593452414],[-118.420211813391,33.9974595879746],[-118.420210193177,33.9974598307191],[-118.420208576219,33.9974600752553],[-118.420206959261,33.9974603197915],[-118.420205339061,33.9974605652405],[-118.420203724277,33.9974608115721],[-118.420202104099,33.9974610615286],[-118.42020048932,33.9974613087618],[-118.420198871316,33.9974615605138],[-118.420197256554,33.9974618113529],[-118.420195638555,33.9974620640063],[-118.420194021642,33.9974623175575],[-118.420192406908,33.9974625738057],[-118.420190793256,33.9974628300501],[-118.420189175266,33.9974630845064],[-118.420187562706,33.9974633425501],[-118.420185946907,33.997463602408],[-118.420184354957,33.9974638693951],[-118.42018276192,33.9974641354845],[-118.420181169979,33.9974644042746],[-118.420179576951,33.9974646721669],[-118.420177986102,33.9974649427562],[-118.420176396339,33.9974652142433],[-118.420174803329,33.9974654857417],[-118.420173213575,33.9974657590318],[-118.420171622739,33.9974660323255],[-118.420170031917,33.9974663083239],[-118.420168442181,33.9974665852199],[-118.420166853532,33.9974668630137],[-118.420165262724,33.9974671417166],[-118.420163674079,33.9974674204118],[-118.420162084371,33.9974677027169],[-118.420160495745,33.9974679850182],[-118.420158907114,33.9974682664179],[-118.420157318506,33.9974685523253],[-118.420155733132,33.9974688355167],[-118.420154144533,33.997469123227],[-118.420152558094,33.9974694100282],[-118.420150969504,33.9974696995415],[-118.420149383074,33.9974699881458],[-118.420147796653,33.997470278553],[-118.420146211324,33.9974705707595],[-118.420144624912,33.9974708629697],[-118.420143038514,33.9974711578844],[-118.420141452116,33.9974714527992],[-118.420139867887,33.9974717486079],[-118.420138283658,33.9974720444166],[-118.420136699447,33.9974723438312],[-118.420135115236,33.997472643246],[-118.420133531035,33.9974729444637],[-118.420131946828,33.9974732447799],[-118.4201303648,33.997473547793],[-118.420128780603,33.9974738499122],[-118.420127198593,33.9974741565314],[-118.42012561657,33.997474460446],[-118.420124034564,33.9974747679667],[-118.420122452563,33.9974750763889],[-118.420120870567,33.9974753857125],[-118.42011928857,33.9974756950362],[-118.420117708748,33.9974760061552],[-118.420116128934,33.9974763190774],[-118.420114549121,33.9974766319995],[-118.420112967151,33.9974769467322],[-118.420111387356,33.9974772632603],[-118.420109808643,33.9974775797847],[-118.420108228847,33.9974778963127],[-118.42010665123,33.9974782155378],[-118.420105073617,33.9974785356644],[-118.420103493835,33.997478854897],[-118.420101915158,33.9974791786333],[-118.42010033755,33.9974794996614],[-118.420098762129,33.9974798251894],[-118.420097184539,33.9974801498235],[-118.42009560804,33.9974804762568],[-118.420094032624,33.9974808026863],[-118.420092455061,33.9974811327295],[-118.420090878575,33.9974814618672],[-118.420089305351,33.9974817936982],[-118.420087729953,33.9974821237338],[-118.420086153485,33.9974824564776],[-118.42008458027,33.9974827901115],[-118.420083005981,33.9974831255524],[-118.420081432775,33.9974834609893],[-118.420079859577,33.9974837982293],[-118.420078285302,33.9974841363746],[-118.420076714278,33.99748447541],[-118.420075140012,33.9974848153583],[-118.420073569006,33.9974851579998],[-118.420071996914,33.9974854997435],[-118.420070425913,33.9974858432864],[-118.420068853829,33.9974861868331],[-118.420067282842,33.9974865330806],[-118.420065719467,33.9974868865138],[-118.420064153932,33.997487240856],[-118.420062588397,33.9974875951983],[-118.42006102504,33.9974879522375],[-118.420059459523,33.9974883101857],[-118.420057897249,33.9974886672211],[-118.420056333906,33.9974890269648],[-118.420054772732,33.9974893876025],[-118.420053209393,33.9974897482477],[-118.420051646077,33.9974901134004],[-118.420050084912,33.9974904758411],[-118.420048523765,33.9974908418878],[-118.42004696261,33.9974912061314],[-118.420045401472,33.9974915739811],[-118.420043842499,33.9974919418232],[-118.42004228137,33.9974923114759],[-118.420040722415,33.997492682924],[-118.420039161282,33.9974930516751],[-118.420037602336,33.9974934249262],[-118.420036044481,33.9974937999767],[-118.420034485531,33.9974941723262],[-118.420032926603,33.9974945491834],[-118.420031369835,33.9974949251315],[-118.420029813081,33.9974953037841],[-118.420028256322,33.9974956815352],[-118.420026699582,33.9974960628923],[-118.420025143919,33.9974964433441],[-118.420023589352,33.9974968264966],[-118.420022032621,33.9974972096567],[-118.420020476972,33.997497592813],[-118.420018922423,33.9974979795716],[-118.42001737003,33.9974983645196],[-118.42001581549,33.9974987530812],[-118.420014259863,33.997499140745],[-118.420012709653,33.9974995292915],[-118.420011155131,33.997499921459],[-118.420009601692,33.9975003136229],[-118.420008051495,33.9975007048739],[-118.420006498074,33.9975011006437],[-118.420004947886,33.9975014936976],[-118.420003396634,33.9975018903614],[-118.420001846469,33.9975022879229],[-118.420000295226,33.9975026863896],[-118.41999874723,33.997503084845],[-118.419997198161,33.9975034851073],[-118.419995650183,33.9975038871687],[-118.419994098963,33.997504290143],[-118.419992553159,33.9975046939999],[-118.419991004103,33.9975050969666],[-118.419989457226,33.9975055026303],[-118.419987909275,33.9975059101008],[-118.419986362416,33.9975063193705],[-118.41998481663,33.9975067268334],[-118.419983271939,33.9975071369971],[-118.419981725089,33.9975075480697],[-118.419980180408,33.9975079600364],[-118.419978636814,33.9975083729008],[-118.419977092142,33.9975087866704],[-118.419975547479,33.9975092022431],[-118.41997400282,33.9975096187172],[-118.419972461413,33.9975100360816],[-118.419970918924,33.9975104534497],[-118.419969376453,33.9975108744239],[-118.419967836137,33.9975112935874],[-118.41996629151,33.9975117163721],[-118.419964751213,33.9975121391417],[-118.419963210925,33.9975125637142],[-118.419961670636,33.9975129882868],[-118.419960130352,33.9975134137609],[-118.419958592238,33.997513840129],[-118.419957051976,33.9975142701106],[-118.419955513866,33.9975146973801],[-118.419953975778,33.9975151291572],[-118.419952437677,33.9975155582297],[-118.419950899599,33.9975159918098],[-118.419949363689,33.9975164262839],[-118.419947827771,33.9975168589548],[-118.419946291871,33.9975172952318],[-118.419944755975,33.9975177324104],[-118.419943221157,33.9975181686836],[-118.419941685275,33.9975186085667],[-118.419940060515,33.9975190244176],[-118.419938435747,33.9975194384655],[-118.419936811001,33.9975198570209],[-118.419935186259,33.9975202764778],[-118.419933565848,33.9975206959196],[-118.419931941115,33.9975211171795],[-118.419930318547,33.9975215384319],[-118.419928697071,33.9975219614835],[-118.419927074512,33.9975223845388],[-118.419925454132,33.9975228102912],[-118.419923833747,33.997523235142],[-118.41992221338,33.9975236635988],[-118.419920591926,33.9975240911579],[-118.419918973733,33.9975245214102],[-118.419917355536,33.997524950761],[-118.419915734104,33.9975253828275],[-118.41991411809,33.9975258157768],[-118.419912499915,33.9975262496351],[-118.419910882826,33.9975266843911],[-118.419909266821,33.9975271191433],[-118.41990764975,33.9975275575053],[-118.419906033754,33.9975279940606],[-118.419904418857,33.997528434218],[-118.419902805043,33.9975288743718],[-118.419901189074,33.997529316336],[-118.419899576351,33.9975297582889],[-118.419897961473,33.9975302020524],[-118.419896349846,33.9975306467061],[-118.419894734977,33.9975310922725],[-118.419893123363,33.9975315396307],[-118.419891512828,33.9975319860836],[-118.419889900142,33.9975324352486],[-118.419888290707,33.9975328853036],[-118.419886680194,33.9975333362641],[-118.419885069686,33.9975337881259],[-118.419883459186,33.9975342417908],[-118.419881851934,33.9975346954444],[-118.419880243609,33.9975351509048],[-118.419878635288,33.9975356072666],[-118.419877026971,33.99753606453],[-118.419875420824,33.9975365226872],[-118.419873814681,33.9975369817461],[-118.419872208548,33.9975374426079],[-118.419870603506,33.997537905269],[-118.419868999546,33.9975383679262],[-118.419867393425,33.9975388314926],[-118.419865789484,33.9975392977559],[-118.419864185537,33.9975397631176],[-118.419768507163,33.9975722031258],[-118.419767984231,33.9975723924634],[-118.419736404949,33.9975842114032],[-118.419651456068,33.9976187632541],[-118.419623593739,33.9976310191041],[-118.419619176645,33.9976329989016],[-118.419591537191,33.9976456686741],[-118.419591319065,33.9976457722072],[-118.419561704079,33.9976599255514],[-118.419532397426,33.9976744826047],[-118.419532072447,33.9976746469117],[-118.41946277859,33.9977114449176],[-118.419461428283,33.9977121987844],[-118.419460076889,33.9977129517533],[-118.419458727664,33.9977137056163],[-118.419457379531,33.9977144612785],[-118.41945603032,33.9977152178459],[-118.419454683274,33.9977159744058],[-118.419453337323,33.9977167336665],[-118.419451990295,33.9977174938325],[-118.419450645422,33.9977182521879],[-118.419449300568,33.9977190141493],[-118.419447955713,33.9977197761107],[-118.419446613023,33.9977205380646],[-118.419445270342,33.9977213018215],[-118.419443929835,33.9977220673739],[-118.419442589328,33.9977228329263],[-118.41944124883,33.9977236002816],[-118.419439910497,33.9977243676295],[-118.419438572172,33.9977251367804],[-118.419437233843,33.9977259050297],[-118.419435896601,33.9977266741768],[-118.419434558295,33.9977274469337],[-118.419433224314,33.9977282187741],[-118.419431889254,33.9977289915196],[-118.419430555282,33.997729765163],[-118.419429223479,33.9977305397002],[-118.419427888433,33.9977313151503],[-118.419426558808,33.9977320923846],[-118.419425225936,33.9977328696302],[-118.419423896316,33.997733647766],[-118.419422567782,33.9977344267995],[-118.419421238175,33.9977352076398],[-118.419419911815,33.9977359884688],[-118.419418583291,33.9977367693053],[-118.419417258031,33.9977375537367],[-118.41941593169,33.9977383381717],[-118.419414605348,33.9977391226067],[-118.419413281171,33.9977399070342],[-118.419411959163,33.9977406923556],[-118.419410636095,33.9977414821884],[-118.419409315183,33.9977422702107],[-118.419407994267,33.9977430573313],[-118.419406674455,33.9977438489558],[-118.419405354639,33.9977446396788],[-118.419404034828,33.9977454313033],[-118.419402716103,33.9977462238255],[-118.419401398465,33.9977470172454],[-118.419400083006,33.9977478133624],[-118.419398767537,33.9977486076763],[-118.419397454242,33.9977494037857],[-118.4193961377,33.9977501999064],[-118.419394824423,33.9977509996218],[-118.419393513307,33.9977517984282],[-118.419392201112,33.9977525981399],[-118.419390892174,33.9977533996433],[-118.419389579984,33.9977542002564],[-118.419388271054,33.9977550035628],[-118.419386961043,33.997755806873],[-118.419385654287,33.9977566119749],[-118.419384346449,33.9977574170805],[-118.419383041854,33.9977582212733],[-118.419381736198,33.9977590299774],[-118.419380430539,33.9977598377801],[-118.419379128131,33.9977606464729],[-118.419377824645,33.997761456071],[-118.419376521163,33.9977622665706],[-118.419375201495,33.9977630870433],[-118.419373881832,33.9977639084175],[-118.419372562174,33.9977647306932],[-118.419371244698,33.9977655565674],[-118.419369927213,33.9977663806385],[-118.419368609732,33.9977672056112],[-118.419367293339,33.9977680314816],[-118.419365978032,33.9977688582498],[-118.419364664904,33.997769687715],[-118.419363351771,33.9977705162786],[-118.41936203972,33.9977713448385],[-118.419360728775,33.9977721779022],[-118.419359416733,33.997773008265],[-118.419358107948,33.9977738404196],[-118.419356798089,33.997774674381],[-118.419355489312,33.9977755083386],[-118.419354181627,33.9977763440955],[-118.419352875025,33.9977771798486],[-118.419351569513,33.997778017401],[-118.419350264002,33.9977788549533],[-118.419348959582,33.9977796943049],[-118.419347656253,33.9977805354558],[-118.419346352925,33.9977813766066],[-118.419345051756,33.9977822168484],[-118.419343750602,33.9977830597947],[-118.419342452703,33.9977839045328],[-118.419341153708,33.99778474657],[-118.419339854736,33.9977855931149],[-118.419338557924,33.9977864387507],[-118.419337260039,33.9977872861932],[-118.419335963241,33.9977881345335],[-118.419334668602,33.9977889819648],[-118.419333373973,33.997789831199],[-118.419332081522,33.9977906831303],[-118.419330789067,33.9977915341601],[-118.419329497703,33.9977923869891],[-118.419328205257,33.9977932398218],[-118.419326917149,33.9977940944425],[-118.419325625794,33.9977949490746],[-118.41932433986,33.9977958054908],[-118.419323050678,33.9977966619183],[-118.419321764749,33.9977975192359],[-118.419320479906,33.9977983774514],[-118.419319196154,33.9977992374661],[-118.41931791132,33.9978000974846],[-118.419316626491,33.9978009584046],[-118.419315344913,33.9978018202147],[-118.419314064423,33.9978026829226],[-118.419312783945,33.9978035483351],[-118.419311503454,33.997804411043],[-118.419310222982,33.997805277357],[-118.419308946843,33.9978061445573],[-118.419307668535,33.9978070108638],[-118.4193063924,33.9978078789656],[-118.419305116275,33.9978087488706],[-118.419303842319,33.9978096196695],[-118.419302568358,33.9978104895668],[-118.419301296571,33.9978113612597],[-118.419300024793,33.9978122347556],[-118.419298753016,33.9978131082515],[-118.419297482315,33.9978139808421],[-118.419296214876,33.9978148561259],[-118.419294945281,33.9978157332203],[-118.419272866147,33.9978312378528],[-118.419264335974,33.9978373384069],[-118.419247930267,33.9978492812038],[-118.419238498577,33.9978562719958],[-118.419221631324,33.997868992612],[-118.419215123998,33.997873980857],[-118.419195753161,33.997889083901],[-118.419193619576,33.9978907798822],[-118.419191057968,33.9978928136217],[-118.419170332687,33.9979095765798],[-118.419169546856,33.9979102239049],[-118.419145322007,33.997930416723],[-118.419139171156,33.9979356958223],[-118.419079060009,33.997989571899],[-118.419063712869,33.9980045482577],[-118.4190632842,33.9980049734664],[-118.41904862533,33.9980197067241],[-118.419047793946,33.9980205525437],[-118.419019501458,33.9980502814459],[-118.419014463285,33.9980557730434],[-118.418994521364,33.9980763836964],[-118.418993678267,33.9980772683222],[-118.418991871473,33.9980791633054],[-118.418975259735,33.998096888308],[-118.418970881608,33.99810168794],[-118.418953563948,33.9981208902974],[-118.418953408955,33.9981210648311],[-118.418913507625,33.9981676746335],[-118.418896653576,33.9981884647751],[-118.418785492358,33.9983247601861],[-118.418674101726,33.9984611392314],[-118.41856307211,33.9985974889743],[-118.418451679806,33.998733894866],[-118.418340320557,33.9988702734943],[-118.418229257523,33.9990066509932],[-118.418122488708,33.9991375177705],[-118.418120952454,33.9991394081973],[-118.41806521227,33.9992068402941],[-118.416070211751,34.0005038401627],[-118.414372475113,34.0036663502923],[-118.414335929579,34.0036016131941],[-118.414246255808,34.0034427383066],[-118.414243260386,34.0034374448716],[-118.414239420716,34.0034350121923],[-118.414116525192,34.0033562406079],[-118.414108415588,34.0033510476582],[-118.41398578524,34.003272439111],[-118.413977410718,34.0032670820809],[-118.413855044606,34.0031886654237],[-118.413846406111,34.0031831163617],[-118.413724305179,34.0031048636445],[-118.413715401905,34.0030991784479],[-118.413593566284,34.0030211167165],[-118.413584397824,34.0030152124453],[-118.413462827242,34.0029372867079],[-118.413453426616,34.0029312741366],[-118.413368845641,34.0028770986725],[-118.413322426419,34.0028473303773],[-118.411653211047,34.0017768408883],[-118.411451067936,34.001648149485],[-118.411384144494,34.0016052401984],[-118.411357931656,34.0015884573672],[-118.411266251488,34.0015296635516],[-118.41122693217,34.0015044617681],[-118.411148358689,34.0014540858886],[-118.411095965553,34.0014204929622],[-118.411030466109,34.0013785090122],[-118.410964999203,34.0013365249162],[-118.410912606214,34.0013029319105],[-118.410834000638,34.0012525559375],[-118.410794714054,34.0012273539031],[-118.410703035759,34.0011685596574],[-118.410572103881,34.0010846172161],[-118.410558963938,34.0010761992327],[-118.410441072417,34.0010006208809],[-118.410323181113,34.0009250433159],[-118.410310074771,34.0009166242898],[-118.41020532249,34.0008494646241],[-118.410179109993,34.0008326544922],[-118.410087432562,34.0007738597803],[-118.410048113005,34.0007486846631],[-118.409917149702,34.0006646875329],[-118.409820861148,34.0006029557639],[-118.409743325275,34.0005532470964]]]},"properties":{"name":"Del Rey"}},{"type":"Feature","geometry":{"type":"Polygon","coordinates":[[[-118.244496972256,34.0613106557371],[-118.243758972873,34.0606876573836],[-118.24345097187,34.0609046567253],[-118.243363973033,34.0604326564429],[-118.239413971544,34.0583276582484],[-118.23724997145,34.058243658966],[-118.230968970888,34.0564496596086],[-118.227140968913,34.0550786611314],[-118.228821969171,34.0531056614924],[-118.229011969378,34.0531336616583],[-118.228831969453,34.0530826616496],[-118.230206970109,34.047637665483],[-118.223966966233,34.0200386815406],[-118.223620965639,34.0175476826622],[-118.223234965192,34.0174426830421],[-118.222586071088,34.0150070804426],[-118.222585966105,34.0150066848654],[-118.222807429617,34.0150058327393],[-118.222856981046,34.0150058314198],[-118.222894029319,34.0150058306297],[-118.223071261607,34.0150050632912],[-118.223105974285,34.0150049170987],[-118.223135968663,34.0150834649616],[-118.223268965607,34.015432683664],[-118.223269315275,34.0154326767066],[-118.223269335989,34.0154327307599],[-118.223299944367,34.015432084543],[-118.223578965367,34.0154266844912],[-118.223566969468,34.015038207734],[-118.223565975368,34.015005684256],[-118.225569966086,34.0150006840024],[-118.225580965387,34.0153826840603],[-118.227374965676,34.0153446841576],[-118.227532720882,34.014984557381],[-118.22763182565,34.014984068521],[-118.227676239526,34.0149838747721],[-118.227734579904,34.0149835726946],[-118.22798315226,34.0149823885652],[-118.228114121403,34.0149817841302],[-118.228245749777,34.0149811494578],[-118.228377378227,34.0149805434906],[-118.228509009847,34.0149799094264],[-118.228640635045,34.0149793031782],[-118.228772262407,34.0149786967824],[-118.228903890623,34.0149780073009],[-118.229035519137,34.0149774276617],[-118.229167115021,34.0149767929476],[-118.229298742375,34.0149761859777],[-118.229430368568,34.0149755509191],[-118.229555399561,34.0149749562067],[-118.229557282224,34.0149749526264],[-118.229561999166,34.014974943656],[-118.229611495669,34.0149746565883],[-118.230073496159,34.0149718250925],[-118.230337478449,34.0149702497374],[-118.230983131246,34.0149620363564],[-118.230997385543,34.0149618440998],[-118.231360287887,34.0149572184235],[-118.232186633813,34.0149467003343],[-118.232285624863,34.0149454379672],[-118.232780547597,34.0149391267796],[-118.233418017761,34.0149309972905],[-118.233945246061,34.014924837023],[-118.234105908805,34.0149229595856],[-118.234616111236,34.0149169943862],[-118.234814093807,34.0149146855577],[-118.235060912737,34.0149118152244],[-118.235555835523,34.0149060407857],[-118.236494208462,34.014895081615],[-118.237018565382,34.0148889694432],[-118.237409087037,34.0148844092794],[-118.237986315961,34.0148776642154],[-118.238062430054,34.0148767739738],[-118.239303154081,34.014862256411],[-118.239576367636,34.0148596355419],[-118.239579209427,34.0148596082651],[-118.239406969555,34.0200366801623],[-118.243100968935,34.0207466799548],[-118.24496596935,34.0215986794976],[-118.24505796965,34.0214846793002],[-118.250318971468,34.0246076773345],[-118.258966972499,34.0286246741911],[-118.259121972572,34.0285386746989],[-118.263379973529,34.0306706731801],[-118.26346697366,34.0305546737855],[-118.265614973724,34.031532672254],[-118.265528973774,34.0316506724028],[-118.267365974553,34.0324766710554],[-118.267423774091,34.0323927900414],[-118.267447973878,34.0323576714425],[-118.268214973921,34.0327026712278],[-118.268135974754,34.0328236715076],[-118.274156976376,34.0354616697461],[-118.273777975819,34.0381196685685],[-118.273988976301,34.0381316680297],[-118.273602124385,34.04064662964],[-118.273537976665,34.0410636668705],[-118.2730019758,34.0425626650795],[-118.272009671177,34.0440646018766],[-118.271860976107,34.0442896639005],[-118.271610681964,34.0445061247264],[-118.270557737093,34.0454167343391],[-118.269907976675,34.0459786644141],[-118.268733716819,34.0466666943457],[-118.266513375404,34.0479676533261],[-118.260882974263,34.0512666609719],[-118.261352975226,34.0515496610316],[-118.260092975259,34.0523586605035],[-118.26001890353,34.0524355150035],[-118.259533974286,34.0529386600729],[-118.2598949751,34.0532396601908],[-118.259696974251,34.053150659735],[-118.255129973722,34.0580026575167],[-118.254075974483,34.0592166572819],[-118.251924974072,34.0625696550605],[-118.249084973861,34.0652676537849],[-118.244496972256,34.0613106557371]]]},"properties":{"name":"Downtown"}},{"type":"Feature","geometry":{"type":"Polygon","coordinates":[[[-118.198203232663,34.1516016452265],[-118.198207187158,34.1490498694495],[-118.198180888475,34.1490499350985],[-118.198180889471,34.149049898134],[-118.198180899899,34.1490488081648],[-118.198107890884,34.1490490378032],[-118.19757078466,34.1490505693995],[-118.19695758547,34.1490523181548],[-118.195466259429,34.1490565802228],[-118.194892796041,34.1490582037719],[-118.183902932246,34.149085837664],[-118.183890201686,34.1490857281083],[-118.183892606995,34.1490656193899],[-118.184225184868,34.1462848694039],[-118.184278966777,34.1461490248758],[-118.184333656657,34.1460109828082],[-118.18436169283,34.1459402644792],[-118.18436416927,34.145933814751],[-118.184553946647,34.1454544638678],[-118.184571854142,34.14540985759],[-118.184572960554,34.1454071017215],[-118.184572756372,34.1454069514774],[-118.184573184453,34.1454058698873],[-118.182313184282,34.1437388699606],[-118.182312764689,34.143735899145],[-118.182323890398,34.1434788683155],[-118.182324041091,34.1434753791608],[-118.182271874522,34.143446219348],[-118.182218184403,34.1430658692574],[-118.181176183832,34.1422038698994],[-118.18077400057,34.1413155086196],[-118.180771137961,34.1413053995189],[-118.180445729017,34.1410158061618],[-118.180444642681,34.1410148395383],[-118.180534274919,34.140797761163],[-118.180552356262,34.1408024843297],[-118.180633667546,34.1408197128391],[-118.180716028364,34.1408309003649],[-118.180798988609,34.1408359880771],[-118.18088209932,34.1408349459942],[-118.181219628783,34.1408284786742],[-118.181277916783,34.1408284607032],[-118.181889725722,34.1407018006291],[-118.181909328051,34.1406899619722],[-118.181922960822,34.1406822468858],[-118.182034437694,34.140619613759],[-118.183140183822,34.1402648687761],[-118.184221766272,34.1395049111342],[-118.184223834174,34.1395050360004],[-118.184330590489,34.1395108359981],[-118.184340174815,34.1395112063377],[-118.184577076509,34.139520352417],[-118.184692328026,34.1395262491112],[-118.184703942337,34.1395213594898],[-118.184728452406,34.1395110400713],[-118.184905184668,34.1395578685993],[-118.185695184898,34.1390378686135],[-118.185685483877,34.1388800208212],[-118.185685744619,34.1388797706965],[-118.185686543069,34.1388790031682],[-118.185685116019,34.1388740262011],[-118.185684184611,34.1388588692791],[-118.185407184858,34.1388458688207],[-118.185538184793,34.138570869282],[-118.185536184067,34.1373398688276],[-118.185808183938,34.1373728690318],[-118.185799711439,34.1373184863429],[-118.185897466221,34.13731162145],[-118.185897421252,34.1372889651288],[-118.185897414378,34.1372853869605],[-118.185896759409,34.1369645725452],[-118.185896752535,34.1369609943769],[-118.185896601118,34.1368782890043],[-118.185896594244,34.1368747108361],[-118.18590010768,34.1367599548881],[-118.18589994256,34.1365394711714],[-118.185899940012,34.136539300786],[-118.185899937854,34.1365358929999],[-118.185898069836,34.1364769275942],[-118.185899184196,34.1364758683839],[-118.185899184417,34.1361878687157],[-118.185218308501,34.1360728894523],[-118.185230525319,34.1360221063933],[-118.185237841435,34.1359922806329],[-118.185248680589,34.1359475291261],[-118.185259912946,34.1359011551606],[-118.185290535646,34.1357769042255],[-118.1853421377,34.1355614744768],[-118.185370430516,34.1354446737447],[-118.185385303681,34.1353862037453],[-118.185411598275,34.1352772376728],[-118.185442143426,34.1351485350565],[-118.185452068938,34.1351098883021],[-118.185491066149,34.1349464916905],[-118.185497850484,34.1349213934605],[-118.185530196195,34.1347848844028],[-118.18554342705,34.1347310057005],[-118.185631514441,34.1345766598896],[-118.185681317803,34.1344893106405],[-118.185687901333,34.1344778141146],[-118.185694813821,34.1344655480766],[-118.185702516021,34.1344520168779],[-118.185773419633,34.1343272919358],[-118.185814959449,34.1342541896121],[-118.185849884327,34.1341926109035],[-118.185909736111,34.134087136146],[-118.186109184264,34.1337368682295],[-118.186109038739,34.1337367566636],[-118.186109166169,34.1337365319861],[-118.18576275756,34.1334704666263],[-118.185722208222,34.1334392854572],[-118.18569774598,34.1334204999623],[-118.185491292347,34.1332617976019],[-118.185340482794,34.1331458765081],[-118.185248759436,34.1330753685928],[-118.185018110528,34.1328980723567],[-118.184833671369,34.1327562893829],[-118.184823608606,34.132748556106],[-118.184484522986,34.1324879436931],[-118.184363970563,34.1323953041353],[-118.184168677209,34.1322452110631],[-118.184150339438,34.1322311147073],[-118.184136999382,34.1322208855179],[-118.183955699576,34.1320815485946],[-118.183772994043,34.1319411289954],[-118.183636124313,34.1318359010967],[-118.18350488083,34.1317347863046],[-118.183392969319,34.1316487553152],[-118.183275464258,34.1315584179744],[-118.183273909807,34.1315575142922],[-118.18321740753,34.1315141010555],[-118.183107580951,34.1314293576361],[-118.183024203414,34.1313656509763],[-118.182967667972,34.1313218256738],[-118.182934038169,34.1312959368096],[-118.182830035413,34.1312158497506],[-118.182829972428,34.1312158011632],[-118.182834693163,34.130911686745],[-118.182835560414,34.1308546671782],[-118.182835993106,34.1308259788931],[-118.182843570007,34.1303318443859],[-118.182847590806,34.1300695882329],[-118.182852365478,34.1297584715465],[-118.182852418648,34.1297550249116],[-118.182813497206,34.1296707734702],[-118.185459183203,34.1288758675279],[-118.185567183533,34.1286418679691],[-118.187442183915,34.1281738676432],[-118.189258184877,34.1320888683552],[-118.190199184895,34.1314008679086],[-118.190101184742,34.1311898680592],[-118.190735761085,34.1313250528682],[-118.190850870816,34.1313495749473],[-118.190899184472,34.1313598680727],[-118.191040151651,34.1312861507108],[-118.191444184583,34.1310748677395],[-118.191331184511,34.1305628676535],[-118.191807443865,34.1303537563047],[-118.191848184912,34.1303358674699],[-118.191989973644,34.1301673588651],[-118.19217718536,34.1299448672015],[-118.1922151542,34.1299374070594],[-118.193826185603,34.1296208671099],[-118.194150184631,34.1276478673475],[-118.19442518539,34.1271038667245],[-118.194421185372,34.1265618670086],[-118.198204185682,34.1264498668297],[-118.198624185797,34.1271808667242],[-118.199671186158,34.1269288666079],[-118.200163186394,34.1272288669115],[-118.200887185713,34.126159866519],[-118.200794185444,34.1252278662338],[-118.200484185976,34.1247358660132],[-118.203592186091,34.1253328660061],[-118.204055186536,34.1236558656951],[-118.208304187027,34.1244738661652],[-118.209020186669,34.1218888655326],[-118.216015187946,34.1232278658092],[-118.216676188422,34.1208418650824],[-118.215736188546,34.1207428653452],[-118.214267187446,34.1203258651115],[-118.213751188197,34.1199438649179],[-118.213350187819,34.1193668647361],[-118.213072187058,34.118835865284],[-118.212890187054,34.1177148645669],[-118.213056187369,34.1171228652927],[-118.213670292419,34.1162944681245],[-118.213675187911,34.1162878647657],[-118.214883188167,34.1165568649165],[-118.216731187492,34.11746786511],[-118.218387188792,34.1177878650533],[-118.220951188389,34.1197468645626],[-118.221892189076,34.1208508649343],[-118.221945278781,34.1208697474056],[-118.223638190023,34.1214718648264],[-118.22438118947,34.1223158650695],[-118.225222189897,34.1219078650004],[-118.225997189578,34.123030864954],[-118.226067189568,34.1235698646162],[-118.226811190195,34.123784864591],[-118.227607189958,34.124800865288],[-118.228462190387,34.1252528653024],[-118.22841219039,34.1263008646771],[-118.229637732918,34.1333938924321],[-118.229693191134,34.1337148659979],[-118.229657166172,34.1343124448303],[-118.22957921802,34.1356055552608],[-118.22957919177,34.1356058663394],[-118.228821247773,34.1356058663866],[-118.228650532561,34.1356058035573],[-118.228561308713,34.1356057523165],[-118.22852377326,34.1356057358322],[-118.228325228159,34.1356056494224],[-118.228322815856,34.1356056485695],[-118.2282623413,34.135605626646],[-118.227982939075,34.1356055255442],[-118.227928676839,34.1356054908359],[-118.227928672402,34.135605851908],[-118.227763191826,34.1356058658548],[-118.227889191058,34.138088866794],[-118.229141551501,34.1380839435935],[-118.229143680323,34.1383558237008],[-118.229145812115,34.1386271998474],[-118.229148795693,34.1390040104005],[-118.229149335874,34.1390721174464],[-118.228785802965,34.1390730034256],[-118.228789837226,34.1406462167592],[-118.228790479307,34.140784131076],[-118.228791422236,34.1409234196609],[-118.228792127506,34.1410242105556],[-118.228792454989,34.1410590803096],[-118.22879322381,34.1411430818455],[-118.228790870224,34.1427814169148],[-118.228775863641,34.142881942746],[-118.228775908812,34.1429103283123],[-118.228776488514,34.1432670843569],[-118.228776731867,34.1434043124681],[-118.22877694277,34.1435415685887],[-118.228777152512,34.1436787967642],[-118.228777395945,34.143816052824],[-118.228777639304,34.1439532818383],[-118.22877781652,34.1440905100765],[-118.228778061039,34.1442277661354],[-118.228778238256,34.1443649943745],[-118.228778243824,34.1443670282213],[-118.228778490454,34.1444935677598],[-118.228778481618,34.1445022233902],[-118.228778576066,34.1445466290972],[-118.228778598293,34.1445571255982],[-118.228778723851,34.1446390395067],[-118.228778780844,34.1446840222654],[-118.228778806568,34.1446934197917],[-118.228778933977,34.1447764056191],[-118.22877899097,34.1448213883779],[-118.228779022711,34.1448329838291],[-118.228779134228,34.1449065991578],[-118.228779145261,34.1449137987756],[-118.228779334504,34.1449706517631],[-118.228779620034,34.1450511923355],[-118.228779847598,34.1451101611474],[-118.22878006235,34.1451886121016],[-118.22878024821,34.1452442290946],[-118.22878050452,34.1453259777764],[-118.228780688574,34.1453809348512],[-118.228781127737,34.145517201564],[-118.228781570962,34.1456549512906],[-118.228782294466,34.1458463669161],[-118.228782523372,34.145907012577],[-118.22864300242,34.1458019450632],[-118.228591536849,34.1458876636333],[-118.228589191986,34.1458858668049],[-118.22824919197,34.1464518674467],[-118.228695192534,34.1467398675243],[-118.228614369241,34.1468905366523],[-118.228225348474,34.1467670079995],[-118.228096192821,34.146725866889],[-118.228096126973,34.1467259751971],[-118.228089593676,34.1467239004752],[-118.227778350248,34.1472458822995],[-118.227478002924,34.1477372718512],[-118.227131124492,34.1476240045566],[-118.227051692542,34.1475980679114],[-118.227057663599,34.1476446235578],[-118.227016192662,34.1476328679188],[-118.226951192463,34.1486148679764],[-118.226243192178,34.1497938677861],[-118.224979192452,34.1493678677747],[-118.223864713997,34.1493195083509],[-118.222791872434,34.1492725882326],[-118.222494872493,34.1492596157752],[-118.222466808192,34.1492583755217],[-118.22207619102,34.1489285792177],[-118.221999671205,34.1488639797987],[-118.221999191624,34.1488638679877],[-118.219448191095,34.1482798677729],[-118.21919119094,34.147518868172],[-118.21680519028,34.147530867677],[-118.216584569944,34.1474181234991],[-118.21621648746,34.1472294722623],[-118.216200599353,34.1472297017169],[-118.21162644521,34.1471808712593],[-118.210983048995,34.1462229385838],[-118.210705454733,34.1462593920296],[-118.21047619523,34.1462895509466],[-118.210091176708,34.1463349285017],[-118.20983661004,34.1463686200107],[-118.209392531038,34.1464273701887],[-118.209384237693,34.1464284835198],[-118.209156135298,34.146458637928],[-118.208823396855,34.146502684987],[-118.208757318399,34.1465113997193],[-118.208753359916,34.1465141544243],[-118.208610865515,34.1466143126817],[-118.208517299768,34.1466801209588],[-118.208330529171,34.1468114067124],[-118.208171999692,34.1469228314826],[-118.20811317492,34.1469641787532],[-118.20810304548,34.1469712849366],[-118.207941480284,34.1470848584725],[-118.207710300444,34.1472472152157],[-118.207517987181,34.1472635386411],[-118.207398931063,34.1472736624922],[-118.20727604257,34.1472840948095],[-118.207030495441,34.1473049875248],[-118.207009678414,34.1473067270657],[-118.20677919902,34.1473263015745],[-118.206556452466,34.1473452304587],[-118.206292732052,34.147367636644],[-118.206275094747,34.147369135333],[-118.205444188461,34.1474358688317],[-118.205441426253,34.1474401125295],[-118.205414697679,34.1474424171845],[-118.204960121013,34.1481568117388],[-118.204907340756,34.1482386782802],[-118.204369462266,34.1490866763797],[-118.204364639093,34.1490942294548],[-118.204241188994,34.149283868892],[-118.203585188457,34.1496968690804],[-118.202713188469,34.1506378695502],[-118.201253436454,34.1508390148746],[-118.201036527208,34.1508646429743],[-118.200881530811,34.1508854825723],[-118.200849580218,34.1508897944905],[-118.199067364386,34.1511294996162],[-118.198892608341,34.1511530061759],[-118.198203232663,34.1516016452265]]]},"properties":{"name":"Eagle Rock"}},{"type":"Feature","geometry":{"type":"Polygon","coordinates":[[[-118.287404197902,34.0983608587184],[-118.287403198622,34.0981678582625],[-118.287112198096,34.0981688584075],[-118.286200992346,34.097567551307],[-118.286077198358,34.0974858581858],[-118.284139197293,34.0958168584546],[-118.284597197123,34.0958188583667],[-118.284422678147,34.0779007371958],[-118.284411196025,34.076721856134],[-118.286223155027,34.0766967843813],[-118.286290195946,34.0766958565071],[-118.286819196826,34.0764788560034],[-118.286821196157,34.0763358565636],[-118.309160199959,34.0762518552595],[-118.309160202115,34.0762524385455],[-118.309192113287,34.0835137772804],[-118.30919211342,34.0835138133414],[-118.30927220252,34.101737858189],[-118.309271351782,34.1017378585635],[-118.292978199661,34.1017658584657],[-118.292884887039,34.1017348754092],[-118.292204199144,34.1015088583612],[-118.287404197902,34.0983608587184]]]},"properties":{"name":"East Hollywood"}},{"type":"Feature","geometry":{"type":"Polygon","coordinates":[[[-118.244873191473,34.0956908611519],[-118.244535190637,34.0956768606425],[-118.24479219131,34.095990861188],[-118.244226328672,34.095651778167],[-118.244011191133,34.0955228610766],[-118.244317174394,34.0955468455456],[-118.244432191307,34.0955558608312],[-118.243432190179,34.0944798606819],[-118.243633190308,34.0941948609609],[-118.243087190478,34.0936828603261],[-118.243308190841,34.0934888602712],[-118.244235190613,34.093937860324],[-118.244596190789,34.093756860698],[-118.244907190419,34.0932128604954],[-118.245228190896,34.0920128605015],[-118.245594190909,34.0914258601401],[-118.243719190309,34.0905148603549],[-118.243691189708,34.0890558603379],[-118.244653190135,34.0883548596445],[-118.24619919081,34.0877468600072],[-118.248262190576,34.0859328590852],[-118.248835190562,34.0852808593131],[-118.248846190429,34.0839268591487],[-118.24999519055,34.082502858554],[-118.24893719061,34.0812768593161],[-118.248248190283,34.080751858629],[-118.249035189668,34.0780068586721],[-118.248814189571,34.0766428584558],[-118.248632189743,34.0757258586209],[-118.247071188906,34.0724248576861],[-118.24697009387,34.0723228389367],[-118.246101265729,34.0714460794076],[-118.245647189542,34.0709878576575],[-118.245920188797,34.0689338575787],[-118.247706066757,34.0657239973588],[-118.247736189382,34.0656698572628],[-118.248239189126,34.0654178573184],[-118.248942189276,34.0655268569468],[-118.252063189855,34.0625108564463],[-118.254214189714,34.0591578562013],[-118.255268189459,34.0579438561278],[-118.256795190476,34.0589788557812],[-118.259659190694,34.0620088559228],[-118.259891191392,34.0643598567174],[-118.261226191217,34.0696218564787],[-118.263802191551,34.0705608570818],[-118.269175193109,34.0728888565041],[-118.269094193515,34.0730338571802],[-118.272086193428,34.074424856775],[-118.273003969679,34.0747717057988],[-118.274224194702,34.0752328565152],[-118.274185366127,34.0752964503459],[-118.27187719455,34.0790768573022],[-118.270260194048,34.0806528579615],[-118.268511193844,34.0836658583003],[-118.26664319368,34.0864568585713],[-118.264440193199,34.0854578585832],[-118.263341193133,34.087258859192],[-118.259919193153,34.0857758584796],[-118.259201192461,34.0897868596927],[-118.2585331932,34.0909988597332],[-118.258473193382,34.0915448593085],[-118.255716192901,34.0939528601454],[-118.255542193018,34.0938288601626],[-118.255159017587,34.0942438616414],[-118.254627192297,34.0948198597877],[-118.251651192198,34.0985218605057],[-118.251844192103,34.0986148607032],[-118.250614192448,34.1004348613261],[-118.250811192373,34.1007388611429],[-118.250778261321,34.1008043392406],[-118.25072519211,34.1009098609905],[-118.249917862603,34.0995063193109],[-118.249899191848,34.0994738613085],[-118.246329191586,34.0970328606452],[-118.245561191256,34.0960858611146],[-118.245400842685,34.0959938006306],[-118.245134461352,34.0958408637111],[-118.244873191473,34.0956908611519]]]},"properties":{"name":"Echo Park"}},{"type":"Feature","geometry":{"type":"Polygon","coordinates":[[[-118.178008179633,34.0987328645993],[-118.178006179935,34.0985998647539],[-118.156694029943,34.098672145864],[-118.156685536821,34.0986720577092],[-118.156287510308,34.0986721882301],[-118.156122354518,34.0986722367543],[-118.155859755757,34.0986723287434],[-118.155529444176,34.0986724243968],[-118.155370349007,34.0986721963376],[-118.155370836922,34.0986542498513],[-118.15537250868,34.0985927976042],[-118.155379429065,34.0983174505839],[-118.155386240948,34.0981966052334],[-118.155399776008,34.0980763273142],[-118.15541999265,34.0979569910127],[-118.155446828678,34.0978389669343],[-118.155480201305,34.0977226212023],[-118.155520003893,34.0976083163636],[-118.155566115706,34.0974964068686],[-118.155618392157,34.0973872408867],[-118.155676671308,34.0972811584955],[-118.155752485296,34.0971593389037],[-118.1558336709,34.0970410310088],[-118.155920067085,34.0969264730118],[-118.15601149871,34.0968158923132],[-118.15610778521,34.0967095118126],[-118.156208731916,34.0966075436096],[-118.156314138729,34.0965101916972],[-118.156423792533,34.0964176510701],[-118.156537475863,34.0963301077136],[-118.156654960397,34.0962477350061],[-118.158551266991,34.0949538846064],[-118.159279947513,34.0944546117818],[-118.159538176835,34.0942818651872],[-118.159365176367,34.0945348653942],[-118.160685176938,34.0937458650271],[-118.160508721878,34.0751933584278],[-118.160509789071,34.0751352309006],[-118.160562612494,34.0751145183811],[-118.160667511192,34.075080714896],[-118.160813596763,34.0750337257203],[-118.161049086572,34.0749578025227],[-118.161156497714,34.0749231072565],[-118.16115803626,34.0749226120673],[-118.161159576967,34.0749221132691],[-118.161161113345,34.0749216171813],[-118.161162651881,34.0749211165829],[-118.161164190422,34.074920618689],[-118.161165728954,34.0749201162876],[-118.161167268576,34.0749196165892],[-118.161168804941,34.0749191141906],[-118.161170341305,34.0749186108903],[-118.161171877669,34.0749181075901],[-118.16117341295,34.0749176042914],[-118.161174949307,34.074917097385],[-118.161176483499,34.074916591383],[-118.161178017689,34.0749160844795],[-118.161179552959,34.0749155757715],[-118.161181068742,34.0749150743017],[-118.161182582354,34.0749145710317],[-118.161184098134,34.0749140677588],[-118.161185612825,34.0749135617828],[-118.161187126434,34.0749130567096],[-118.161188640039,34.0749125498335],[-118.161190154728,34.0749120429559],[-118.161191666164,34.0749115342795],[-118.161193177599,34.0749110256031],[-118.161194690114,34.0749105151222],[-118.161196203713,34.0749100046398],[-118.161197712978,34.0749094941632],[-118.161199225491,34.0749089827806],[-118.161200734753,34.074908470501],[-118.161202245094,34.0749079564167],[-118.161203754352,34.074907442334],[-118.161205264692,34.0749069273482],[-118.161206771776,34.0749064096621],[-118.161208282115,34.0749058946763],[-118.161209789199,34.0749053769902],[-118.161211297365,34.0749048584011],[-118.161212804446,34.0749043389119],[-118.161214312608,34.0749038185197],[-118.16121581752,34.0749032981319],[-118.161217323516,34.0749027777426],[-118.161218829506,34.0749022546487],[-118.161220334411,34.0749017306547],[-118.1612218404,34.0749012066592],[-118.161223344221,34.0749006826666],[-118.16122485021,34.074900158671],[-118.161226352941,34.0748996310737],[-118.161227854592,34.0748991052809],[-118.16122936057,34.0748985758762],[-118.161230862218,34.0748980482803],[-118.161232362779,34.0748975188828],[-118.161233864422,34.0748969885822],[-118.161235366063,34.0748964573801],[-118.161236867703,34.074895926178],[-118.161238369341,34.0748953931728],[-118.161239868813,34.074894861072],[-118.161241368277,34.0748943244636],[-118.161242867745,34.0748937905597],[-118.161244367209,34.0748932539513],[-118.161245865594,34.0748927200488],[-118.161247363971,34.0748921816387],[-118.161248861262,34.0748916423285],[-118.161250358557,34.0748911048213],[-118.161251855849,34.0748905655111],[-118.161253353135,34.0748900234962],[-118.161254848256,34.0748894823858],[-118.161256345544,34.0748889412724],[-118.161257840665,34.0748884001619],[-118.161259333612,34.0748878554482],[-118.161260828726,34.0748873107316],[-118.161262322757,34.0748867660164],[-118.161263817871,34.0748862212998],[-118.161265310812,34.0748856729799],[-118.161266801585,34.0748851246628],[-118.161268294529,34.0748845781459],[-118.161269788551,34.074884028923],[-118.161271277154,34.0748834788058],[-118.161272770091,34.0748829286827],[-118.161274261942,34.0748823776596],[-118.161275750539,34.0748818239362],[-118.161277241307,34.0748812729144],[-118.161278730983,34.0748807173865],[-118.161280219581,34.0748801645646],[-118.161281709253,34.0748796072335],[-118.161283195681,34.0748790526114],[-118.161284684272,34.0748784961833],[-118.161286171774,34.0748779370521],[-118.161287658194,34.0748773788238],[-118.161289145698,34.074876820594],[-118.161290631032,34.074876260564],[-118.161292117449,34.0748757005326],[-118.161293602779,34.0748751386996],[-118.161295087026,34.074874576868],[-118.161296572353,34.0748740132319],[-118.161298055513,34.0748734495986],[-118.161299539752,34.0748728841609],[-118.161301022909,34.0748723187246],[-118.161302506065,34.0748717532882],[-118.161303988136,34.0748711869517],[-118.161305469122,34.0748706197152],[-118.161306952268,34.0748700488696],[-118.161308433252,34.0748694807315],[-118.161309913151,34.0748689116933],[-118.161311396293,34.0748683390446],[-118.161312881601,34.0748677654915],[-118.161314363661,34.0748671937458],[-118.161315846796,34.0748666174909],[-118.161317329937,34.0748660439406],[-118.161318810907,34.0748654685902],[-118.161320292957,34.0748648914352],[-118.161321773922,34.0748643133801],[-118.161323254889,34.0748637362265],[-118.161324735852,34.0748631572699],[-118.161326214648,34.0748625783162],[-118.161327692358,34.0748619975607],[-118.16132917115,34.0748614168039],[-118.16133064994,34.074860834244],[-118.161332128729,34.074860251684],[-118.16133360535,34.0748596682254],[-118.161335084136,34.0748590838624],[-118.161336560755,34.0748584995022],[-118.16133803737,34.074857913339],[-118.161339513987,34.0748573280773],[-118.161340988433,34.0748567401138],[-118.161342462874,34.0748561503473],[-118.161343937321,34.0748555632854],[-118.161345411759,34.0748549717158],[-118.161346884036,34.0748543828537],[-118.161348358474,34.0748537912841],[-118.161349831827,34.0748531988143],[-118.161351304097,34.074852606346],[-118.161352774198,34.0748520129791],[-118.161354246464,34.0748514187077],[-118.161355717643,34.0748508226347],[-118.161357187742,34.0748502283662],[-118.161358657838,34.0748496322946],[-118.161360125763,34.0748490344228],[-118.161361596939,34.0748484365467],[-118.161363064861,34.0748478368718],[-118.161364532783,34.0748472371969],[-118.161366001788,34.0748466375206],[-118.161367467536,34.0748460342425],[-118.161368936538,34.074845432763],[-118.161370400121,34.0748448303893],[-118.161371866952,34.0748442271096],[-118.161373332697,34.0748436220284],[-118.161374797358,34.0748430169485],[-118.161376260938,34.0748424127717],[-118.161377727759,34.0748418040828],[-118.161379189168,34.0748411981057],[-118.161380653822,34.0748405894197],[-118.161382115228,34.0748399816395],[-118.161383577711,34.0748393711534],[-118.161385040193,34.0748387597656],[-118.161386501596,34.0748381501824],[-118.161387961911,34.0748375387975],[-118.161389422221,34.074836924708],[-118.161390882533,34.07483631152],[-118.161392341757,34.0748356965304],[-118.161393799902,34.0748350833453],[-118.16139525804,34.074834466554],[-118.161396718345,34.0748338497599],[-118.161398176483,34.0748332329686],[-118.16139963245,34.0748326143771],[-118.161401088414,34.0748319939826],[-118.161402545465,34.0748313753897],[-118.161403999264,34.0748307558995],[-118.161405455225,34.0748301337019],[-118.161406911186,34.0748295115042],[-118.161408364979,34.0748288893095],[-118.161409818771,34.0748282662132],[-118.161411272562,34.0748276422153],[-118.161412724183,34.0748270173188],[-118.16141417797,34.0748263915178],[-118.161415630671,34.0748257648168],[-118.161417082288,34.0748251372156],[-118.161418531739,34.0748245105189],[-118.161419981184,34.074823880216],[-118.161421432796,34.0748232508118],[-118.161422883324,34.0748226205074],[-118.161424332768,34.0748219902045],[-118.161425780042,34.0748213581014],[-118.161427227316,34.0748207259983],[-118.16142867567,34.0748200920906],[-118.161430122941,34.0748194581844],[-118.161431570208,34.0748188224751],[-118.161433016395,34.0748181885704],[-118.161434461491,34.0748175510609],[-118.161435907671,34.07481691355],[-118.161437352768,34.0748162760405],[-118.161438795694,34.0748156367308],[-118.161440239704,34.0748149974197],[-118.161514547362,34.0747807905256],[-118.161515960962,34.0747801133899],[-118.161517375648,34.0747794371544],[-118.161518788158,34.0747787564141],[-118.16152020284,34.0747780783754],[-118.16152161535,34.0747773976351],[-118.161523027862,34.0747767177962],[-118.161524440369,34.0747760352528],[-118.161525852877,34.0747753536109],[-118.161527263219,34.0747746719719],[-118.161528673551,34.0747739858251],[-118.161530083889,34.074773302383],[-118.161531492057,34.0747726171407],[-118.161532900225,34.0747719318984],[-118.161534308389,34.074771244853],[-118.161535716553,34.0747705578076],[-118.161537124714,34.0747698689591],[-118.161538531791,34.074769180112],[-118.161539937785,34.0747684912664],[-118.161541343775,34.0747678006178],[-118.161542747599,34.0747671099719],[-118.161544154669,34.0747664175187],[-118.161545558489,34.0747657250698],[-118.161546960139,34.0747650308207],[-118.16154836504,34.0747643374689],[-118.16154976669,34.0747636432198],[-118.161551168336,34.0747629471676],[-118.161552571067,34.0747622520155],[-118.161553970543,34.0747615541631],[-118.161555373271,34.074760857208],[-118.161556832274,34.074760128624],[-118.161558290193,34.0747594000414],[-118.161559748109,34.0747586696558],[-118.161561208194,34.0747579401687],[-118.16156266611,34.074757209783],[-118.161564121855,34.0747564775972],[-118.161565577599,34.0747557445098],[-118.161567033341,34.0747550105208],[-118.161568488002,34.0747542774348],[-118.16156994374,34.0747535416428],[-118.161571397314,34.0747528067552],[-118.161572850882,34.074752069163],[-118.161574303365,34.0747513306707],[-118.161575756935,34.0747505939799],[-118.161577208335,34.074749855489],[-118.161578614271,34.0747491368926],[-118.161580018045,34.0747484210036],[-118.161581422897,34.0747477024085],[-118.161582826664,34.0747469829134],[-118.161584228265,34.0747462634212],[-118.161585633113,34.074745543023],[-118.16158703471,34.0747448217277],[-118.161588436307,34.0747441004323],[-118.161589838983,34.0747433773325],[-118.16159123841,34.0747426542369],[-118.16159263892,34.0747419311399],[-118.161594038343,34.0747412062413],[-118.161595438849,34.0747404813411],[-118.161596836102,34.0747397546423],[-118.161598234438,34.0747390279421],[-118.16159963277,34.0747382994387],[-118.161601027852,34.0747375709397],[-118.161602424016,34.0747368415377],[-118.161603820178,34.0747361112341],[-118.161605215257,34.074735380932],[-118.161606609251,34.0747346497297],[-118.161608005409,34.0747339176231],[-118.161609397231,34.0747331837192],[-118.161610790137,34.0747324507153],[-118.161612181955,34.0747317150083],[-118.161613573779,34.0747309820058],[-118.161614965595,34.0747302453972],[-118.161616357409,34.0747295078871],[-118.161617747059,34.0747287712814],[-118.161619136705,34.0747280328726],[-118.161620526349,34.0747272935623],[-118.161621913828,34.0747265551564],[-118.161623301303,34.0747258149474],[-118.161624688779,34.0747250747384],[-118.161626074084,34.0747243327292],[-118.161627461556,34.0747235907171],[-118.161628846858,34.0747228469049],[-118.161630233243,34.0747221030911],[-118.161631616378,34.0747213592817],[-118.161632999509,34.0747206136693],[-118.161634382637,34.0747198662537],[-118.161635766848,34.0747191188367],[-118.161637149978,34.0747183723227],[-118.161638530939,34.0747176249101],[-118.161639912976,34.0747168738898],[-118.161641293935,34.0747161255755],[-118.161642672723,34.0747153745596],[-118.161644052593,34.0747146235422],[-118.161645429212,34.0747138716276],[-118.161646809079,34.0747131188071],[-118.161648185694,34.0747123650895],[-118.161649563396,34.0747116131734],[-118.161650940006,34.074710856751],[-118.161652315534,34.0747101012317],[-118.161653691062,34.0747093457124],[-118.161655065501,34.0747085874899],[-118.161656438859,34.0747078301703],[-118.161669742687,34.0747004414613],[-118.16167109979,34.0746996823603],[-118.16167245581,34.0746989232608],[-118.161673810743,34.0746981623596],[-118.161675164593,34.0746974014598],[-118.161676521692,34.0746966405557],[-118.161677873372,34.0746958778557],[-118.161679228298,34.0746951133484],[-118.161680581057,34.0746943488439],[-118.161681932732,34.0746935843409],[-118.161683283323,34.0746928189377],[-118.161684636082,34.0746920544332],[-118.161685986667,34.0746912863255],[-118.161687336171,34.0746905191207],[-118.161688684589,34.0746897510158],[-118.161690033004,34.0746889811079],[-118.161691383588,34.0746882120986],[-118.161692729836,34.0746874421935],[-118.161694078249,34.074686671384],[-118.161695424491,34.0746858987743],[-118.161696770736,34.0746851270661],[-118.161698114812,34.0746843544593],[-118.161699458883,34.0746835791479],[-118.161700802955,34.074682804738],[-118.161702147024,34.0746820285251],[-118.16170348893,34.074681254118],[-118.161704830832,34.0746804779079],[-118.161706172731,34.0746796998948],[-118.161707515713,34.0746789218801],[-118.161708855443,34.0746781429683],[-118.161710195173,34.0746773640565],[-118.161711534901,34.0746765842431],[-118.161712873542,34.0746758026281],[-118.161714213267,34.0746750210117],[-118.161715548658,34.074674239401],[-118.161716887296,34.0746734559829],[-118.161718222684,34.0746726725691],[-118.161719559153,34.0746718882524],[-118.161720894537,34.0746711030356],[-118.161722228834,34.0746703160171],[-118.161723562053,34.0746695317046],[-118.161724896347,34.0746687428831],[-118.161726229562,34.0746679567676],[-118.161727561686,34.0746671661458],[-118.161728892731,34.0746663782301],[-118.161730224854,34.0746655876084],[-118.161731554809,34.074664796088],[-118.161732884767,34.0746640063706],[-118.161734213636,34.0746632139501],[-118.161735543588,34.0746624206267],[-118.161736871372,34.074661627306],[-118.161738199156,34.0746608339854],[-118.161739525854,34.0746600388632],[-118.161740851468,34.0746592437424],[-118.161742177079,34.0746584468185],[-118.161743502689,34.0746576498946],[-118.161744826131,34.0746568520721],[-118.16174615174,34.0746560542467],[-118.161764558508,34.0746448452248],[-118.161771636487,34.0746404669347],[-118.161773174815,34.0746398635544],[-118.161773136268,34.0746395381539],[-118.161773184962,34.0746395083382],[-118.161772659441,34.0746355468203],[-118.161574956727,34.0729824020277],[-118.161574426026,34.0729746270469],[-118.161701475715,34.0723497368729],[-118.161708859345,34.0723304009043],[-118.16172965479,34.0722599924717],[-118.16174493104,34.0721881841388],[-118.161754595775,34.072115407864],[-118.1617566014,34.0720786047513],[-118.161758174629,34.0720708630154],[-118.161757435234,34.0720632974699],[-118.161758590269,34.0720421009689],[-118.161757759878,34.0719869185698],[-118.161753641794,34.0719318830151],[-118.16174625157,34.0718771908169],[-118.161735515936,34.0718224841656],[-118.161732856565,34.0718119722885],[-118.161688580206,34.0713592366687],[-118.161689831462,34.0713457805707],[-118.161691529605,34.071335971462],[-118.162178167356,34.0703423783317],[-118.162204335532,34.0703045240422],[-118.162658514213,34.069876729966],[-118.162666798467,34.06987174327],[-118.162677418522,34.0698651613271],[-118.162687904952,34.0698583875374],[-118.162698226502,34.0698515039824],[-118.162708416594,34.0698444285779],[-118.162718440721,34.0698372425079],[-118.16272836486,34.0698298924936],[-118.162738091565,34.0698224048104],[-118.162747652255,34.0698147812192],[-118.162757048007,34.069807019014],[-118.162766311273,34.0697990929082],[-118.162775408575,34.0697910570388],[-118.162784308497,34.0697829114482],[-118.162793042347,34.0697746011009],[-118.162796535879,34.0697711615661],[-118.162801611316,34.0697661809887],[-118.162807806509,34.0697598799644],[-118.162672174828,34.0697602285816],[-118.16267217552,34.0696998621826],[-118.162479747211,34.0696934282259],[-118.162488853288,34.0696759587645],[-118.162503112852,34.0696485123574],[-118.164113800619,34.0665735751927],[-118.164132160111,34.0665382337434],[-118.164135926639,34.0665310308164],[-118.164139638921,34.0665237864927],[-118.164143352365,34.0665165827361],[-118.164147114558,34.0665093798147],[-118.164150829004,34.0665021354878],[-118.164154542452,34.0664949344354],[-118.164158254729,34.0664876892096],[-118.164161918341,34.0664804864218],[-118.164165628452,34.0664732421002],[-118.164169341807,34.0664659950696],[-118.164173003257,34.0664587958905],[-118.16418033139,34.0664443046672],[-118.164184039331,34.0664370603481],[-118.164187702856,34.0664298151876],[-118.164191310047,34.0664225692022],[-118.164194973566,34.0664153222385],[-118.164198634924,34.0664080779823],[-118.164202244282,34.0664008328951],[-118.164205905635,34.0663935868355],[-118.164209512825,34.0663863417511],[-118.164213126512,34.0663790957562],[-118.164216737956,34.0663718109984],[-118.16422034622,34.066364562306],[-118.164223957746,34.0663573199198],[-118.164227567018,34.0663500333617],[-118.164231125448,34.0663427838352],[-118.164234736881,34.0663354954709],[-118.164238289906,34.0663282522622],[-118.164241852591,34.066320963964],[-118.164245409856,34.0663136738698],[-118.164248968208,34.0663063864787],[-118.16425252556,34.0662991414608],[-118.164256086079,34.0662918549681],[-118.164259642263,34.0662845675796],[-118.164263147527,34.0662772775557],[-118.164266712374,34.0662699892538],[-118.164270216554,34.0662626992312],[-118.16427372074,34.0662554128145],[-118.164277229255,34.0662481245889],[-118.164280735606,34.0662408381691],[-118.16428424195,34.0662335481432],[-118.16428771027,34.0662262031755],[-118.164366612794,34.0660523648555],[-118.164371129711,34.0660422624841],[-118.164378052746,34.066026728731],[-118.16438497904,34.0660112012839],[-118.164391853324,34.065995668498],[-118.164398670194,34.0659801366914],[-118.164405493563,34.0659646057771],[-118.16441226268,34.0659490316629],[-118.164419029712,34.065933499923],[-118.164425751153,34.0659179222668],[-118.164432466016,34.0659023058535],[-118.164439134379,34.0658867318749],[-118.164445798406,34.0658711579019],[-118.164452414682,34.0658555407202],[-118.164459030956,34.0658399235381],[-118.164465593058,34.0658243037249],[-118.164472104249,34.0658086866851],[-118.164478617521,34.0657930272704],[-118.164485126456,34.0657773669596],[-118.164491589967,34.0657617454762],[-118.164497995988,34.0657460862065],[-118.164504403001,34.0657303818586],[-118.164510761353,34.0657147226532],[-118.164517117451,34.0656990201771],[-118.164523425961,34.0656833574327],[-118.164529676981,34.0656676569021],[-118.1645359799,34.065651907618],[-118.164542183239,34.065636200841],[-118.164548388754,34.0656205003715],[-118.164554589838,34.0656047512252],[-118.164560738932,34.065589006657],[-118.164566839268,34.0655732576472],[-118.164572939607,34.0655575113418],[-118.164578985688,34.0655417182305],[-118.164585029693,34.0655259729027],[-118.16459102703,34.0655101834634],[-118.164597023277,34.0654943922221],[-118.164602966445,34.065478602856],[-118.164608858694,34.0654628117559],[-118.164614754111,34.0654469800824],[-118.164620647435,34.0654311871773],[-118.164626485433,34.06541535468],[-118.164632277924,34.0653995186383],[-118.164638066088,34.0653836871099],[-118.164643802165,34.0653678105758],[-118.164649541577,34.0653519782118],[-118.164655229985,34.0653361017421],[-118.164660915229,34.0653202694514],[-118.164666550554,34.0653043930536],[-118.164672132795,34.0652885158264],[-118.164677717115,34.0652725953226],[-118.164683300434,34.0652567180935],[-118.164688832757,34.0652407994632],[-118.164694308749,34.065224881811],[-118.164699794478,34.0652089587362],[-118.164705222803,34.0651930411485],[-118.164710652202,34.0651771199531],[-118.164716027439,34.0651612006343],[-118.164721352764,34.0651452408145],[-118.164726681324,34.0651292746795],[-118.164732004561,34.0651133563325],[-118.164737278954,34.0650973902708],[-118.164742663609,34.0650813077613],[-118.164746244594,34.0650707099101],[-118.164748037685,34.0650653550862],[-118.16475338348,34.0650493447515],[-118.164758623022,34.065033287682],[-118.164763807309,34.0650172279832],[-118.164768992685,34.0650011718886],[-118.164774132563,34.0649851158561],[-118.164779265931,34.064969056226],[-118.164784348392,34.0649530002713],[-118.164789380928,34.064936897505],[-118.164794415629,34.0649207947355],[-118.16479939192,34.064904737122],[-118.164804372465,34.0648886398352],[-118.164809304247,34.0648725354025],[-118.164814231617,34.0648563922099],[-118.164819107073,34.0648402914598],[-118.164823936946,34.0648241483999],[-118.164828760402,34.0648080477204],[-118.164833582678,34.0647918992613],[-118.164838360547,34.0647757553702],[-118.164843082081,34.0647596088513],[-118.164847809042,34.064743469537],[-118.164852473077,34.0647272816259],[-118.164857144777,34.0647111360759],[-118.164861768724,34.0646949464161],[-118.164866332096,34.0646788019153],[-118.164870901888,34.0646626177382],[-118.164879876797,34.0646302423961],[-118.164884446553,34.0646140428927],[-118.164888909141,34.0645978823011],[-118.164893425804,34.0645816774606],[-118.164897835311,34.0645655178426],[-118.164902250148,34.0645493149439],[-118.16490666065,34.0645331120509],[-118.164911024573,34.0645169110244],[-118.164915332159,34.0645007064686],[-118.164919639745,34.0644845028142],[-118.164923898501,34.064468257756],[-118.164928152998,34.0644520514692],[-118.164932360833,34.0644358037756],[-118.164936564343,34.064419561497],[-118.164940721263,34.0644033147741],[-118.16494482618,34.0643870654177],[-118.164948927852,34.0643708196716],[-118.164953032771,34.0643545730194],[-118.164957031532,34.0643383274137],[-118.164961078954,34.0643220393694],[-118.164965027878,34.0643057920284],[-118.164968976713,34.0642895005124],[-118.164972924471,34.064273212604],[-118.164976821308,34.0642569211589],[-118.164980662902,34.0642406324936],[-118.164984510993,34.0642243429178],[-118.164988353662,34.0642080515464],[-118.164992097754,34.0641917603094],[-118.164995838513,34.0641754276065],[-118.164999580441,34.0641591390769],[-118.165003271366,34.0641428055404],[-118.165006961204,34.0641264711037],[-118.165010597965,34.0641101385425],[-118.165014188145,34.0640938060449],[-118.165017770738,34.0640774717544],[-118.165021308919,34.0640611393277],[-118.165024844934,34.0640448078052],[-118.165028326781,34.0640284736522],[-118.165031758714,34.0640120980968],[-118.165035196057,34.0639957198295],[-118.16503862374,34.0639793875533],[-118.165042006918,34.0639630093597],[-118.165045338105,34.0639466339417],[-118.165048666042,34.0639302594296],[-118.165051940891,34.0639138813839],[-118.165055169161,34.0638975043032],[-118.165058390936,34.063881129936],[-118.165061619117,34.0638647086804],[-118.1650647943,34.063848329869],[-118.165067916416,34.0638319574408],[-118.165071037352,34.0638155363316],[-118.165074110627,34.0637991170904],[-118.165077180729,34.0637827375209],[-118.165080199843,34.0637663201567],[-118.165083170199,34.0637498974499],[-118.165086140561,34.0637334783492],[-118.165089104423,34.0637170592573],[-118.165091970705,34.0637005970253],[-118.165094885811,34.0636841743938],[-118.165097700182,34.063667755506],[-118.165100512299,34.063651293348],[-118.165103326667,34.0636348744601],[-118.165106088955,34.0636184132715],[-118.165108799322,34.0636019909196],[-118.16511150852,34.0635855252959],[-118.165116827266,34.0635526004952],[-118.165119434638,34.063536135912],[-118.165122037677,34.0635196722362],[-118.165124594141,34.0635032113287],[-118.165127112492,34.0634866495019],[-118.165127764743,34.0634823293846],[-118.165129581245,34.0634702058433],[-118.165164966912,34.0632328398595],[-118.165240920158,34.0627264607162],[-118.165303052206,34.0623042753124],[-118.165303341862,34.0623023023705],[-118.167015969367,34.0623002113096],[-118.171191753882,34.0622951148404],[-118.171202318635,34.0622951251084],[-118.171407451274,34.0622953561479],[-118.17184720413,34.0622957752298],[-118.171939828182,34.0622532715398],[-118.172090044311,34.0621840040785],[-118.172236995217,34.0621162520494],[-118.172381438605,34.0620497394166],[-118.172410334381,34.0620364258605],[-118.172495073784,34.0619974228185],[-118.172554183089,34.0619700518039],[-118.172699384802,34.0619032915897],[-118.172843300666,34.0618371370654],[-118.172888981281,34.061905807868],[-118.173035176634,34.0621258609974],[-118.17314738936,34.0620741291121],[-118.173180496976,34.0620589007963],[-118.17318316895,34.0620576880145],[-118.173311250992,34.0619987552463],[-118.173325105249,34.061992387699],[-118.173330284667,34.061990023669],[-118.173398693955,34.0620926366855],[-118.173406061383,34.062103806872],[-118.173303371558,34.0621639681541],[-118.173271812081,34.0621824433935],[-118.173076176327,34.0622968610882],[-118.173076374557,34.0622968608042],[-118.173075732978,34.0622972358582],[-118.173105084238,34.0622972767351],[-118.173228301869,34.0622974318351],[-118.173411216415,34.0622976633883],[-118.173599971695,34.0622978763527],[-118.173795568672,34.0622980990111],[-118.173970129268,34.0622982867451],[-118.174063336011,34.0622984274208],[-118.174285870804,34.062298683484],[-118.174489684149,34.0622989391397],[-118.174593192371,34.0622990645233],[-118.174757452576,34.0622992660088],[-118.174882322129,34.0622994152281],[-118.175748865766,34.0622990832774],[-118.179090176666,34.0623018605669],[-118.179124685673,34.0623011161164],[-118.179325904585,34.0623013079575],[-118.179733498348,34.0623015810888],[-118.180277948716,34.0623020065535],[-118.180885856978,34.0623024986205],[-118.180904345536,34.0623024988769],[-118.181314153175,34.0623031483108],[-118.181314343199,34.0621929036216],[-118.181314503914,34.062092126837],[-118.181315177088,34.0617589864381],[-118.181322284087,34.0617589757687],[-118.181361871518,34.0617589713236],[-118.181570702003,34.0617591525006],[-118.181896247618,34.0617593766675],[-118.181923947868,34.0617594178875],[-118.182271515442,34.0617596628633],[-118.182622879761,34.0617599290454],[-118.182974276639,34.0617602221034],[-118.18328050745,34.0617604997461],[-118.183353771189,34.0617604976315],[-118.183423788004,34.0617607591425],[-118.183427135188,34.0617607711881],[-118.185489525214,34.0617620731578],[-118.185702952909,34.0617622464401],[-118.186039583292,34.0617625181233],[-118.18656289857,34.0617628657646],[-118.186622097852,34.0617629077328],[-118.187134220242,34.0617632728976],[-118.187183745247,34.0617633061397],[-118.187421238931,34.061763489571],[-118.187679591128,34.0617636635644],[-118.187965317534,34.0617638782483],[-118.188019003245,34.06176393262],[-118.188358382744,34.0617641457795],[-118.188697794803,34.0617643849803],[-118.189036579867,34.0617647071493],[-118.189224047914,34.0617647705927],[-118.189429742323,34.0617648601534],[-118.189470881861,34.0617652635163],[-118.189810920986,34.061765443612],[-118.190150398569,34.0617654316085],[-118.190489744939,34.0617658317583],[-118.190829157968,34.0617660099745],[-118.191359339745,34.0617662980363],[-118.191624035227,34.0617664273973],[-118.191679470593,34.0617665873525],[-118.192389329922,34.0617669426096],[-118.192637182051,34.0617669270916],[-118.192704179294,34.0637598602067],[-118.19702318069,34.0645688601882],[-118.195687180286,34.0671548601892],[-118.195345180656,34.0682158606164],[-118.194507924768,34.0717390116447],[-118.194224582121,34.072931308056],[-118.19419118103,34.0730718606796],[-118.193720180653,34.0759678613523],[-118.193751180284,34.0767148617542],[-118.193481180731,34.078252862076],[-118.193314180799,34.0784318613736],[-118.193393180818,34.0790808618196],[-118.193194630736,34.0801391746663],[-118.193181181543,34.0802108615075],[-118.192895181198,34.0807078623766],[-118.18898818025,34.0849018624327],[-118.187500180204,34.0857978624611],[-118.187514180739,34.0862628626425],[-118.184242180068,34.0862948633677],[-118.184180180372,34.0872338628329],[-118.178008180735,34.1019258648535],[-118.178008179633,34.0987328645993]]]},"properties":{"name":"El Sereno"}},{"type":"Feature","geometry":{"type":"Polygon","coordinates":[[[-118.242458190009,34.0939078608772],[-118.240569699697,34.0919847042238],[-118.23891718911,34.0903018608773],[-118.237999247689,34.0895413755966],[-118.237524503909,34.08914806663],[-118.237273189434,34.0889398604694],[-118.231522188292,34.0853678602288],[-118.231401188027,34.0854918605419],[-118.22858518761,34.0835118601198],[-118.227615611944,34.0830639278529],[-118.227473151075,34.0829981130671],[-118.22738818693,34.0829588598928],[-118.227165186629,34.0813798605288],[-118.226442186568,34.0800928601343],[-118.226446401597,34.0800893939615],[-118.226667186975,34.0799078596688],[-118.225353185639,34.0743088595468],[-118.225541185979,34.0738718595874],[-118.225169185625,34.071946859316],[-118.225175167592,34.0719463378986],[-118.227085186511,34.0717798592829],[-118.230059186392,34.0710718591517],[-118.234026187083,34.0683828586146],[-118.235866186854,34.0667588579075],[-118.237286187237,34.0672748578065],[-118.237681187523,34.0675888577552],[-118.238950188161,34.0671778578599],[-118.239248187938,34.0672618576639],[-118.239274187779,34.0678438577129],[-118.239970187755,34.0676538578248],[-118.240172188242,34.0672628583062],[-118.2415551877,34.0677018575952],[-118.242064187783,34.0677218577779],[-118.246101265729,34.0714460794076],[-118.246903189622,34.0721858582719],[-118.24697009387,34.0723228389367],[-118.248632189743,34.0757258586209],[-118.249035189668,34.0780068586721],[-118.248248190283,34.080751858629],[-118.24893719061,34.0812768593161],[-118.24999519055,34.082502858554],[-118.248846190429,34.0839268591487],[-118.248835190562,34.0852808593131],[-118.248262190576,34.0859328590852],[-118.24619919081,34.0877468600072],[-118.244653190135,34.0883548596445],[-118.243691189708,34.0890558603379],[-118.243719190309,34.0905148603549],[-118.245594190909,34.0914258601401],[-118.245228190896,34.0920128605015],[-118.244907190419,34.0932128604954],[-118.244596190789,34.093756860698],[-118.244235190613,34.093937860324],[-118.243308190841,34.0934888602712],[-118.243087190478,34.0936828603261],[-118.243633190308,34.0941948609609],[-118.243432190179,34.0944798606819],[-118.244432191307,34.0955558608312],[-118.243565119507,34.0948319843556],[-118.242458190009,34.0939078608772]]]},"properties":{"name":"Elysian Park"}},{"type":"Feature","geometry":{"type":"Polygon","coordinates":[[[-118.249741193078,34.10842886195],[-118.249512192768,34.1084058618011],[-118.249453192628,34.1086638614629],[-118.249428849321,34.1086578975901],[-118.246559192333,34.1079548623743],[-118.2442191919,34.106633861695],[-118.243183191681,34.1057448615109],[-118.242419190918,34.104633862079],[-118.242519191423,34.1022398618173],[-118.242119191228,34.0993108615969],[-118.240363190773,34.0965978606767],[-118.23845019015,34.0948028613253],[-118.236263189806,34.0940918609507],[-118.233325189236,34.0936128610685],[-118.232219188158,34.0932148615911],[-118.230686188816,34.0921888608149],[-118.230023187896,34.091474860833],[-118.228802187369,34.0898448606588],[-118.228271187603,34.0882188611276],[-118.227615611944,34.0830639278529],[-118.22761318719,34.083044860536],[-118.22858518761,34.0835118601198],[-118.231401188027,34.0854918605419],[-118.231522188292,34.0853678602288],[-118.237524503909,34.08914806663],[-118.237705188955,34.0892618604563],[-118.237999247689,34.0895413755966],[-118.240569699697,34.0919847042238],[-118.243565119507,34.0948319843556],[-118.244317182544,34.0955468531921],[-118.244011191133,34.0955228610766],[-118.244129190954,34.0956438606882],[-118.244226328672,34.095651778167],[-118.24444819104,34.0956698604944],[-118.24479219131,34.095990861188],[-118.244535190637,34.0956768606425],[-118.245134461352,34.0958408637111],[-118.245306191101,34.095887860919],[-118.245400842685,34.0959938006306],[-118.246329191586,34.0970328606452],[-118.249917862603,34.0995063193109],[-118.249991192495,34.0995568607567],[-118.25072519211,34.1009098609905],[-118.250779738667,34.1008076655319],[-118.250812192808,34.1007468610637],[-118.250823933679,34.1009071921783],[-118.250841192463,34.1011428609764],[-118.251503192827,34.1024368610468],[-118.253705193464,34.1046388612613],[-118.255927193196,34.1055528612994],[-118.256555193449,34.105981861603],[-118.253418193543,34.1086428613071],[-118.249617193262,34.1089098619635],[-118.249741193078,34.10842886195]]]},"properties":{"name":"Elysian Valley"}},{"type":"Feature","geometry":{"type":"MultiPolygon","coordinates":[[[[-118.516420243786,34.180996854473],[-118.518283244204,34.1809908544442],[-118.518280240102,34.1817898549793],[-118.518277243357,34.1825858542527],[-118.516368433746,34.1825538801095],[-118.516307243538,34.182552854832],[-118.51630566446,34.1825072840884],[-118.516288876073,34.1820228397348],[-118.516258243645,34.1811388547544],[-118.516362245621,34.1810476921604],[-118.516408127343,34.1810074740891],[-118.516420243786,34.180996854473]]],[[[-118.518516243376,34.1803288546151],[-118.518517244151,34.1801398545303],[-118.507593241323,34.1802358549667],[-118.507593241993,34.1797928551846],[-118.505960241932,34.1797508548223],[-118.505894240852,34.1739168547913],[-118.506118240696,34.1735848542048],[-118.50589524048,34.1732518542917],[-118.505952240809,34.1722408538229],[-118.499709239338,34.1722168543284],[-118.499272239592,34.1720328542121],[-118.498676239583,34.1714798545542],[-118.497710238825,34.1696468546772],[-118.496444238738,34.1684098541475],[-118.494433238605,34.1673928547652],[-118.492371237898,34.1670168544153],[-118.492369238355,34.1653308540656],[-118.490534238261,34.1650908539826],[-118.476193560567,34.1652048651463],[-118.475943234917,34.1652068549715],[-118.475801892813,34.1651726847511],[-118.474760234593,34.1649208549601],[-118.474912235227,34.1648098554383],[-118.474911234716,34.1639518551141],[-118.474087235412,34.1640198551488],[-118.473619235329,34.1644608555927],[-118.473242234604,34.1642098551886],[-118.472412234747,34.1633948553013],[-118.471437233923,34.1619168553366],[-118.47095223476,34.1622458547519],[-118.472477234239,34.1639898551399],[-118.471317233992,34.1630518548892],[-118.471217514073,34.1630498805907],[-118.471015842004,34.1630458872513],[-118.470913234717,34.1630438554318],[-118.470874788243,34.1630753426936],[-118.470574880385,34.163320968255],[-118.4705061625,34.1633772483574],[-118.470471234049,34.1634058549029],[-118.469663233923,34.1628998555092],[-118.469656234019,34.1584098551057],[-118.468411233116,34.1543438547385],[-118.468764232867,34.1552618547835],[-118.469015232972,34.1554328547005],[-118.469165233496,34.1552798547616],[-118.468897233695,34.1542648541101],[-118.468211233212,34.154150854159],[-118.468108232544,34.1531158539967],[-118.468236233127,34.1517648539972],[-118.468637232673,34.1502638543718],[-118.469574233281,34.148355854164],[-118.470522233267,34.1479478538307],[-118.470378232566,34.1476218538072],[-118.471180232493,34.1458058535467],[-118.471610232276,34.1425648531841],[-118.471361232066,34.1390128523651],[-118.471558232327,34.1373208527564],[-118.474251232015,34.1286818514925],[-118.474812232426,34.1275398510853],[-118.475683231579,34.1263508509386],[-118.477594232239,34.1261968508101],[-118.478458232262,34.1264368504476],[-118.479108233236,34.1271778505819],[-118.479266232993,34.1288728507141],[-118.479557233463,34.1293668512138],[-118.48053323363,34.129857851175],[-118.481133233488,34.1298238509717],[-118.481671233427,34.130233851006],[-118.482657233866,34.1305788509204],[-118.484059233749,34.1304378512068],[-118.484947682623,34.1299662390931],[-118.485016233776,34.1299298510416],[-118.48511407519,34.1299350632806],[-118.486687770583,34.1300189047284],[-118.489014234232,34.130142851064],[-118.489057411082,34.1301574246794],[-118.489394235145,34.1302711160225],[-118.489648235261,34.1303568507251],[-118.489683493366,34.1303994616526],[-118.490091774625,34.1308928852657],[-118.490151582736,34.1309651653893],[-118.490257235325,34.1310928503503],[-118.490588235106,34.1312238508583],[-118.491492235276,34.1309398507075],[-118.492750884827,34.1310891016577],[-118.492816235374,34.1310968508354],[-118.494280235813,34.1302128499269],[-118.495293236083,34.1299508499949],[-118.495833236118,34.130088850019],[-118.49645923551,34.1306128506996],[-118.49695923587,34.1306548498442],[-118.497709236424,34.1301868501398],[-118.498459235874,34.1301078498679],[-118.499197236382,34.1297818497181],[-118.499849235953,34.1297558504135],[-118.501167236456,34.1290328500136],[-118.502426237039,34.129332849977],[-118.502464236629,34.1297448495834],[-118.501908236858,34.1302118499306],[-118.502020237238,34.1304338500087],[-118.502344236739,34.1304878495352],[-118.503059236854,34.1292948496922],[-118.50279823711,34.1285118500077],[-118.502849236714,34.1282118492783],[-118.503122237207,34.1279588496801],[-118.503608453715,34.1277938721682],[-118.503841721589,34.127714721984],[-118.503903237055,34.1276938491005],[-118.504426236748,34.1278538494524],[-118.505057237052,34.1286298494769],[-118.506872237744,34.1292958493517],[-118.507211237609,34.1298098493095],[-118.507295238064,34.130272849392],[-118.508534238426,34.1311268499395],[-118.509533237818,34.1306688492989],[-118.510421237923,34.1306308495964],[-118.511149238756,34.1298468489365],[-118.513013238856,34.129035848877],[-118.516269238934,34.128801849016],[-118.516770239299,34.1289488492498],[-118.517959238853,34.1288178488682],[-118.518867239716,34.1290808487515],[-118.519658239488,34.1287558490014],[-118.520730240093,34.128746848534],[-118.521832240114,34.1279998483071],[-118.522994624413,34.1283995356139],[-118.523068240259,34.1284248488067],[-118.524788240515,34.1286498487125],[-118.525448240426,34.1284978482763],[-118.52628524112,34.1285628484084],[-118.52641835949,34.1286216316735],[-118.527141240664,34.1289408483915],[-118.528345240766,34.1289258485877],[-118.529736241005,34.1293718477958],[-118.529254241375,34.1307328486804],[-118.528875241519,34.1305078480813],[-118.528874240962,34.1300068482331],[-118.528429241434,34.1296498481054],[-118.528259241007,34.1296808487541],[-118.527941240976,34.1303048486522],[-118.52759424109,34.1305018487752],[-118.527759241267,34.1309988483493],[-118.52753824096,34.1314068486154],[-118.527552240893,34.1318528490276],[-118.526730240972,34.1320018489457],[-118.526364241277,34.1324598490608],[-118.526360598986,34.1324914279173],[-118.526288241404,34.1331188485942],[-118.52656924077,34.1338098488657],[-118.526492241102,34.1348608489304],[-118.526076241495,34.1355068490641],[-118.526723241822,34.1357438490681],[-118.527248241134,34.1365638490512],[-118.526766241924,34.1382778496438],[-118.527310241211,34.139242849208],[-118.527381241639,34.1396528495012],[-118.527080242327,34.1405508499484],[-118.526003241476,34.1420908497174],[-118.525990241611,34.143651849574],[-118.525816241348,34.1441018496393],[-118.526399241568,34.1442798500245],[-118.528023242284,34.1442438499704],[-118.529888242157,34.1450808501259],[-118.530566243216,34.1451758498714],[-118.530879242512,34.1462528499024],[-118.530909242934,34.1477648497542],[-118.530848243327,34.148366850558],[-118.530584242687,34.148770850329],[-118.530983242856,34.1491268506467],[-118.531030968972,34.1496147101813],[-118.531037243011,34.1496788499363],[-118.530824243578,34.1500438508466],[-118.530333242885,34.1502668502362],[-118.528349242628,34.1501338502252],[-118.528062243171,34.1499638506382],[-118.527890242552,34.1496188502163],[-118.528264242876,34.1489408504547],[-118.527804242481,34.1485398500964],[-118.527534242729,34.1479548499818],[-118.527012242682,34.1481188506883],[-118.526531242277,34.1487468505345],[-118.526484242496,34.15046185061],[-118.525790242097,34.1510348512052],[-118.525594242848,34.1525678507719],[-118.525141242005,34.1533458508445],[-118.525409243153,34.1542108508402],[-118.52577724233,34.1545348513845],[-118.527967242874,34.1543068508897],[-118.528870243713,34.1544818507423],[-118.527241243316,34.1586538512616],[-118.527308242038,34.1866078689757],[-118.52730824589,34.1866098541568],[-118.51849324419,34.1866178552438],[-118.518516243376,34.1803288546151]]]]},"properties":{"name":"Encino"}},{"type":"Feature","geometry":{"type":"Polygon","coordinates":[[[-118.291547192058,34.0183748496259],[-118.28294319146,34.0183558497508],[-118.279858190358,34.0184878498843],[-118.279860105462,34.0184839255953],[-118.280341190211,34.0174978498822],[-118.280606190156,34.0176148503657],[-118.281082190577,34.0159238499567],[-118.281253190625,34.013786849404],[-118.281124141496,34.0111085966767],[-118.281123189635,34.011088849101],[-118.281124365326,34.011088855378],[-118.284128887015,34.0111040096688],[-118.286476191256,34.011115849244],[-118.291551191481,34.0108688484254],[-118.317081232262,34.0108277102904],[-118.318237196552,34.0108258472994],[-118.318248196659,34.0182788482589],[-118.317705197283,34.0188848483742],[-118.317671196933,34.0191318480594],[-118.317653197641,34.0255458489983],[-118.302762195163,34.0255118500146],[-118.291552596393,34.0255018543774],[-118.291550192661,34.0255018502656],[-118.291547192058,34.0183748496259]]]},"properties":{"name":"Exposition Park"}},{"type":"Feature","geometry":{"type":"Polygon","coordinates":[[[-118.345631205348,34.0688928525665],[-118.346153235417,34.0689935068369],[-118.353701207203,34.0704488507685],[-118.361411194632,34.0715191852972],[-118.361423210525,34.0715208506691],[-118.361551212921,34.0871228550741],[-118.361454977579,34.0871229766598],[-118.352812206641,34.0871338522423],[-118.352812223204,34.0871469529355],[-118.352810816909,34.0871469355745],[-118.352811760181,34.0872008063322],[-118.352811855439,34.0873258346799],[-118.352811914667,34.087339874466],[-118.352812009199,34.0874632014912],[-118.352812033764,34.0874690245676],[-118.352812120703,34.0875844353542],[-118.352812146411,34.0875981746888],[-118.352812280848,34.08772331563],[-118.352812297761,34.0877273246975],[-118.352812398511,34.0878460092885],[-118.352812412627,34.0878570007751],[-118.352812553541,34.0879836766484],[-118.35281256176,34.0879856248298],[-118.352812451232,34.0881077448915],[-118.352811094023,34.0881147795685],[-118.352812797922,34.0882449716025],[-118.352812946616,34.0883826658176],[-118.352813097957,34.088519458377],[-118.352813248961,34.0886577000165],[-118.352813190463,34.0887126417271],[-118.352813351422,34.0887676149987],[-118.352813401411,34.0889048479465],[-118.352812432243,34.0889105934209],[-118.352812540511,34.0889668388156],[-118.35119271792,34.0889543518004],[-118.351128898354,34.0889536785847],[-118.350169448726,34.088946244564],[-118.346243091246,34.0889150867705],[-118.346234698639,34.0889150249512],[-118.344071201357,34.0888962869938],[-118.344061102826,34.0834358576928],[-118.344034204058,34.068897851926],[-118.344066307497,34.0688977497482],[-118.345631205348,34.0688928525665]],[[-118.358481735616,34.0757100018552],[-118.357557127119,34.0757140088389],[-118.357557811591,34.0759887949247],[-118.358482455396,34.0759847932069],[-118.358481735616,34.0757100018552]]]},"properties":{"name":"Fairfax"}},{"type":"Feature","geometry":{"type":"Polygon","coordinates":[[[-118.256451183777,33.9824628474573],[-118.256405181791,33.9601758453592],[-118.25910365655,33.9601597525264],[-118.269503205102,33.9600977326989],[-118.280719185407,33.9600308438207],[-118.280716187023,33.9802158461361],[-118.280538187942,33.9823828461034],[-118.280750188243,33.9823818463636],[-118.280623188459,33.9860058469204],[-118.280411187638,33.9860068464172],[-118.280402187802,33.9891588472166],[-118.256448184379,33.9893218482679],[-118.256451183777,33.9824628474573]]]},"properties":{"name":"Florence"}},{"type":"Feature","geometry":{"type":"Polygon","coordinates":[[[-118.229669191283,34.1348808660726],[-118.229657166172,34.1343124448303],[-118.229637732918,34.1333938924321],[-118.229628191436,34.132942865829],[-118.22841219039,34.1263008646771],[-118.228462190387,34.1252528653024],[-118.227607189958,34.124800865288],[-118.226811190195,34.123784864591],[-118.226067189568,34.1235698646162],[-118.225997189578,34.123030864954],[-118.225222189897,34.1219078650004],[-118.22438118947,34.1223158650695],[-118.223638190023,34.1214718648264],[-118.221993189549,34.1209238649211],[-118.221945278781,34.1208697474056],[-118.220951188389,34.1197468645626],[-118.218387188792,34.1177878650533],[-118.219075188144,34.1164598645124],[-118.219544188423,34.1160488643028],[-118.219585305004,34.1160616562648],[-118.220891824504,34.1164681290193],[-118.222485750282,34.1169640164783],[-118.222559189402,34.1169868640117],[-118.222649198456,34.1169277957449],[-118.222774170421,34.1168457820922],[-118.222847188928,34.116797864488],[-118.222988807122,34.1162369469693],[-118.223000188442,34.116191863805],[-118.22357618868,34.1159148641721],[-118.224016188558,34.1154298637197],[-118.224007041982,34.1153273377446],[-118.223998793903,34.1152348919336],[-118.223992188543,34.1151608640764],[-118.22102118872,34.1114578636953],[-118.220922188179,34.11063086333],[-118.221644129879,34.1088348137968],[-118.221660188254,34.1087948636241],[-118.222306212471,34.1084199884912],[-118.223871188755,34.1075118634577],[-118.224862955641,34.106818070443],[-118.224908836815,34.1067859752792],[-118.224986188799,34.106731862905],[-118.2253721886,34.106220863241],[-118.226127188722,34.1058848628729],[-118.226560422052,34.1057282153543],[-118.228496689321,34.1050281048884],[-118.228688188798,34.1049588629113],[-118.228794712488,34.1049540165783],[-118.231128189573,34.1048478623975],[-118.231458239074,34.1047879847104],[-118.232054183225,34.1046798696179],[-118.232495190136,34.1045998620348],[-118.232646872946,34.1045209448208],[-118.233211149755,34.1042273632881],[-118.237081189862,34.102213862112],[-118.227391187898,34.0906518615733],[-118.22656818776,34.0894178611813],[-118.226513067427,34.0892771751354],[-118.225938186857,34.0878098612975],[-118.22572518744,34.0862318608388],[-118.225850187245,34.0848248603579],[-118.226382186282,34.0826838602598],[-118.22672518715,34.0827638607574],[-118.226110951553,34.0851850029802],[-118.226073186701,34.0853338605133],[-118.226081130015,34.0855122189494],[-118.226172186726,34.0875568604574],[-118.226666035606,34.0889730443355],[-118.226716187611,34.089116860734],[-118.226864836245,34.0893462196906],[-118.227442703075,34.0902378392186],[-118.227624187824,34.0905178609888],[-118.228423605322,34.0914315532965],[-118.229044146924,34.0921407986002],[-118.229219187938,34.0923408608026],[-118.230704187982,34.093405861185],[-118.227284187261,34.0896938606649],[-118.226936186738,34.0828188600449],[-118.227473151075,34.0829981130671],[-118.22761318719,34.083044860536],[-118.227615611944,34.0830639278529],[-118.228271187603,34.0882188611276],[-118.228802187369,34.0898448606588],[-118.230023187896,34.091474860833],[-118.230686188816,34.0921888608149],[-118.232219188158,34.0932148615911],[-118.233325189236,34.0936128610685],[-118.236263189806,34.0940918609507],[-118.23845019015,34.0948028613253],[-118.240363190773,34.0965978606767],[-118.242119191228,34.0993108615969],[-118.242519191423,34.1022398618173],[-118.242419190918,34.104633862079],[-118.243183191681,34.1057448615109],[-118.2442191919,34.106633861695],[-118.246559192333,34.1079548623743],[-118.249428849321,34.1086578975901],[-118.249453192628,34.1086638614629],[-118.24922119263,34.109285861809],[-118.248761192849,34.1095088623706],[-118.248045041557,34.1105269931394],[-118.247995192804,34.1105978621138],[-118.247477192485,34.1111118624454],[-118.246450192909,34.1117578625081],[-118.247452192511,34.1130668627358],[-118.254138917215,34.1188576938402],[-118.254143127577,34.118861340701],[-118.254123639122,34.1188760045371],[-118.254032163334,34.1189448332173],[-118.252121446049,34.1202731701011],[-118.251500485527,34.1207047400669],[-118.251482713839,34.1207170883743],[-118.251159707735,34.1209417106222],[-118.251145517588,34.1209515785335],[-118.251145553463,34.1209516127171],[-118.25114519433,34.1209518631879],[-118.253651999272,34.1233076789063],[-118.253533427866,34.1236708134919],[-118.253277195021,34.124453862983],[-118.252876194404,34.1243028637854],[-118.236676820797,34.1265288305084],[-118.236498431591,34.1265532965715],[-118.236179796074,34.1265970065345],[-118.23601676181,34.1266193629483],[-118.235759627047,34.1266546530938],[-118.235570533102,34.1266806045571],[-118.235381437877,34.1267065277793],[-118.235250311253,34.126724534232],[-118.235250337059,34.1267248443089],[-118.235250191851,34.1267248644252],[-118.235324191641,34.1276068652219],[-118.235327496887,34.1276126042523],[-118.235545502707,34.1279996879575],[-118.235552708714,34.1280124242866],[-118.235898528058,34.1286068576759],[-118.235940067066,34.1286782762293],[-118.236000830333,34.1287827146237],[-118.236031145699,34.1288348649719],[-118.236039462969,34.1288894211882],[-118.236478476816,34.1317851190569],[-118.23661442754,34.1327187126014],[-118.236607489603,34.1327874743417],[-118.236285629639,34.1345005395784],[-118.236270664675,34.1345004624483],[-118.236148090584,34.1344976250335],[-118.236053912996,34.1344982480228],[-118.235951969725,34.1344989419919],[-118.235824184795,34.1344998233243],[-118.235748678302,34.1345003005642],[-118.235080121557,34.1345071532938],[-118.234787573898,34.1345084944719],[-118.234757404106,34.1345086324013],[-118.23438677029,34.1345103045366],[-118.234361887902,34.1345104158875],[-118.234104169642,34.1345115751891],[-118.23395358308,34.1345122787262],[-118.233742261217,34.1345136494657],[-118.233718966082,34.1345141615015],[-118.233718965686,34.1345144076206],[-118.233617191937,34.1345148657961],[-118.233610204379,34.1356029315805],[-118.232181655265,34.135605110463],[-118.232095474126,34.1356052417024],[-118.22957919177,34.1356058663394],[-118.22957921802,34.1356055552608],[-118.229669191283,34.1348808660726]]]},"properties":{"name":"Glassell Park"}},{"type":"Feature","geometry":{"type":"Polygon","coordinates":[[[-118.300405124212,33.950017196857],[-118.300734879788,33.9500159081324],[-118.300800823328,33.9500160114493],[-118.300998660783,33.9500155133998],[-118.301163522506,33.950015065813],[-118.301328381996,33.9500145990744],[-118.301493279301,33.9500141193946],[-118.301658138751,33.9500136422886],[-118.301823003596,33.9500131613376],[-118.301987865278,33.9500127036089],[-118.302152726593,33.950012144685],[-118.302361804329,33.9500115107628],[-118.302463885419,33.9500112016321],[-118.302463362806,33.9495440846879],[-118.302461880318,33.9487233332705],[-118.302462310895,33.9483997674876],[-118.302463337687,33.9481697262699],[-118.302463452088,33.9478269038098],[-118.302463516676,33.9476620326808],[-118.30246357459,33.9474476759404],[-118.302464743059,33.9465677878673],[-118.30246561304,33.9463979860961],[-118.302465628645,33.9463567683197],[-118.302465780547,33.946015347687],[-118.302465813747,33.9459445490201],[-118.302465846249,33.945736937585],[-118.30246618825,33.9454793276883],[-118.304368840742,33.9454739552056],[-118.305192188885,33.9454718403508],[-118.305192189191,33.94547162759],[-118.30519244772,33.9454716269358],[-118.30519276952,33.945348250579],[-118.30519312571,33.9452108572209],[-118.305193515428,33.9450734628781],[-118.305193871615,33.944936069523],[-118.305194261232,33.9447986481377],[-118.305194428026,33.9447345700041],[-118.305199010355,33.9432256747593],[-118.305200088832,33.9431220579412],[-118.305200509561,33.9429839774823],[-118.305200899257,33.9428465831641],[-118.305201321405,33.9427091896669],[-118.305201743552,33.9425717961712],[-118.305202134446,33.9424347318127],[-118.305202590121,33.9422973382351],[-118.305202947364,33.9421599449083],[-118.305203369502,33.9420225505172],[-118.305203792723,33.9418851570264],[-118.305203902022,33.9418498377026],[-118.309027188944,33.9418378399081],[-118.309027189793,33.9418377767992],[-118.309028667354,33.9418377748163],[-118.309030546351,33.9409311151965],[-118.309033218459,33.9400248304489],[-118.309035804777,33.939117882466],[-118.309037366354,33.9384462964794],[-118.309038099346,33.9382148407041],[-118.313399190082,33.9382188393817],[-118.3133987606,33.9384261407674],[-118.313398584107,33.9384469096582],[-118.313394331118,33.9400300321243],[-118.313388796736,33.9418428956137],[-118.313387497125,33.9431997937826],[-118.313384440533,33.9453440232339],[-118.313384190453,33.9454648400262],[-118.31338426834,33.9454648407253],[-118.313384267835,33.9454649948875],[-118.31345713398,33.9454650660759],[-118.313511390476,33.945464927759],[-118.317732191426,33.945467839829],[-118.317752665383,33.9527131343211],[-118.317752670953,33.9527223028277],[-118.317753644935,33.9545361954214],[-118.317753850776,33.9549332550219],[-118.317754523692,33.9563497865102],[-118.317755568095,33.9580256530064],[-118.317756106376,33.9595307376421],[-118.317756335081,33.9599768809554],[-118.300279964687,33.9600178194106],[-118.300270189718,33.960017842841],[-118.300270402091,33.9594858683831],[-118.300270408038,33.9594694195725],[-118.300273983837,33.959292299545],[-118.300278106537,33.9590269115362],[-118.300277603419,33.9582410479639],[-118.300273947023,33.9574549894449],[-118.300271427626,33.9569169740042],[-118.300274191184,33.9500175715679],[-118.300405124212,33.950017196857]]]},"properties":{"name":"Gramercy Park"}},{"type":"Feature","geometry":{"type":"Polygon","coordinates":[[[-118.489543250334,34.3146878702667],[-118.485756249064,34.3096468705673],[-118.477853246829,34.3010778695208],[-118.470076244516,34.2934178697714],[-118.469975769893,34.2932937715028],[-118.468481244749,34.2914478697421],[-118.468439786791,34.2913646133454],[-118.468245348505,34.2909741466365],[-118.467870244733,34.2902208697093],[-118.467744244219,34.2897668695362],[-118.469105244446,34.2910788693341],[-118.470608245326,34.2936168695987],[-118.469731245241,34.2917198691182],[-118.468319243844,34.2893658692892],[-118.467991243664,34.2875898688814],[-118.468223244139,34.2856548690859],[-118.469855243284,34.2790778681413],[-118.469659244071,34.279076867797],[-118.47147724331,34.2738728676964],[-118.471506232027,34.2737511045927],[-118.471789160064,34.2725626795064],[-118.471921243987,34.2720078672039],[-118.471923458508,34.2718544840456],[-118.47208388657,34.2607455433961],[-118.472133242132,34.2573278654869],[-118.502347262273,34.2575192943816],[-118.52121925078,34.2576388622444],[-118.523336250974,34.2574958624549],[-118.523335251184,34.2573438621702],[-118.52373125142,34.2572708628175],[-118.529508251658,34.2572708624385],[-118.529286252479,34.2619028628618],[-118.527888251993,34.2650788634854],[-118.527271252436,34.2672668629778],[-118.526496252369,34.2672448635227],[-118.525704252651,34.269547863573],[-118.526567252616,34.2721808642009],[-118.526889252262,34.2721828640312],[-118.526467252731,34.273229864341],[-118.526350261779,34.2758951155659],[-118.526325253151,34.2764648648373],[-118.526366031242,34.2765998576563],[-118.526473601821,34.2769559662981],[-118.526631253016,34.2774778643844],[-118.526982252667,34.2779898649612],[-118.527041253467,34.2787318643758],[-118.527491253739,34.2793908645151],[-118.527185253171,34.2797728644469],[-118.527327253391,34.2801578647319],[-118.527583253561,34.2803418651609],[-118.527550253098,34.2814408648569],[-118.528000253248,34.2819688645126],[-118.527655254111,34.2834588654498],[-118.528350253928,34.2842608647715],[-118.528846253657,34.286146865049],[-118.530388254838,34.2867518656468],[-118.53328125569,34.289934865903],[-118.533360255043,34.2907208660028],[-118.534221255821,34.2909678657654],[-118.534406255918,34.291660865947],[-118.534949256033,34.2921008655456],[-118.535101256124,34.2924578657643],[-118.53556525589,34.2927048659169],[-118.539044256831,34.2957308660164],[-118.540955256928,34.2987988658129],[-118.540833257716,34.2988188659364],[-118.540833475506,34.2988192823781],[-118.540833357218,34.2988193009372],[-118.541569033355,34.3002245363157],[-118.541569154807,34.3002246701025],[-118.541569257109,34.3002248661814],[-118.541710381646,34.3003802930373],[-118.542604800748,34.3013658877285],[-118.542619852578,34.3014043729721],[-118.543347013552,34.3032632606096],[-118.544308243918,34.3039449080387],[-118.543684257954,34.3057198667564],[-118.543684464097,34.3057203247164],[-118.543684453427,34.3057203545152],[-118.543685177369,34.3057219154424],[-118.547107039247,34.3133509165468],[-118.547109158767,34.3133560133121],[-118.545523259269,34.315662867146],[-118.546308171188,34.3173366779021],[-118.546306022031,34.3173361881393],[-118.546212776928,34.3173149328081],[-118.54288645586,34.3165566913343],[-118.534023257663,34.3145358679508],[-118.534022790798,34.3145357510053],[-118.533818615888,34.3146897913285],[-118.533093730921,34.3152367115067],[-118.532826206885,34.3154385545796],[-118.527727293176,34.3192835693674],[-118.525309166419,34.3211037005299],[-118.524204590181,34.3219350478152],[-118.523770654538,34.3222624964257],[-118.521879576451,34.3236893991397],[-118.519919140292,34.3251686435569],[-118.517062833013,34.327323406127],[-118.516136755433,34.3280222443475],[-118.515475402482,34.3285211660179],[-118.512245538793,34.3309576607419],[-118.511333392379,34.3316457413008],[-118.511333227873,34.331645851983],[-118.510204076605,34.332497569381],[-118.510119643122,34.3325612625976],[-118.507778254209,34.3343268721572],[-118.506576254686,34.3332218721062],[-118.50561325409,34.3314458718382],[-118.503465252797,34.3263728712208],[-118.50334025379,34.3255498714162],[-118.503494253605,34.3244698705238],[-118.503159252733,34.3237498713265],[-118.498897251632,34.3207898707975],[-118.495824251692,34.3196718713339],[-118.495118251522,34.3192748706968],[-118.492211250534,34.3158878708587],[-118.49116325055,34.3152668703364],[-118.48981925058,34.3149238704474],[-118.489543250334,34.3146878702667]]]},"properties":{"name":"Granada Hills"}},{"type":"Feature","geometry":{"type":"Polygon","coordinates":[[[-118.25411218844,33.9510364189931],[-118.254108615365,33.9510325238213],[-118.253876301353,33.9511895032365],[-118.253711440803,33.9511911140574],[-118.253546546796,33.9511927526704],[-118.253547476463,33.9510935271333],[-118.253596910985,33.9474053747201],[-118.253607125082,33.9473829485652],[-118.253607472068,33.9472906750338],[-118.253607726004,33.9472219783586],[-118.253608012392,33.9471532816155],[-118.253608266326,33.947084584941],[-118.253608520261,33.947015888267],[-118.253609059322,33.9468784362553],[-118.253609265229,33.9468374687626],[-118.253609485628,33.9467687721604],[-118.253609739558,33.9467000745865],[-118.253609876218,33.9466669631212],[-118.253610025942,33.9466313778463],[-118.253610283534,33.9465638901108],[-118.253610279874,33.9465626811747],[-118.253610451569,33.946521490177],[-118.253610448908,33.9465206111966],[-118.2536107055,33.946452793506],[-118.253610959431,33.9463840968354],[-118.253611121526,33.946345094759],[-118.253619754253,33.9457010386257],[-118.253624824541,33.9456818273046],[-118.253624947861,33.9455485556472],[-118.253646328,33.943812556849],[-118.25364637303,33.9437713381794],[-118.253651694677,33.9433728894857],[-118.253652029576,33.9432930795768],[-118.253652173472,33.9432823718751],[-118.253652180526,33.9432818435673],[-118.25412118035,33.9432828432486],[-118.254281179263,33.9293878419261],[-118.254023961889,33.9291448601874],[-118.253709861391,33.9287545138817],[-118.253591533328,33.9286092146337],[-118.25354758652,33.9285534757402],[-118.253566423523,33.9285279041052],[-118.253781784525,33.9283581045119],[-118.253816400699,33.9281887211741],[-118.253817057211,33.928134110052],[-118.253824796274,33.9274775129643],[-118.253825577649,33.9274087873435],[-118.253826595085,33.9273201673252],[-118.253826766651,33.9273050439211],[-118.253826176158,33.927305043361],[-118.253826178791,33.9273048414144],[-118.253562871612,33.9273048418448],[-118.253564664306,33.9271674712633],[-118.253564745877,33.9270747035088],[-118.253564756267,33.9270584805867],[-118.253565191744,33.9270169050524],[-118.253566490599,33.9269758046082],[-118.253566513542,33.9269290642169],[-118.25356656883,33.9268926552073],[-118.253568331991,33.9268109302756],[-118.25356845344,33.9267552862403],[-118.253568398728,33.9267104031498],[-118.253568549781,33.9266959910915],[-118.25357007388,33.9266460561546],[-118.2535703066,33.9266178902954],[-118.253570139005,33.9265910982972],[-118.253571922726,33.9264289719321],[-118.253573715311,33.9262915761184],[-118.253573726048,33.9262876193132],[-118.253573732287,33.9262861074467],[-118.253575511753,33.9261225792271],[-118.253575560537,33.9260951007163],[-118.253577304325,33.925985183417],[-118.253577332729,33.9259359611266],[-118.253577335922,33.9259302265348],[-118.253579064448,33.9258477876767],[-118.253579143744,33.9257653522874],[-118.253579192527,33.9257378737774],[-118.253580857008,33.9257103918698],[-118.253580952638,33.9256004771385],[-118.253580967895,33.9255729986994],[-118.253582761527,33.9254356028935],[-118.253588095486,33.9250089885193],[-118.253589888275,33.9248606013596],[-118.253593551648,33.9244483887347],[-118.253595264875,33.9243934283231],[-118.253597054478,33.9242443542177],[-118.253602567401,33.9236260767509],[-118.253604547804,33.9232695592529],[-118.253607970142,33.9231568707758],[-118.253609679175,33.9231005364589],[-118.253797563146,33.9231006631221],[-118.253988743302,33.923100783451],[-118.254186516984,33.9231009157216],[-118.254515379964,33.9231011559875],[-118.25471786625,33.9231011963021],[-118.254845034218,33.9231012845998],[-118.254885972878,33.9231012801067],[-118.255009845584,33.9231013220064],[-118.255054046981,33.9231013367],[-118.255163317123,33.9231013804806],[-118.255222187136,33.9231014208664],[-118.255247421288,33.9231014296569],[-118.255390293683,33.9231014769223],[-118.255566905719,33.9231015426639],[-118.255745230733,33.9231016045137],[-118.256132272275,33.9231017413007],[-118.269556181379,33.9231118403941],[-118.269556174044,33.923115275212],[-118.269503205102,33.9600977326989],[-118.269503184456,33.9601138448076],[-118.25910365655,33.9601597525264],[-118.255920811889,33.9601738024316],[-118.255923084747,33.9600420036525],[-118.255924823933,33.9599203797178],[-118.25592494059,33.9598077176814],[-118.255925064623,33.9596971156151],[-118.255925157218,33.95958720148],[-118.255925236162,33.9594834420865],[-118.255925371704,33.9593550078327],[-118.255923863245,33.9591853034478],[-118.255923959023,33.9590760762724],[-118.25592399753,33.959034857564],[-118.255924103846,33.9589400565712],[-118.255924090126,33.9589249434346],[-118.255924189019,33.9588170901788],[-118.255924208837,33.9588019769712],[-118.255924268247,33.9587456459553],[-118.255924306672,33.9587044002024],[-118.255924342066,33.9586618084793],[-118.255924422311,33.9585910512166],[-118.25592453985,33.9584461019731],[-118.255928023973,33.9582805358257],[-118.25592832714,33.958174743028],[-118.255928694157,33.9580572717412],[-118.255929021383,33.9579487310461],[-118.255929313079,33.9578498069941],[-118.255929371649,33.9578367545915],[-118.255928484974,33.9577515731823],[-118.255929433388,33.9576409702858],[-118.255930311606,33.9575289936151],[-118.255930493784,33.9573620055678],[-118.255930582257,33.9572507454845],[-118.255930683153,33.957143551253],[-118.255930776903,33.9570336641827],[-118.255930861138,33.9569319936314],[-118.255930952751,33.9568323839512],[-118.255931060025,33.9567272776413],[-118.255932796145,33.9566152991583],[-118.255932938652,33.9564463062156],[-118.255933064566,33.9563041039244],[-118.255931531365,33.9561907314119],[-118.255931621847,33.9560801294474],[-118.255931742798,33.9559791457876],[-118.255931846846,33.9558623620404],[-118.255931959153,33.9557153519527],[-118.255932109971,33.9555490789044],[-118.255932678858,33.9554006659804],[-118.255933035491,33.9552907783671],[-118.255933389941,33.9551801767517],[-118.255933810382,33.9550695749973],[-118.255934198281,33.9549589453655],[-118.255934352059,33.954912258678],[-118.25593609448,33.9548133324726],[-118.255937867927,33.9546491448258],[-118.255938255904,33.9545385431447],[-118.255938644895,33.9544286275229],[-118.255938999334,33.9543180259148],[-118.255939389408,33.954208111194],[-118.255939743759,33.9540974816409],[-118.255940132749,33.9539875669241],[-118.255940278414,33.9538192600694],[-118.255940820327,33.9537052232598],[-118.255940488693,33.9535966839992],[-118.255941420298,33.9534915768679],[-118.255942332041,33.9533905915505],[-118.255941600172,33.9531981518494],[-118.255942181643,33.9530648439708],[-118.255055180849,33.9520808443802],[-118.254338244745,33.9512871207753],[-118.254316154778,33.9512626314626],[-118.254266626885,33.9512077239543],[-118.254217100054,33.9511527884766],[-118.254167538755,33.9510978809988],[-118.254118044592,33.9510429733596],[-118.25411218844,33.9510364189931]]]},"properties":{"name":"Green Meadows"}},{"type":"Feature","geometry":{"type":"Polygon","coordinates":[[[-118.300185917243,34.1579112284969],[-118.298838941078,34.1576078738386],[-118.298383831468,34.1580170547718],[-118.297586478211,34.1587339401278],[-118.297448172073,34.1588582612409],[-118.297427205502,34.1588758647881],[-118.295614204791,34.1588028644559],[-118.291591188256,34.1558108576489],[-118.291463227892,34.1557125284158],[-118.290572490211,34.1557025259216],[-118.290011444801,34.155696207163],[-118.28912222794,34.1556862182855],[-118.288887271031,34.15568356501],[-118.287971488878,34.1556732597059],[-118.287893997041,34.1556723867408],[-118.286608999083,34.1559582336131],[-118.282684202488,34.1567788654483],[-118.280508252354,34.1563378756884],[-118.280116665677,34.1559321385346],[-118.280116499111,34.1559319459923],[-118.280116333543,34.1559317273031],[-118.280116134538,34.1559315627834],[-118.279908516619,34.1557163434995],[-118.279908473084,34.1557162967205],[-118.279908296796,34.1557161150187],[-118.279472489629,34.1552751200005],[-118.279332829339,34.1551330265253],[-118.279332795797,34.155132724589],[-118.279326815193,34.1550986766539],[-118.2793099845,34.1550028851924],[-118.279309965501,34.1550027166494],[-118.279309949873,34.1550025832585],[-118.279309939963,34.1550025382047],[-118.279309882711,34.1550022804983],[-118.279105633395,34.1538374565774],[-118.279105585856,34.1538371844239],[-118.279105553396,34.1538368815835],[-118.279099874685,34.1538045287266],[-118.279070107138,34.1536349395917],[-118.279070073597,34.1536346376553],[-118.279070038969,34.1536343348199],[-118.279061169401,34.1535839613545],[-118.279045407589,34.1534937280535],[-118.279033413251,34.1534256358402],[-118.27902399466,34.1533719081307],[-118.279023942705,34.1533716125475],[-118.279006222076,34.1532705256892],[-118.279006212013,34.1532704346575],[-118.279006188536,34.1532702237528],[-118.279006153908,34.1532699209173],[-118.278995406602,34.1532089434324],[-118.278995372068,34.1532086685443],[-118.278995341704,34.1532086686144],[-118.278995201301,34.1532078647702],[-118.278349201012,34.1532098648515],[-118.278195200992,34.1480338649846],[-118.276284199626,34.141047863875],[-118.276777200169,34.1409508634858],[-118.272849198686,34.1271828629221],[-118.270562196871,34.1213708620232],[-118.270083197363,34.1220708621042],[-118.269979197537,34.1212178620402],[-118.26736219612,34.1157698612821],[-118.265403195467,34.1136888611502],[-118.265560434795,34.113480531253],[-118.266077196314,34.1127958615804],[-118.266115956796,34.1127794062055],[-118.267283195556,34.1122838614061],[-118.268068196686,34.112793861462],[-118.268175120265,34.1129028052556],[-118.270397196616,34.1151668613099],[-118.271693197102,34.1170078616415],[-118.27177119767,34.1168038614036],[-118.273220197051,34.1184128615549],[-118.274249198,34.1199358616627],[-118.276687197942,34.1198088612051],[-118.292456200423,34.1177338601456],[-118.29581020112,34.1167238602334],[-118.299202201454,34.1160218595368],[-118.303668202104,34.1145508598155],[-118.306621202928,34.1138128593761],[-118.307521202606,34.113412859171],[-118.309421203338,34.1130128590749],[-118.309523205166,34.1411128618659],[-118.310327206679,34.1470378624008],[-118.311384206336,34.1520208635499],[-118.316632207189,34.1514218628555],[-118.317833207853,34.1521228626439],[-118.323063208843,34.1524878622293],[-118.328738209681,34.1498278617293],[-118.329067148536,34.1501737973638],[-118.329067209516,34.1501738621084],[-118.329067137127,34.150173929019],[-118.329038203899,34.1501860459622],[-118.326780778042,34.1522842427559],[-118.326629978395,34.1524244080055],[-118.326615252572,34.1524380925197],[-118.326448879323,34.1525927106495],[-118.326245648109,34.1527816259386],[-118.325855848173,34.1531438870487],[-118.325831708925,34.1531663471357],[-118.325827178809,34.1531709391418],[-118.325733209641,34.1532578623111],[-118.322122209322,34.1557318626352],[-118.317690083758,34.156317747769],[-118.317496056948,34.1561230985458],[-118.31701494673,34.155641777411],[-118.316990058839,34.15561606778],[-118.316948584297,34.1555746004227],[-118.316867290827,34.1554924050933],[-118.316759034065,34.1553841917349],[-118.316752878961,34.1553779439956],[-118.316631739464,34.1552563034561],[-118.31662656347,34.1552511593297],[-118.316497336368,34.1551217226268],[-118.315830615202,34.1544580386553],[-118.31572093389,34.1544379080469],[-118.314647877789,34.1542771515219],[-118.314583351087,34.1542667399142],[-118.314420133965,34.1542404276463],[-118.314256916942,34.1542141142566],[-118.314093732559,34.1541878014635],[-118.313930483213,34.1541614886191],[-118.313767299035,34.1541351753855],[-118.313604082532,34.1541088899633],[-118.313441692964,34.1540827383091],[-118.313408658562,34.1540779195929],[-118.313400055466,34.1540766635164],[-118.312918341473,34.1539983327003],[-118.312798989237,34.1541965662621],[-118.312798968755,34.1541965987704],[-118.312327032208,34.1549656053894],[-118.312308350853,34.1550167246837],[-118.312240326816,34.1552028617351],[-118.31223767678,34.1552102052679],[-118.312202507876,34.1553075707754],[-118.311978601007,34.155927247021],[-118.311976802266,34.1559322804227],[-118.311937712247,34.1560420764137],[-118.311780669455,34.1564752731159],[-118.311361687513,34.1577119114888],[-118.311310026542,34.1578638377114],[-118.311287457559,34.1579302000884],[-118.311187544959,34.1582239879549],[-118.311052930508,34.1586197546644],[-118.310894057113,34.1590875513131],[-118.310885875999,34.1591097744433],[-118.310665062258,34.1597310621514],[-118.310425346857,34.1604525296398],[-118.310377947382,34.1605955689122],[-118.310368936338,34.1606230482819],[-118.310355067489,34.1606653415166],[-118.310355134287,34.1606655144398],[-118.310327503669,34.160749450623],[-118.310188808735,34.1608557016617],[-118.310188512602,34.1608559773895],[-118.309970632543,34.1610229747468],[-118.309661445467,34.1612599753429],[-118.309417523182,34.1613110568473],[-118.308740207522,34.1614438640393],[-118.308647628839,34.1614136510463],[-118.308645770852,34.1614130075854],[-118.307983566825,34.1611835551609],[-118.307870836656,34.1611452069642],[-118.307510007465,34.1610224706294],[-118.307199721105,34.1609169278138],[-118.305254132667,34.1595036545328],[-118.305232197184,34.1594874759735],[-118.305057690422,34.1593588481582],[-118.304989843479,34.1593088984934],[-118.304857929304,34.1592116815029],[-118.304791606945,34.1591627989067],[-118.304744541687,34.1591281291179],[-118.304545875457,34.1589817281998],[-118.304535765746,34.1589742519931],[-118.304365306481,34.1588486628825],[-118.304331231194,34.158840999961],[-118.304014932327,34.1587699379188],[-118.303539211408,34.1586629218786],[-118.303131010947,34.1585710121222],[-118.300185917243,34.1579112284969]]]},"properties":{"name":"Griffith Park"}},{"type":"Feature","geometry":{"type":"Polygon","coordinates":[[[-118.325955745416,34.0762267147215],[-118.325811201264,34.0618838526252],[-118.344068204346,34.0621758513785],[-118.344066308306,34.0688977512732],[-118.344066308181,34.0688993010093],[-118.344062206263,34.0834358538641],[-118.344061102182,34.0834358570086],[-118.326612203558,34.0834928551886],[-118.326612638153,34.0834748485901],[-118.326621203826,34.083119854801],[-118.326020203161,34.0826228545695],[-118.32595574716,34.076226884205],[-118.325955745416,34.0762267147215]]]},"properties":{"name":"Hancock Park"}},{"type":"Feature","geometry":{"type":"Polygon","coordinates":[[[-118.362032225059,34.2732288739276],[-118.361061224676,34.27314387354],[-118.360965225035,34.2725328732411],[-118.360607310027,34.2721793241224],[-118.360555224493,34.2721278735076],[-118.359226224391,34.2718778736618],[-118.359029224702,34.2728978734195],[-118.35572622381,34.2663028735603],[-118.359857224316,34.2670678726975],[-118.35990622382,34.2661278729285],[-118.364367225289,34.2661768726717],[-118.365491225442,34.2659758724999],[-118.366444225198,34.265477872564],[-118.368824225528,34.2633788718937],[-118.371210225577,34.2603308716365],[-118.371125225828,34.2632068716107],[-118.3721252259,34.261306871673],[-118.373325225612,34.2603068719068],[-118.380226227713,34.2595068713067],[-118.386041228272,34.2605858704467],[-118.386890228517,34.2580448706947],[-118.387626228462,34.25671887039],[-118.387660854657,34.2567240686646],[-118.390910228777,34.2572118704571],[-118.390552228195,34.2574738704374],[-118.393681228969,34.2582418703592],[-118.395137229231,34.259004869719],[-118.39560922926,34.259034870303],[-118.396013229598,34.2587398699825],[-118.39677823027,34.2597878699236],[-118.401924231575,34.2646628703776],[-118.401650231636,34.2657228708679],[-118.40121623138,34.2665058708051],[-118.398256231371,34.2700678714312],[-118.397187230946,34.2710748715325],[-118.393806230778,34.2735408714587],[-118.393583134405,34.2734594578002],[-118.392594924328,34.2730988308577],[-118.39232923061,34.2730018716697],[-118.392115644314,34.2729850647115],[-118.390983451007,34.2728959722304],[-118.390588229724,34.272864871797],[-118.39039653408,34.272888003208],[-118.389146230249,34.2730388722028],[-118.388730229835,34.2733958720352],[-118.388615229601,34.2738648718254],[-118.387909229871,34.2731998721182],[-118.382807228454,34.2738808724785],[-118.381351228499,34.2745338728639],[-118.362032225059,34.2732288739276]]]},"properties":{"name":"Hansen Dam"}},{"type":"Feature","geometry":{"type":"Polygon","coordinates":[[[-118.299019903484,33.8035523613826],[-118.299028172573,33.8034048787072],[-118.299225085111,33.8034109191724],[-118.299623961438,33.8034231443319],[-118.299628569892,33.8034233014468],[-118.299638603991,33.8031365334219],[-118.299650176521,33.8028188252896],[-118.299157176001,33.8028038248715],[-118.299158175574,33.7978008251579],[-118.299115587813,33.7978009003173],[-118.299115729139,33.7977593592188],[-118.2991159349,33.7976962087304],[-118.298895442226,33.7976954464165],[-118.297468312143,33.7976905913905],[-118.295930663848,33.7976853483652],[-118.293724532244,33.7976778004116],[-118.292753479424,33.7976744426674],[-118.291782630916,33.7976711198688],[-118.290827747681,33.7976678218978],[-118.28987336448,33.7976645178543],[-118.288921257635,33.7976612143058],[-118.287159434426,33.7976546805263],[-118.287057308102,33.7976541974421],[-118.286870268484,33.7976534532435],[-118.285420173985,33.7960558250319],[-118.282968172476,33.7923598253487],[-118.282055172124,33.7904118251974],[-118.280323170872,33.7790048239166],[-118.28962317242,33.7785918233557],[-118.292425173606,33.779190823424],[-118.297504174544,33.7820848226162],[-118.298511175033,33.7808628224912],[-118.299645174591,33.7802868225664],[-118.306007073271,33.7796820420253],[-118.306167175317,33.7796668222128],[-118.307726175705,33.7793828226333],[-118.30770617638,33.7792158222299],[-118.307777564055,33.7792038840377],[-118.307777968649,33.7792038162915],[-118.307778579238,33.7792057538774],[-118.307790154287,33.7792425013641],[-118.307908822585,33.7795694206171],[-118.307942261944,33.7795612701714],[-118.308207179299,33.7794967057816],[-118.308267636891,33.77948138307],[-118.308330591622,33.7794652020051],[-118.308379278366,33.7794524922123],[-118.308911739621,33.7793129669897],[-118.309319901912,33.7792059905555],[-118.309374037614,33.7792344563322],[-118.309424375428,33.7795891791727],[-118.309533667633,33.7803598503576],[-118.309619277197,33.7809633235189],[-118.30965566314,33.7812197103775],[-118.309686847036,33.7814396193001],[-118.309712185975,33.7816182441891],[-118.309735566869,33.7817831900962],[-118.309739721678,33.7818122783432],[-118.30975247999,33.7819039894762],[-118.309758250755,33.7819467629934],[-118.309446523405,33.7819463287677],[-118.309405126449,33.7819462702012],[-118.309051442886,33.7819457705968],[-118.309051443047,33.7819458143197],[-118.309051176413,33.781945822667],[-118.309050176353,33.7821838220567],[-118.308721176548,33.7822198224471],[-118.308721176735,33.7822201668235],[-118.308714806956,33.7822201579171],[-118.308713536473,33.7823981021133],[-118.308713324681,33.782568595323],[-118.308713112903,33.7827387991517],[-118.308712903236,33.7829086964654],[-118.308712689536,33.7830798459905],[-118.308712478788,33.7832497433144],[-118.308712266331,33.7834206440272],[-118.308712054501,33.7835905413614],[-118.308711850497,33.7837549349599],[-118.308711637709,33.7839263333183],[-118.308712148796,33.7840969914873],[-118.308711214337,33.7842673820125],[-118.308711093658,33.7844371123521],[-118.308710790593,33.7846074498795],[-118.308710580368,33.7847777853696],[-118.308710378125,33.7849482362363],[-118.308710373588,33.7851187226601],[-118.308711878768,33.7852561360149],[-118.30871184116,33.7852726229319],[-118.308710934636,33.7855721367366],[-118.30871088692,33.7855858758766],[-118.308710831003,33.7856064845466],[-118.308710775085,33.7856270932165],[-118.30871062387,33.7856755101193],[-118.30870934944,33.7861347824423],[-118.308708805686,33.7864416399556],[-118.308707947054,33.7864808948238],[-118.308707622618,33.7868036445165],[-118.308707604127,33.7868379515456],[-118.308707396083,33.7873517391513],[-118.308707105723,33.7880638908912],[-118.308704645339,33.7882600424769],[-118.308484176476,33.7887778232292],[-118.308697176692,33.7894758236649],[-118.308780415461,33.7994898292498],[-118.308779934681,33.7995217494145],[-118.308779901727,33.799523945582],[-118.308782359168,33.7998252642415],[-118.30878241984,33.7998326555826],[-118.308784828221,33.8001294406755],[-118.308784519965,33.8002038459568],[-118.308785935283,33.8002782873865],[-118.308788359242,33.800569614702],[-118.308788474277,33.8005835626015],[-118.308788473048,33.8005867503513],[-118.308788521475,33.8005952154253],[-118.308790862944,33.8008837825338],[-118.308791726035,33.800953116517],[-118.30879188684,33.80096600322],[-118.308792933659,33.8009957612528],[-118.308794902185,33.8012325663085],[-118.308794969287,33.8013467624816],[-118.308794994329,33.8013893696844],[-118.308794987297,33.8013924474649],[-118.308795061369,33.8014075881714],[-118.308797662952,33.8017301470603],[-118.3087982167,33.8017409439531],[-118.308799304437,33.8017621564497],[-118.308803124392,33.8022218241249],[-118.308818882386,33.8041175415679],[-118.308818448749,33.8041317577284],[-118.308817215276,33.8041721901196],[-118.308819995124,33.8045158521673],[-118.308822739934,33.8048593772894],[-118.30882428984,33.8049421889606],[-118.308824037827,33.8050242425746],[-118.308826816044,33.8053677396855],[-118.308829013172,33.805642543941],[-118.308829987353,33.805725021734],[-118.308835581522,33.806425757691],[-118.308836548683,33.8065435883312],[-118.308837242549,33.8066326433877],[-118.308840858772,33.8067619119406],[-118.308841178664,33.8067998251402],[-118.308842599702,33.8068059445701],[-118.308852591049,33.806953177446],[-118.308869821254,33.8071127316628],[-118.308894708392,33.8072793512274],[-118.308926477023,33.8074447973964],[-118.308948657337,33.8075352604911],[-118.308976212495,33.8076242331133],[-118.309009045229,33.8077113972748],[-118.309031655036,33.8077665406859],[-118.3090847774,33.8079019323757],[-118.309122853216,33.8080121753041],[-118.309308178688,33.808809825032],[-118.309211131293,33.8088297497977],[-118.309120132027,33.8088442120176],[-118.308942812292,33.8088723922184],[-118.308925445524,33.8088762285377],[-118.308734911304,33.8089185122462],[-118.30852602282,33.8089648760504],[-118.308366932682,33.8090001856382],[-118.308367790394,33.8090028906852],[-118.308139178067,33.8090498254008],[-118.308570178284,33.8104958259829],[-118.308598403424,33.8106831214429],[-118.308714262231,33.8114519594854],[-118.308798178444,33.8120088254439],[-118.308798441895,33.8122274309327],[-118.308804178901,33.8169948265885],[-118.298505195722,33.8131174353824],[-118.298508433925,33.8130458814683],[-118.298527529995,33.8126889990046],[-118.298535317834,33.8125432663315],[-118.298544827026,33.8123662279572],[-118.29854618379,33.8123405053269],[-118.29854803203,33.8123060016424],[-118.298552172169,33.8122287371171],[-118.298558994904,33.8121016609511],[-118.298559518067,33.8120914653444],[-118.298560913642,33.8120654225815],[-118.298566865117,33.8119542206162],[-118.298567319921,33.8119457569857],[-118.298571773643,33.8118628437063],[-118.298574210967,33.8118169488472],[-118.298582255584,33.8116678502014],[-118.298582548375,33.8116624187611],[-118.298583727215,33.8116398149071],[-118.298584552212,33.811623999422],[-118.298590972398,33.8115043157663],[-118.298599800404,33.8113392602058],[-118.298601372403,33.81130938738],[-118.298608566598,33.8111756607445],[-118.298616777797,33.8110224219471],[-118.298621282207,33.8109376956067],[-118.298623751977,33.810891828618],[-118.298625533412,33.8108585998431],[-118.298634092894,33.8106988512634],[-118.298640359451,33.8105818617198],[-118.298646871109,33.810460007006],[-118.298648811371,33.8104237685887],[-118.298659680379,33.810220805678],[-118.298675328243,33.8099283440508],[-118.298676069773,33.8099145752093],[-118.298684253311,33.8097630403579],[-118.298695123907,33.8095708865942],[-118.298695821756,33.8095585007821],[-118.298702929783,33.8094325075587],[-118.298703638819,33.8094199278938],[-118.298704348883,33.8094073338022],[-118.2987121536,33.809268941249],[-118.298720700849,33.8091179824726],[-118.298730517105,33.8089442961192],[-118.29876916509,33.8082177090349],[-118.298854786996,33.8066079324561],[-118.298870474616,33.8063176137254],[-118.298881713947,33.8061091642714],[-118.29888616223,33.806027323851],[-118.298890145169,33.8059533971606],[-118.298893632328,33.8058882380077],[-118.298894129863,33.8058799653967],[-118.298896074392,33.80584377206],[-118.298897185256,33.8058230507451],[-118.298899594531,33.805778475796],[-118.29894974327,33.8048504408994],[-118.298961630651,33.8046306136827],[-118.298986985981,33.8041618013354],[-118.299019903484,33.8035523613826]]]},"properties":{"name":"Harbor City"}},{"type":"Feature","geometry":{"type":"Polygon","coordinates":[[[-118.298506182506,33.813143813169],[-118.308804183514,33.8169948466557],[-118.308956181168,33.8301178393956],[-118.309047729535,33.8328094420155],[-118.309064254885,33.8348964157593],[-118.309112390873,33.8395086902747],[-118.309162952463,33.8464143245426],[-118.309196142547,33.8506193633427],[-118.309202858315,33.8518651866956],[-118.30920531981,33.8519396294162],[-118.309205565896,33.8519470565145],[-118.309210286528,33.8522015622222],[-118.309240980288,33.8560074874819],[-118.309253166554,33.8575153720277],[-118.309254453586,33.8583528136106],[-118.309162179445,33.8583528357442],[-118.309160188999,33.8656128320643],[-118.299331182358,33.8657028249626],[-118.299326155038,33.8658408302371],[-118.299320648391,33.8659707220068],[-118.299310681239,33.8662207996627],[-118.299310282841,33.8662317490537],[-118.299289021961,33.8668253340416],[-118.299254835516,33.8677992686267],[-118.299246831863,33.8680191582022],[-118.299242386482,33.8681292114304],[-118.299207245091,33.8691062827518],[-118.299155187798,33.8705358443997],[-118.294369184832,33.8705268503673],[-118.294391371447,33.8698935490472],[-118.294456888955,33.8681041193756],[-118.294494753948,33.8670698966612],[-118.294516301747,33.8664787162411],[-118.294678988085,33.8664770733853],[-118.294944257313,33.866477154264],[-118.297461936278,33.8664747436423],[-118.297510496743,33.8664747096249],[-118.297696477668,33.8664745078994],[-118.29779100211,33.8664715694342],[-118.29788515824,33.866462749723],[-118.297978573047,33.8664480926242],[-118.298070912121,33.8664276419015],[-118.29807128496,33.8664275551094],[-118.298071295385,33.8664268681251],[-118.298075181072,33.8664268155782],[-118.298077807698,33.865971226796],[-118.298078836247,33.8658913653292],[-118.29808386633,33.8656268738787],[-118.298084736147,33.8655494171619],[-118.295841926798,33.8655416777046],[-118.294936085105,33.8655402059244],[-118.2916879116,33.8655391821938],[-118.291094608056,33.8659969290247],[-118.290936188245,33.8661191608652],[-118.29053717412,33.8664108357983],[-118.291797936312,33.8940766226079],[-118.291799818124,33.8941254351677],[-118.291761239848,33.8943095480416],[-118.291752047855,33.8943534069447],[-118.291749730959,33.8943644897874],[-118.291741273238,33.8944048262411],[-118.291736360754,33.8944282806513],[-118.291709000194,33.8945589122629],[-118.29170093771,33.8945981743824],[-118.291701013826,33.8946089508881],[-118.291703266987,33.8946461271627],[-118.291707259486,33.8947244739124],[-118.291709712691,33.8964206590245],[-118.291704713026,33.8965855416296],[-118.291692860184,33.8972223397307],[-118.291685007276,33.8997965287999],[-118.29168494108,33.8999476603053],[-118.291679087989,33.9017612937124],[-118.291679151383,33.9018202004462],[-118.291679759615,33.9019025054639],[-118.291677112167,33.9025066939022],[-118.291675056711,33.9033179996459],[-118.291674973942,33.9034828704589],[-118.291670727982,33.9054662228799],[-118.291670680526,33.9055376669408],[-118.291668746345,33.9061360146879],[-118.291658392509,33.9091609873187],[-118.291654893808,33.9102457505874],[-118.291651669619,33.9112762433495],[-118.291648289667,33.9123063931038],[-118.291645618224,33.9131702106851],[-118.29164510394,33.9133368859646],[-118.291645104089,33.9133369288993],[-118.291644907145,33.9133950205587],[-118.29164775415,33.9137099855309],[-118.291635984204,33.9164247145761],[-118.2916359788,33.9164268613445],[-118.291623470966,33.9193071506402],[-118.291595178912,33.9233388272917],[-118.291579788838,33.923411854234],[-118.2915211792,33.9236898291947],[-118.281215447622,33.9237248238463],[-118.28120518559,33.9237248477791],[-118.281251181173,33.9232998545504],[-118.281257381287,33.9232942155876],[-118.281356993713,33.9232036047668],[-118.281415102379,33.9232035979675],[-118.281463743261,33.9231142223225],[-118.281492402761,33.9231135972631],[-118.281961954547,33.9231851034573],[-118.281966980043,33.9232054000173],[-118.281971550932,33.9232053893284],[-118.282001487182,33.9232053622541],[-118.282095068814,33.92320535803],[-118.282098186334,33.9232058230228],[-118.282098184744,33.9232053507402],[-118.28209855814,33.9232053498666],[-118.282102222268,33.9230010130581],[-118.282105957862,33.9227911374555],[-118.282106470512,33.9227636577801],[-118.282112768584,33.9226685846923],[-118.282119349986,33.9225964812302],[-118.282157056155,33.9203153792066],[-118.282157946547,33.9202662593577],[-118.28216024878,33.9201355165628],[-118.282162010175,33.9200353448322],[-118.282164225295,33.9199093251056],[-118.282165164459,33.9198479257035],[-118.282168142627,33.9196808582306],[-118.282170665193,33.9195314381551],[-118.28217651439,33.919211386186],[-118.282181873246,33.9189063197246],[-118.282183256835,33.9188239669568],[-118.282184614817,33.9187416571845],[-118.28219296159,33.9183068767982],[-118.282200918643,33.9178252122106],[-118.282202992009,33.9177068352872],[-118.282204606728,33.9176243102464],[-118.282205899716,33.9175418288944],[-118.282209627144,33.9173296778472],[-118.282213828161,33.9171243523758],[-118.282216846268,33.9169195019629],[-118.282220480902,33.9167142207596],[-118.282223104693,33.9165643281989],[-118.282226181241,33.9164265422771],[-118.282227250052,33.916288975732],[-118.282227293905,33.9162752363992],[-118.282227327891,33.9161859313239],[-118.282227393053,33.9160485388715],[-118.282227458214,33.9159111464209],[-118.282227561999,33.9157737538815],[-118.282227652909,33.9156363613739],[-118.282229360837,33.915478313304],[-118.282229599573,33.9151554408636],[-118.28222966473,33.9150180484239],[-118.282229755636,33.9148806559257],[-118.282230348645,33.9147432622537],[-118.282230980275,33.9146058684931],[-118.282231658368,33.9144478657834],[-118.2822317726,33.9142829947821],[-118.282231858325,33.9141249505286],[-118.282231923477,33.9139875581016],[-118.282232027253,33.9138501655859],[-118.282233678978,33.913713671085],[-118.282233745385,33.9137066295758],[-118.282233831211,33.9135753768225],[-118.28223392995,33.9134173754837],[-118.282234033615,33.9132531914837],[-118.282234130039,33.9130945031936],[-118.282235842937,33.9129570639869],[-118.282235933975,33.9128197144488],[-118.282235996806,33.9126816350822],[-118.282236100573,33.9125442425826],[-118.282236186288,33.9123861983539],[-118.282236302821,33.912222014339],[-118.282238015842,33.9120846180779],[-118.282238106731,33.911947225616],[-118.282238133249,33.9118098333064],[-118.28223833249,33.9115631708249],[-118.282240141113,33.9113165475164],[-118.282240260934,33.9110692412057],[-118.282242069541,33.9108226179083],[-118.282242217417,33.9105759985042],[-118.282242350104,33.91032869218],[-118.282244145815,33.9100820689292],[-118.282244304244,33.909834762556],[-118.28224446484,33.9095881002092],[-118.282246269563,33.9092906418341],[-118.282246407726,33.9090487882796],[-118.282246601934,33.9087547684948],[-118.282250404613,33.9078885017519],[-118.282252561307,33.9070304395274],[-118.282254495721,33.9065880321661],[-118.282254785008,33.9061043680869],[-118.2822567683,33.9055197597543],[-118.282256807998,33.9054627419119],[-118.282257089577,33.9049997296601],[-118.282257201175,33.9048073374401],[-118.282258573507,33.9043127224675],[-118.282259727197,33.9038869758428],[-118.282261401921,33.9032757486257],[-118.28226336843,33.9027244151425],[-118.282263558206,33.9024482135814],[-118.282265439776,33.9020360327984],[-118.282265461803,33.9019967042516],[-118.282265512813,33.9019048231506],[-118.282265595697,33.9017612481905],[-118.282265855322,33.9013490712317],[-118.282265928807,33.9012027055239],[-118.282267722912,33.9009939082491],[-118.282268056301,33.9004278090564],[-118.282268404341,33.8998163704682],[-118.282268546638,33.8995566561444],[-118.282273158525,33.8983193008312],[-118.282280180402,33.8973198429587],[-118.283216179769,33.8969528285648],[-118.282292178587,33.8741318392041],[-118.282119175481,33.8728578500939],[-118.282259180714,33.872643835171],[-118.281620176438,33.8726358415882],[-118.281813173207,33.8725558320086],[-118.281655180714,33.8720238514027],[-118.281567172226,33.8628068376512],[-118.285375183861,33.8611608151817],[-118.285312933839,33.861031428109],[-118.285394484544,33.8609948262067],[-118.285446604638,33.8609717755238],[-118.285432932454,33.860852191376],[-118.285515938781,33.8606914612471],[-118.285627175348,33.8610488450405],[-118.290535175335,33.8587038150085],[-118.290535172658,33.8587030421875],[-118.290669556517,33.8586433820853],[-118.290663992842,33.8560025583743],[-118.290659986144,33.8541598044575],[-118.289394237266,33.8541593737335],[-118.288287454954,33.8541599662862],[-118.287129057385,33.8541605858228],[-118.286142860752,33.8541610859063],[-118.285780641207,33.8541615162951],[-118.285281016531,33.8541606824424],[-118.285292304692,33.8532508236693],[-118.285292383951,33.853243868039],[-118.285304142695,33.8522568543572],[-118.285876214671,33.8522586325062],[-118.286206397208,33.8522596518368],[-118.286206398469,33.8522524817176],[-118.286205196665,33.8512632232715],[-118.28620465842,33.8508265344798],[-118.286204502593,33.850713015185],[-118.286204232843,33.8504982558585],[-118.286204066325,33.850343905581],[-118.286203890282,33.8502056129505],[-118.286203831153,33.8501581271828],[-118.286202751913,33.8492839339705],[-118.286201524466,33.8482946759062],[-118.286200873369,33.8477570477946],[-118.286200245423,33.8472639001164],[-118.286200072323,33.8471264662217],[-118.28620006675,33.8469891178007],[-118.286200015479,33.8464161530011],[-118.286200024183,33.8464073942813],[-118.286200034528,33.8464028861027],[-118.286199915004,33.8463904782295],[-118.297045587551,33.8463757731847],[-118.299104479722,33.8463721386572],[-118.299104488022,33.8463275722981],[-118.299104485422,33.8463232358882],[-118.29921918333,33.8463238097529],[-118.29919318042,33.823026830004],[-118.299082614523,33.8223762575137],[-118.29908477788,33.8219585834077],[-118.299084691599,33.8218874837656],[-118.299084154476,33.8214518267534],[-118.299083721255,33.8210777807878],[-118.299270180138,33.8136508213477],[-118.299270141562,33.8136508214435],[-118.299270165748,33.8136503920369],[-118.299268710699,33.8136498375025],[-118.299077760928,33.8135796414534],[-118.299059695998,33.8135729885119],[-118.298893558261,33.8135118756316],[-118.298503173155,33.8133678107021],[-118.298506182506,33.813143813169]],[[-118.297046686289,33.8472889510601],[-118.297046702559,33.8472935450455],[-118.297046893284,33.847467258848],[-118.297046906513,33.8474709941446],[-118.297047237812,33.8477606745509],[-118.297047660357,33.8481487613516],[-118.297047825354,33.8482861523744],[-118.297048389967,33.8487615682794],[-118.297048797042,33.8491380198231],[-118.297048949178,33.8492754108925],[-118.297049421162,33.8496956128876],[-118.297050013625,33.850197047305],[-118.297050089847,33.8502657857819],[-118.297050165918,33.8503344813248],[-118.297051189212,33.8512553880532],[-118.297051192163,33.8512598532689],[-118.297051457517,33.8514873213787],[-118.297051876661,33.8518599088692],[-118.297051881589,33.8518649322332],[-118.297052029352,33.851975660819],[-118.297052325981,33.8522446468603],[-118.297052407652,33.8523221869814],[-118.297052894299,33.8527392548364],[-118.29705339038,33.8531589846474],[-118.297053400145,33.853172637904],[-118.297053431171,33.8531995579754],[-118.297053415967,33.8532134259678],[-118.297053449912,33.8532339058053],[-118.297053468526,33.8532427932724],[-118.297054100982,33.8538063545094],[-118.297054108405,33.853815714288],[-118.297054463846,33.8541339894449],[-118.29705448678,33.8541477285402],[-118.297054652137,33.8542961109735],[-118.297054662206,33.8543098501007],[-118.29705546834,33.8550205057816],[-118.29705569396,33.855214957179],[-118.297056586809,33.856004569919],[-118.297056830835,33.8562042164096],[-118.297057096268,33.8568203310022],[-118.297057534261,33.8571945931205],[-118.297058545813,33.8580467618374],[-118.297058710847,33.8581841530074],[-118.297058865236,33.8581841526268],[-118.297369960872,33.8581838574968],[-118.297681210895,33.8581835611822],[-118.298608103502,33.8581826844093],[-118.299046197753,33.8581822848083],[-118.299142678657,33.8581822170423],[-118.299134437012,33.856005182203],[-118.299108623329,33.8477612844356],[-118.299109001584,33.8472938091642],[-118.299089563647,33.8472937715546],[-118.299073097466,33.8472937694991],[-118.297795286006,33.8472907523458],[-118.297458343976,33.84728991032],[-118.297046686289,33.8472889510601]]]},"properties":{"name":"Harbor Gateway"}},{"type":"Feature","geometry":{"type":"Polygon","coordinates":[[[-118.300621196252,34.0408188514234],[-118.300798195617,34.0399708517168],[-118.300361195442,34.0399738517185],[-118.300287171334,34.0372359462978],[-118.300285195881,34.0371628514965],[-118.303884196041,34.037204851199],[-118.30068619528,34.0373138507143],[-118.303232196242,34.037419851185],[-118.309000196885,34.0374328504795],[-118.30899919644,34.0372648509477],[-118.313349197609,34.0372068506762],[-118.313360197867,34.0399278503688],[-118.313017197771,34.0399288509306],[-118.313058198905,34.0495058513662],[-118.313296198934,34.0505388518674],[-118.313306198477,34.0528248524823],[-118.312878199059,34.0526308517149],[-118.300028196311,34.0526288531994],[-118.299979196228,34.0472328523553],[-118.300288196049,34.0465588524509],[-118.300341195986,34.0440508514439],[-118.300435195591,34.0437428520493],[-118.300761196074,34.0436968521602],[-118.300756196361,34.041502852009],[-118.300621196252,34.0408188514234]]]},"properties":{"name":"Harvard Heights"}},{"type":"Feature","geometry":{"type":"Polygon","coordinates":[[[-118.307857191238,33.9745698440786],[-118.308979191615,33.9745678441088],[-118.308979174274,33.9745754620599],[-118.308941237748,33.9932390189727],[-118.308941193818,33.9932608459934],[-118.304997717437,33.9932477654371],[-118.30019819134,33.9932318464479],[-118.300301190708,33.9745818439103],[-118.307857191238,33.9745698440786]]]},"properties":{"name":"Harvard Park"}},{"type":"Feature","geometry":{"type":"Polygon","coordinates":[[[-118.189139184874,34.1318358675962],[-118.187442183915,34.1281738676432],[-118.185567183533,34.1286418679691],[-118.185459183203,34.1288758675279],[-118.182813497206,34.1296707734702],[-118.182775427644,34.1295883670647],[-118.1827073405,34.1294409830737],[-118.182592183176,34.1291908676352],[-118.182591835373,34.1291909556091],[-118.182591795073,34.129190869123],[-118.181560051584,34.1294501737658],[-118.181352603032,34.1295023214328],[-118.181352322403,34.1295023921733],[-118.181352835504,34.1294955442729],[-118.181358488105,34.1294201398241],[-118.181358680352,34.1294173087273],[-118.181401418774,34.1288592886536],[-118.181401673908,34.1288559634232],[-118.18140728696,34.1287778607493],[-118.181419759493,34.1286050608462],[-118.181450183018,34.1282008677031],[-118.181448875236,34.128201193316],[-118.181448923654,34.1282005252087],[-118.181448952072,34.1282001329999],[-118.181449213007,34.1281964850125],[-118.180949309559,34.1283256241844],[-118.180911881107,34.1283349470496],[-118.18090186921,34.1283092269211],[-118.18085319171,34.1281844908666],[-118.180841695102,34.1281549684926],[-118.180837489415,34.1281441996826],[-118.180798604099,34.1280387750831],[-118.180794363535,34.1280264115149],[-118.180768404474,34.1279558847802],[-118.180736463165,34.1278691547478],[-118.180729250434,34.12784943552],[-118.180694026742,34.1277552393947],[-118.180205183075,34.1264298680649],[-118.178595182695,34.1267248676574],[-118.177689182584,34.1266498675758],[-118.177689444764,34.1266503008269],[-118.177689341759,34.126650291963],[-118.177691637141,34.1266540596937],[-118.177727851971,34.1267134966919],[-118.177799182598,34.1268308676172],[-118.177362166915,34.1267600191399],[-118.177165554968,34.1267280290559],[-118.1766609242,34.1266459466872],[-118.176553306754,34.1266278199738],[-118.176967181761,34.1231458673737],[-118.176836760279,34.1231970813158],[-118.176842958507,34.1231447230391],[-118.176843403669,34.1231409612],[-118.176427510179,34.1233097658478],[-118.17607097196,34.1234544946727],[-118.175922678801,34.1235147237285],[-118.175566370524,34.1236593127942],[-118.175211645731,34.1238033215329],[-118.175153310743,34.1238269829239],[-118.175148761695,34.1238288268363],[-118.175136309223,34.1238338772272],[-118.175063119468,34.1238636048642],[-118.174973323439,34.1239000620863],[-118.17493568871,34.1239153398165],[-118.174808224132,34.1239670467357],[-118.174680726989,34.1240188085607],[-118.174641870408,34.1240345838072],[-118.174597929692,34.124052424581],[-118.17335639198,34.124556358158],[-118.173086406165,34.124666219809],[-118.172836936211,34.1247677177678],[-118.172816180713,34.1247758684375],[-118.172452648941,34.1259753248706],[-118.172450983523,34.1259772763571],[-118.172401754317,34.1259940321222],[-118.171662547977,34.1262456350364],[-118.171651056325,34.1262495468724],[-118.17164426315,34.1262509025052],[-118.171622052323,34.1262553380233],[-118.171544647266,34.1262743196548],[-118.171468570168,34.126298069354],[-118.17143196312,34.1263120670642],[-118.171427885918,34.1263136252834],[-118.171402907112,34.1263231772699],[-118.171338895554,34.1263522387275],[-118.171320105359,34.1263621921209],[-118.171315180661,34.1263638687365],[-118.171309986892,34.1263675516401],[-118.171276773758,34.1263851461098],[-118.171225447823,34.1264163468949],[-118.171175983651,34.1264504236105],[-118.171128542531,34.126487263339],[-118.171122855591,34.1264920504068],[-118.171113944787,34.1264995511393],[-118.171054574865,34.1265487055114],[-118.170548459612,34.126907670225],[-118.170547863742,34.126907849569],[-118.170424633717,34.1269004685499],[-118.170146565021,34.1268838132428],[-118.169780945308,34.1268619143915],[-118.16977914343,34.1268613011767],[-118.169278079143,34.1265875165717],[-118.169254342275,34.1265745461278],[-118.169252824707,34.1265735340304],[-118.169224140765,34.1265554930846],[-118.169148967758,34.1265143235078],[-118.16912286825,34.1265027077395],[-118.169112180604,34.1264968681502],[-118.169103301763,34.1264940001805],[-118.169070663832,34.1264794743906],[-118.168989759558,34.1264511820879],[-118.16891150674,34.1264302975128],[-118.168895082538,34.1264267359761],[-118.167872294602,34.1260963306549],[-118.167861936127,34.1260918509085],[-118.167798824243,34.1260690035897],[-118.167734439912,34.1260500372918],[-118.167712883876,34.1260448338157],[-118.167243155184,34.125893090761],[-118.167240092382,34.1258918310523],[-118.167237357172,34.125891217288],[-118.167233180869,34.1258898680651],[-118.167232328165,34.1258900910215],[-118.167219206323,34.1258871494493],[-118.16719782988,34.1258860647283],[-118.167176576687,34.125888607594],[-118.167156059083,34.1258947050771],[-118.167043888911,34.1259392181804],[-118.166195918753,34.1261602921572],[-118.166176899631,34.1261546206305],[-118.166130078224,34.1261344753714],[-118.166085917406,34.1261090218299],[-118.166045015186,34.1260786053752],[-118.166007927423,34.1260436399515],[-118.16597515806,34.1260045981741],[-118.165963956672,34.1259882913356],[-118.165960377445,34.125982992543],[-118.165958218102,34.1259770327816],[-118.165955233477,34.1259714591071],[-118.165952413572,34.1259658572588],[-118.165949627218,34.1259602274169],[-118.165947005532,34.1259545432571],[-118.165944516045,34.1259488309683],[-118.165942125099,34.1259430635507],[-118.16593986749,34.12593729595],[-118.165852376645,34.1257066502343],[-118.165821785389,34.1256260971361],[-118.165795328599,34.1255563982021],[-118.165794116807,34.1255532066413],[-118.165944460876,34.1255049126613],[-118.166041212288,34.1254738662929],[-118.166620922861,34.1252877786785],[-118.16679272941,34.1252326393811],[-118.16702869487,34.1251568851376],[-118.167604208519,34.1249721454895],[-118.167648726018,34.1249279529056],[-118.167861222044,34.1247169782944],[-118.167941122063,34.1246376191208],[-118.168032596963,34.1245467844426],[-118.168273879618,34.1243072193981],[-118.168276281848,34.1243023793397],[-118.168330479688,34.1241928291569],[-118.168377274323,34.1240982366475],[-118.168464236593,34.1239224891161],[-118.168464487066,34.1239219821065],[-118.168464632809,34.1239216843981],[-118.168465091652,34.1239207569847],[-118.168465755628,34.1239194163842],[-118.168466180546,34.1239188685626],[-118.168466025534,34.1239188705817],[-118.168065180008,34.1239278678476],[-118.168065074419,34.1239217186514],[-118.168064300198,34.1238768523326],[-118.168069237046,34.1238715543825],[-118.168067962026,34.1238175328112],[-118.168064108805,34.1236543971182],[-118.168060605635,34.1235057692774],[-118.168051397431,34.1231167110533],[-118.168045184928,34.1230956788591],[-118.167591724379,34.1214929302395],[-118.167530033275,34.1212728691213],[-118.167621179664,34.1213798680646],[-118.167829179616,34.120941868118],[-118.168090179657,34.1215108681871],[-118.168219180726,34.1214128680963],[-118.167854190269,34.1204998623552],[-118.168902180074,34.1199288674132],[-118.168956141361,34.1196402489057],[-118.169011409761,34.1193458416211],[-118.168932049806,34.1190242800324],[-118.168845349448,34.1186729826383],[-118.168858341936,34.1183499793254],[-118.168860954241,34.1182855658015],[-118.168868492618,34.1181511451281],[-118.168880005414,34.117912422597],[-118.168883343189,34.1178422743233],[-118.168937181059,34.1177839547771],[-118.169080519363,34.117639380475],[-118.169098896024,34.1176214179066],[-118.169117666774,34.1176032284997],[-118.169193345631,34.1175276779678],[-118.169388106246,34.1173268614214],[-118.1696732194,34.1170328824678],[-118.169825340405,34.1168760124949],[-118.169921248782,34.1167771194913],[-118.169922831168,34.1167754413206],[-118.170026647309,34.1166662317156],[-118.170130462153,34.1165570508723],[-118.170193392133,34.1164921566253],[-118.170247542192,34.1164363179699],[-118.170251524858,34.1164322094926],[-118.170257165557,34.1164279147672],[-118.170361838796,34.1163184566472],[-118.170466779843,34.1162102349592],[-118.170571191701,34.1161025629591],[-118.170676631962,34.1159938427391],[-118.170781560342,34.1158856550537],[-118.170886503604,34.1157774573392],[-118.171012410854,34.1156476066537],[-118.171079764511,34.115578182705],[-118.171117875932,34.1155388616721],[-118.171180066729,34.1154747396681],[-118.171222809665,34.1154306699896],[-118.171327751786,34.1153224718934],[-118.171337807694,34.1153120981465],[-118.171421170676,34.1152037682845],[-118.171513397999,34.11508396823],[-118.171605591455,34.1149641672517],[-118.171716270295,34.1148204060989],[-118.1718095604,34.1146991762836],[-118.17190178004,34.1145793434886],[-118.171933234445,34.1145384864433],[-118.1727037294,34.1137038495635],[-118.17288442739,34.1136140529657],[-118.174989180743,34.1132858667811],[-118.173288805181,34.1134130986697],[-118.173566538967,34.1132750805304],[-118.173650009871,34.1132336037968],[-118.173685615723,34.1132159105737],[-118.173713180095,34.1132028663737],[-118.175469180549,34.1131558669437],[-118.175480220625,34.113122621388],[-118.175480912126,34.1131226122702],[-118.17559936345,34.1127638220641],[-118.175643168921,34.1126319023081],[-118.175651734584,34.1126292032968],[-118.175696952295,34.1126149294406],[-118.175806177281,34.1125804511212],[-118.175926153681,34.1125426033577],[-118.176072772371,34.1124963080835],[-118.176199999166,34.1124561586945],[-118.176200477518,34.1124563301894],[-118.177404181375,34.1128868667779],[-118.178446180982,34.1120588659706],[-118.18045318174,34.1112498657968],[-118.180334181154,34.1111468659262],[-118.181178181383,34.1111078663613],[-118.182980181388,34.1114628662031],[-118.184449182297,34.1109558658662],[-118.18481118153,34.1103678653382],[-118.185099182096,34.1090148658443],[-118.185592878043,34.1083129961838],[-118.185616181526,34.1082798651935],[-118.18722618259,34.106833865599],[-118.192068605728,34.1034075021956],[-118.192205182542,34.1033108645057],[-118.193602182532,34.102898864235],[-118.196440183594,34.1030048639171],[-118.196011183482,34.1025978639475],[-118.197637183071,34.102505863817],[-118.199887926344,34.1015721422719],[-118.200115183916,34.1014778635636],[-118.200262126648,34.1013438725985],[-118.202649452818,34.0991669567564],[-118.202804183728,34.0990258636019],[-118.205336184709,34.0951668630134],[-118.205523183874,34.0952388631746],[-118.205914184081,34.0946498629382],[-118.206190183778,34.0938898624534],[-118.206390184139,34.0919498621735],[-118.207877616718,34.0896163935929],[-118.207960184436,34.0894868620102],[-118.208199327961,34.0892788997442],[-118.210767184917,34.0870458616632],[-118.211787184336,34.0865838618221],[-118.212777563005,34.0864239615819],[-118.212778184703,34.0864238613186],[-118.212727078641,34.0865377199819],[-118.212727053854,34.0865377732159],[-118.212010184936,34.0881348616944],[-118.211663372459,34.0886515041802],[-118.21142818486,34.0890018622735],[-118.211324154162,34.0893261184424],[-118.211207741563,34.0896889654596],[-118.211103184506,34.0900148622482],[-118.21110318497,34.0912118625502],[-118.211457184409,34.090839862393],[-118.211463859585,34.0909080803649],[-118.211598185314,34.0922808622292],[-118.211575366811,34.0926292140487],[-118.211561605354,34.0928393209841],[-118.211553185668,34.0929678624766],[-118.211282185357,34.0936728623316],[-118.211213500022,34.0937466068433],[-118.209680184889,34.0953928630078],[-118.208494185375,34.0971378631311],[-118.205842184851,34.0990318630254],[-118.205198366225,34.100038792582],[-118.205131184164,34.1001438637906],[-118.204998184881,34.1009458633889],[-118.205443737651,34.1049500746367],[-118.205462184588,34.1051158636981],[-118.205509184988,34.1054068638404],[-118.20570418495,34.1053898636444],[-118.206053185161,34.1058788644767],[-118.204049184802,34.1068658643236],[-118.20375318487,34.1071868644111],[-118.205331185352,34.1093968648132],[-118.207965186437,34.1125778648809],[-118.20796618608,34.1130908651794],[-118.208707213977,34.1139921658291],[-118.208752186059,34.1140468652068],[-118.210127186223,34.1149628652271],[-118.211329186425,34.115423864462],[-118.212070186636,34.1159238648867],[-118.213675187911,34.1162878647657],[-118.213670292419,34.1162944681245],[-118.213056187369,34.1171228652927],[-118.212890187054,34.1177148645669],[-118.213072187058,34.118835865284],[-118.213350187819,34.1193668647361],[-118.213751188197,34.1199438649179],[-118.214267187446,34.1203258651115],[-118.215736188546,34.1207428653452],[-118.216676188422,34.1208418650824],[-118.216015187946,34.1232278658092],[-118.209020186669,34.1218888655326],[-118.208304187027,34.1244738661652],[-118.204055186536,34.1236558656951],[-118.203592186091,34.1253328660061],[-118.200484185976,34.1247358660132],[-118.200794185444,34.1252278662338],[-118.200887185713,34.126159866519],[-118.200163186394,34.1272288669115],[-118.199671186158,34.1269288666079],[-118.198624185797,34.1271808667242],[-118.198204185682,34.1264498668297],[-118.194421185372,34.1265618670086],[-118.19442518539,34.1271038667245],[-118.194150184631,34.1276478673475],[-118.193826185603,34.1296208671099],[-118.192239184434,34.1299128679219],[-118.1922151542,34.1299374070594],[-118.191989973644,34.1301673588651],[-118.191807443865,34.1303537563047],[-118.191767185385,34.1303948678126],[-118.191331184511,34.1305628676535],[-118.191444184583,34.1310748677395],[-118.191196184874,34.1312338676088],[-118.191040151651,34.1312861507108],[-118.190850870816,34.1313495749473],[-118.190814185007,34.1313618675484],[-118.190735761085,34.1313250528682],[-118.190356185114,34.1311468675912],[-118.190101184742,34.1311898680592],[-118.190199184895,34.1314008679086],[-118.189258184877,34.1320888683552],[-118.189139184874,34.1318358675962]]]},"properties":{"name":"Highland Park"}},{"type":"Feature","geometry":{"type":"Polygon","coordinates":[[[-118.265753189248,34.0314738525215],[-118.263605189067,34.0304958529092],[-118.26351818919,34.030611852403],[-118.259260187685,34.0284798524928],[-118.259105187863,34.0285658521622],[-118.250457186237,34.0245488525983],[-118.254284186721,34.0203828517495],[-118.256527186219,34.0148858513815],[-118.256491184901,34.0039428498395],[-118.256493126822,34.0039428366973],[-118.281207189151,34.0037758487245],[-118.281124365326,34.011088855378],[-118.281124364368,34.011088892343],[-118.281124141496,34.0111085966767],[-118.281112190459,34.0121638496498],[-118.281253190625,34.013786849404],[-118.281082190577,34.0159238499567],[-118.280606190156,34.0176148503657],[-118.280341190211,34.0174978498822],[-118.279860105462,34.0184839255953],[-118.279858190358,34.0184878498843],[-118.279621190199,34.0184938506467],[-118.2776941902,34.0215438504514],[-118.275286813197,34.0259053792913],[-118.27476166432,34.0268568093652],[-118.27459219021,34.0271638511233],[-118.274485167475,34.0276574222847],[-118.274326785691,34.0283878472359],[-118.274270190233,34.0286488514418],[-118.274324970837,34.0296110665867],[-118.274516191299,34.0329698525643],[-118.274295191344,34.0354028528462],[-118.268274189568,34.0327648524935],[-118.268353189562,34.0326438521211],[-118.267561989773,34.0323339709401],[-118.265667189554,34.0315918527684],[-118.265753189248,34.0314738525215]]]},"properties":{"name":"Historic South-Central"}},{"type":"Feature","geometry":{"type":"Polygon","coordinates":[[[-118.317833207853,34.1521228626439],[-118.316632207189,34.1514218628555],[-118.311384206336,34.1520208635499],[-118.310327206679,34.1470378624008],[-118.309523205166,34.1411128618659],[-118.309421203338,34.1130128590749],[-118.307521202606,34.113412859171],[-118.307204202697,34.1107828585575],[-118.307359202324,34.1097258589249],[-118.307982202689,34.1085258587531],[-118.307659202026,34.1080868584508],[-118.309309203042,34.1076918586186],[-118.309294202379,34.1053858579991],[-118.309294872139,34.1053858517771],[-118.326497205831,34.1051998567194],[-118.326795519781,34.1052494776362],[-118.328018205975,34.1054528568427],[-118.329387205545,34.1052538570463],[-118.337483207554,34.1051778563326],[-118.337697206855,34.1045718565342],[-118.338380207586,34.1041408560928],[-118.344284208824,34.1041198560489],[-118.345885208692,34.1036948560069],[-118.346179208635,34.1047278560845],[-118.344628208797,34.1057398562046],[-118.345384208793,34.1070288567082],[-118.34560520862,34.1077028567535],[-118.345610208363,34.1084168561083],[-118.346195209107,34.1113128566844],[-118.346173024481,34.1113570981439],[-118.346129258232,34.1114443784792],[-118.346021209085,34.1116598563063],[-118.345628214887,34.1118737773816],[-118.345209208771,34.1121018570607],[-118.344427129706,34.1129031170189],[-118.344027108214,34.1133129491861],[-118.343945208547,34.1133968573509],[-118.343925835755,34.113593078336],[-118.343911530274,34.113737956918],[-118.343906208921,34.1137918567944],[-118.34434620949,34.1150028571623],[-118.344481269269,34.1151145177135],[-118.34459426583,34.1152079371653],[-118.344675209171,34.1152748571628],[-118.344989643886,34.1153082850196],[-118.345578209176,34.1153708567512],[-118.34720620923,34.115870857177],[-118.347884209729,34.1163538575004],[-118.348065209753,34.1171188576477],[-118.348541026177,34.1177219493557],[-118.348551210608,34.1177348570117],[-118.348543391629,34.117823672647],[-118.348460031675,34.1187706474123],[-118.348451210715,34.1188708577293],[-118.348439600947,34.1188751635758],[-118.348037622227,34.1190242709385],[-118.347990210001,34.1190418575746],[-118.347958734844,34.1189903055661],[-118.347435210089,34.1181328570846],[-118.346948210196,34.1182818572177],[-118.347138210256,34.1185158576796],[-118.34745320995,34.119973857944],[-118.34751070639,34.1200353765665],[-118.347626654429,34.1201594360285],[-118.347696209918,34.1202338578077],[-118.347780167885,34.1202359665468],[-118.349010210866,34.1202668576329],[-118.350231210741,34.1199928578182],[-118.351101210587,34.1200688572923],[-118.353093211274,34.1195638568981],[-118.353126152874,34.1195932651967],[-118.354827211465,34.1211118569758],[-118.355851212171,34.1212858574166],[-118.356745211964,34.121963857691],[-118.358052212196,34.1221388574412],[-118.359330211931,34.1228898572072],[-118.35933017172,34.1229037040103],[-118.359329212578,34.1232318576663],[-118.358186212759,34.1235388577788],[-118.357984211675,34.1237818574929],[-118.358013834573,34.1238128934598],[-118.359158212905,34.1250118572832],[-118.359416212401,34.1257338577187],[-118.360636217403,34.1262714038326],[-118.360662212796,34.1262828578096],[-118.36064988526,34.1263266794731],[-118.360414114699,34.1271648002333],[-118.360367630772,34.1273300433603],[-118.360361212736,34.1273528578233],[-118.359925213113,34.1276338574397],[-118.359715152523,34.1282880167545],[-118.35970621259,34.1283158575365],[-118.359776589797,34.1283849319931],[-118.359843770715,34.1284508677623],[-118.359868212938,34.1284748578814],[-118.360499213047,34.1285658573914],[-118.361065213276,34.1293638580804],[-118.362457213206,34.1292178578668],[-118.362820213224,34.129600858199],[-118.363271213168,34.1297898574849],[-118.363000213953,34.1299478580004],[-118.362340213247,34.1294808575651],[-118.360889212749,34.1299668583555],[-118.360862415565,34.1299929476645],[-118.360455638678,34.1303889727128],[-118.360435212934,34.1304088583917],[-118.360455960346,34.1304185655643],[-118.360564138324,34.1304691805918],[-118.360653213645,34.1305108578989],[-118.360673320939,34.130496822297],[-118.361110212756,34.1301918581207],[-118.361877213752,34.1302118574661],[-118.361895897568,34.1302386934381],[-118.362120213286,34.1305608579798],[-118.362555214073,34.1307198578916],[-118.362987213229,34.1311928575516],[-118.363302811401,34.1317214138444],[-118.363416216917,34.1319113438821],[-118.363439214127,34.1319498577677],[-118.36340356871,34.1319595671948],[-118.363246724665,34.1320022900044],[-118.363171213842,34.1320228582501],[-118.363154646186,34.1320019301889],[-118.362791214051,34.1315428578047],[-118.362744400589,34.1315279696968],[-118.361549213107,34.1311478577691],[-118.361283213907,34.1313768579399],[-118.361210213418,34.1318448577616],[-118.360819213499,34.1320008579848],[-118.360638213187,34.1324058586224],[-118.360121212877,34.1325838584727],[-118.360053213806,34.1330078585607],[-118.359289212781,34.1330918587402],[-118.358718212756,34.1327548584374],[-118.35806821353,34.1332418586968],[-118.357743212397,34.132878858409],[-118.357243213323,34.1328848583357],[-118.35667821264,34.1325828580595],[-118.356433212784,34.132123857981],[-118.355895212253,34.1328768586865],[-118.352872211775,34.1321018587349],[-118.352528212556,34.1331108584797],[-118.351951212418,34.1340608587244],[-118.352148211828,34.1341638587956],[-118.352123276916,34.1341730784125],[-118.352107306076,34.1341717924647],[-118.352089669215,34.1341734188196],[-118.352089271779,34.1341735263584],[-118.352072571901,34.1341780466152],[-118.352056522022,34.1341855373392],[-118.352041995677,34.1341956696307],[-118.352030002865,34.1342075660596],[-118.352029211572,34.1342078586585],[-118.352028627751,34.1342077305376],[-118.35200978159,34.134197923523],[-118.351836780239,34.1341657501314],[-118.351604258793,34.134114865169],[-118.351613468732,34.1340999071489],[-118.35162009014,34.1340835114963],[-118.351623874935,34.1340662387869],[-118.351624715671,34.1340485770641],[-118.351622589504,34.1340310231405],[-118.351617555978,34.1340140717857],[-118.35160975697,34.1339982031052],[-118.351599412271,34.1339838618176],[-118.351586814146,34.1339714545662],[-118.35157231642,34.1339613310186],[-118.351556330099,34.1339537748639],[-118.351466772061,34.1339102747603],[-118.351379897491,34.1338616343487],[-118.351316560852,34.1338211555858],[-118.350733299653,34.1332256226563],[-118.350714893502,34.1332061289692],[-118.350708391851,34.1332001895849],[-118.350701212187,34.1331928583936],[-118.350697157085,34.1331899275467],[-118.350644599793,34.1331419217954],[-118.350569757914,34.1330830801876],[-118.350490775761,34.1330299248028],[-118.350378509876,34.1329595978377],[-118.349801685301,34.1325426467858],[-118.349799853781,34.1325409968669],[-118.349795521842,34.1325366649036],[-118.34952413834,34.1322282755744],[-118.349477034357,34.1321636481713],[-118.349430900624,34.132098471615],[-118.349382352433,34.132035073537],[-118.349042458074,34.1316082922804],[-118.349029368553,34.1315914857902],[-118.348788335351,34.1313921362436],[-118.348787211197,34.1313908584056],[-118.348787069061,34.1313910905103],[-118.34841684567,34.1319930152941],[-118.348522792161,34.1321925090343],[-118.348562663394,34.132267601951],[-118.348669210963,34.1324688590391],[-118.348465340896,34.1328895921549],[-118.348339595421,34.1329225180421],[-118.348055916112,34.1329967859858],[-118.347962555446,34.133021229441],[-118.347474211099,34.1331488590698],[-118.347474386399,34.1331490397745],[-118.347473735532,34.1331492102326],[-118.347588196499,34.1332666550272],[-118.347751397773,34.1334340415984],[-118.34778617785,34.1334698244469],[-118.34778613259,34.1334698903892],[-118.346729240813,34.1338946413721],[-118.346726180696,34.1338955390635],[-118.34672637324,34.1339121610197],[-118.346729211717,34.1341978593441],[-118.346614307023,34.1342774861231],[-118.346501132344,34.1343555202296],[-118.34650121505,34.1343558562652],[-118.346576211524,34.1346508589323],[-118.345876589898,34.1346817101062],[-118.345872932406,34.1346815700149],[-118.34586695461,34.1346913435341],[-118.345588211028,34.1351138591469],[-118.344225211414,34.1360658594418],[-118.344432136975,34.1367915730238],[-118.344435938225,34.1368055287782],[-118.344337019372,34.1370677120086],[-118.344282591125,34.1372119107423],[-118.34422325974,34.137369231737],[-118.344173635082,34.1375007564825],[-118.344040210819,34.1378538601773],[-118.343243217475,34.1382183996382],[-118.343242353271,34.1382186437035],[-118.343242406916,34.1382187697661],[-118.343242211041,34.1382188595743],[-118.343951521368,34.1398792088769],[-118.344903650973,34.1421086861246],[-118.344936269797,34.1421850630986],[-118.345013136061,34.1423650435622],[-118.345017597732,34.1423755238001],[-118.345028917427,34.1424020263871],[-118.344977283946,34.1424310769653],[-118.34089521086,34.1447278602838],[-118.340913211117,34.1454598607596],[-118.340004210478,34.1455948606549],[-118.33987640131,34.1455559157938],[-118.339593977983,34.1454697347165],[-118.339445830312,34.1454245357823],[-118.339152778295,34.1453353931263],[-118.339112387789,34.1453231103167],[-118.338816210273,34.1452328604148],[-118.336649211042,34.1464988609864],[-118.331046978626,34.1483206602397],[-118.331040303035,34.1483227637691],[-118.331040244824,34.1483228504759],[-118.331040210168,34.1483228613892],[-118.330921476975,34.1484994158186],[-118.330863078247,34.1485862555475],[-118.330814687614,34.1486582114664],[-118.330766296901,34.1487301682676],[-118.330651358247,34.1489010810602],[-118.33052433646,34.1490899006121],[-118.33034779001,34.1493524494744],[-118.330282402222,34.1494496558374],[-118.330241788607,34.1495100551379],[-118.330185601462,34.1495935519149],[-118.330079138238,34.1497518916442],[-118.3293411316,34.1500596373271],[-118.329127098361,34.1501488176249],[-118.329087639159,34.1501653428912],[-118.329067209516,34.1501738621084],[-118.329067148536,34.1501737973638],[-118.328738209681,34.1498278617293],[-118.323063208843,34.1524878622293],[-118.317833207853,34.1521228626439]]]},"properties":{"name":"Hollywood Hills"}},{"type":"Feature","geometry":{"type":"Polygon","coordinates":[[[-118.369558669237,34.1292232463529],[-118.369523214777,34.1292048570315],[-118.36758195132,34.1293956117016],[-118.367508214216,34.1294028570787],[-118.366801213588,34.1289448570855],[-118.365490213523,34.1289168571762],[-118.363332213241,34.1282408573487],[-118.36154521286,34.1282288575662],[-118.361503520688,34.1282137517226],[-118.361235781467,34.1281167445757],[-118.360855212499,34.1279788573303],[-118.360810883302,34.1279198696611],[-118.360367630772,34.1273300433603],[-118.360353213312,34.1273108574909],[-118.360414114699,34.1271648002333],[-118.360692212906,34.1264978575561],[-118.36064988526,34.1263266794731],[-118.360636217403,34.1262714038326],[-118.360624213363,34.1262228576977],[-118.359416212401,34.1257338577187],[-118.359158212905,34.1250118572832],[-118.357991212002,34.1238488578068],[-118.358013834573,34.1238128934598],[-118.358186212759,34.1235388577788],[-118.359329212578,34.1232318576663],[-118.359377212375,34.1229318570371],[-118.35933017172,34.1229037040103],[-118.358052212196,34.1221388574412],[-118.356745211964,34.121963857691],[-118.355851212171,34.1212858574166],[-118.354827211465,34.1211118569758],[-118.353166211591,34.119583856925],[-118.353126152874,34.1195932651967],[-118.351101210587,34.1200688572923],[-118.350231210741,34.1199928578182],[-118.349010210866,34.1202668576329],[-118.347868210736,34.120279857734],[-118.347780167885,34.1202359665468],[-118.347626654429,34.1201594360285],[-118.347529210473,34.1201108575723],[-118.34751070639,34.1200353765665],[-118.347138210256,34.1185158576796],[-118.346948210196,34.1182818572177],[-118.347435210089,34.1181328570846],[-118.347846210269,34.1189418573348],[-118.347958734844,34.1189903055661],[-118.348037622227,34.1190242709385],[-118.348134210111,34.1190658573376],[-118.348433210643,34.1189078572353],[-118.348439600947,34.1188751635758],[-118.348460031675,34.1187706474123],[-118.348554209747,34.1182888569611],[-118.348543391629,34.117823672647],[-118.348541026177,34.1177219493557],[-118.348540209996,34.1176868576559],[-118.348065209753,34.1171188576477],[-118.347884209729,34.1163538575004],[-118.34720620923,34.115870857177],[-118.344989643886,34.1153082850196],[-118.34459426583,34.1152079371653],[-118.344511209271,34.1151868571687],[-118.344481269269,34.1151145177135],[-118.343911530274,34.113737956918],[-118.343891208955,34.1136888567593],[-118.343925835755,34.113593078336],[-118.344027108214,34.1133129491861],[-118.34406220946,34.1132158567387],[-118.344427129706,34.1129031170189],[-118.345628214887,34.1118737773816],[-118.346129258232,34.1114443784792],[-118.346181209153,34.1113998570312],[-118.346173024481,34.1113570981439],[-118.345610208363,34.1084168561083],[-118.34560520862,34.1077028567535],[-118.345384208793,34.1070288567082],[-118.344628208797,34.1057398562046],[-118.346179208635,34.1047278560845],[-118.345885208692,34.1036948560069],[-118.346765208581,34.1034288558855],[-118.35395621007,34.103472855003],[-118.35395021009,34.1016588547999],[-118.359635210441,34.1016908549135],[-118.361579210979,34.1013148551655],[-118.361553217991,34.0945418799536],[-118.361553296017,34.0945418806216],[-118.361554624901,34.094573536743],[-118.361664211155,34.09718285454],[-118.361675212082,34.0971827026085],[-118.361675217186,34.0971871399478],[-118.361707015861,34.0971866534935],[-118.361720205153,34.0971823353251],[-118.362292000823,34.0971744358545],[-118.362299332609,34.0971743354369],[-118.362919581352,34.0971657963636],[-118.363017748789,34.0971646945915],[-118.363121685563,34.0971630462002],[-118.363234875276,34.0971614970198],[-118.363580157874,34.0971566657674],[-118.363745302678,34.0971543557313],[-118.363811326614,34.0971534420335],[-118.364023339143,34.0971504955464],[-118.364373906481,34.0971455920116],[-118.364393558342,34.0971451631173],[-118.366733211914,34.0971128541121],[-118.366733162231,34.0971020196151],[-118.366733271669,34.0971020165784],[-118.366742519838,34.0971017685334],[-118.36674111112,34.0968934830616],[-118.367067536734,34.0968879940736],[-118.367353212013,34.0968838541927],[-118.367354212008,34.0971028538455],[-118.3681802116,34.0970918535582],[-118.368184779799,34.0972118231367],[-118.368185392354,34.0973091050178],[-118.368186007158,34.097486396327],[-118.36818600659,34.0974936509815],[-118.368185966727,34.0975286541038],[-118.368185965965,34.0975314344403],[-118.368186889909,34.0977166664314],[-118.368187065797,34.097767689175],[-118.368187178432,34.0978001621255],[-118.368187372361,34.0978478987189],[-118.368187945113,34.0979851178263],[-118.368214198954,34.0979846699964],[-118.368214211684,34.0979848538707],[-118.368752211409,34.0979768537335],[-118.369921180363,34.0971692202804],[-118.369999131136,34.097115363703],[-118.370017792065,34.0971060252536],[-118.370668690882,34.0968266566881],[-118.370669849392,34.0968261798281],[-118.370817919848,34.0967651892074],[-118.371064459548,34.0966636001239],[-118.371281713799,34.0965740792269],[-118.371336082207,34.096551681193],[-118.371430743763,34.0965104632404],[-118.371523609577,34.0964653434816],[-118.371551159509,34.0964511073688],[-118.371580267012,34.0964354835048],[-118.371580988105,34.0964350963317],[-118.371586212299,34.0964328534736],[-118.371589502466,34.0964304425669],[-118.37159049049,34.0964298895919],[-118.371607209105,34.0964205433464],[-118.371651382134,34.0963952276048],[-118.37174392586,34.0963379217146],[-118.371833652207,34.0962762970548],[-118.37191495095,34.0962149750409],[-118.371986812815,34.0961553291305],[-118.371993308211,34.0961499377864],[-118.372068556643,34.0960813255504],[-118.372077480598,34.0960727812671],[-118.372611625176,34.0956812834522],[-118.372613191397,34.0956806259106],[-118.372701827932,34.095659987753],[-118.376589212553,34.0947548533242],[-118.376608625977,34.094742041499],[-118.376608896623,34.0947419820557],[-118.376627856804,34.0947293510456],[-118.379300763934,34.0929654289082],[-118.379320063586,34.0929549519792],[-118.381144842221,34.0921307017103],[-118.381193214285,34.0921091286236],[-118.38119329783,34.0921602634445],[-118.381193297086,34.0921807823912],[-118.381193292551,34.0921871571619],[-118.381193309278,34.0922198296515],[-118.381193317135,34.0922431866044],[-118.381193454968,34.0926357218732],[-118.381193486462,34.09277314371],[-118.381193588221,34.0931216300818],[-118.381193581515,34.0931272908436],[-118.381193599277,34.0932108261537],[-118.381193653704,34.093251769211],[-118.381193637025,34.0933277488622],[-118.381195213727,34.0933277511],[-118.381195213108,34.0933278529754],[-118.383381213907,34.0933318529927],[-118.383382213633,34.0937288526802],[-118.38338241302,34.0937288520475],[-118.383382413169,34.0937288845022],[-118.383927164525,34.0937279237233],[-118.384392447476,34.0937270763079],[-118.384392425741,34.0937223478234],[-118.384469621012,34.0935650979931],[-118.384474315382,34.0935651064948],[-118.384556850695,34.0935653072151],[-118.384967377391,34.0935660887325],[-118.384970877245,34.0935660225874],[-118.38497836642,34.0935658166144],[-118.384985724362,34.0935644093123],[-118.384990268006,34.0935627486305],[-118.385050214389,34.0935628524027],[-118.385048214363,34.0932068523197],[-118.385542213874,34.0932078526568],[-118.385540216736,34.0927683144872],[-118.38554067185,34.0927683121334],[-118.385718214838,34.0929468526199],[-118.385953214553,34.0927728522739],[-118.385965553365,34.0925569762388],[-118.385976256553,34.0925382369876],[-118.385992763925,34.09251697653],[-118.386012101507,34.0924982520626],[-118.386033881998,34.0924824362541],[-118.386059646625,34.0924684225021],[-118.386059492398,34.0924422910865],[-118.386058889179,34.0923186654488],[-118.386058880551,34.0923167965933],[-118.386058812779,34.092303524404],[-118.386058262899,34.0921973207702],[-118.386058252115,34.0921949849262],[-118.386057892101,34.0921313178359],[-118.386057632812,34.0920751511993],[-118.386057615308,34.092071359397],[-118.386057010885,34.0919477067188],[-118.386056275349,34.0918240544601],[-118.386056004351,34.0917533794509],[-118.386055803125,34.0917004004591],[-118.386055350083,34.0916076609507],[-118.386055199666,34.0915767207334],[-118.38605484828,34.0915149215985],[-118.386054753267,34.091494339847],[-118.386054562993,34.0914531222526],[-118.386053925947,34.0913294426353],[-118.386053640532,34.0912676153426],[-118.386053355122,34.0912057889515],[-118.386053158404,34.0911704520941],[-118.386052718204,34.0910821363811],[-118.386052384898,34.0910409192443],[-118.386127769088,34.0910413373667],[-118.386200169072,34.0910417658827],[-118.386292914826,34.0910421833974],[-118.386435502353,34.0910431013566],[-118.386491090733,34.0910434184879],[-118.386573709466,34.0910439168655],[-118.386656236987,34.0910443740077],[-118.38685441348,34.0910454985132],[-118.387019593713,34.0910465354672],[-118.387085718371,34.0910469285607],[-118.387184706517,34.0910475183194],[-118.38723435019,34.0910478262119],[-118.387349854122,34.0910485269789],[-118.387382982137,34.091048750726],[-118.387530821601,34.0910495955595],[-118.387749102575,34.091048675239],[-118.388274840227,34.0910468768246],[-118.388359767286,34.0910453227813],[-118.395856216316,34.0910598460704],[-118.395863737585,34.0914851633225],[-118.395863926266,34.0915300591885],[-118.39586478463,34.0917743437377],[-118.395866775025,34.0922225168289],[-118.395866595402,34.0922475233174],[-118.395866646369,34.0922722540818],[-118.395868430673,34.0927119101455],[-118.395868494684,34.0927320709824],[-118.395868545584,34.0927428234339],[-118.395868569176,34.0927482650271],[-118.395868594931,34.0927537057117],[-118.39586908843,34.0928787876891],[-118.395869095454,34.0928802715942],[-118.395869098015,34.0928837884772],[-118.395869104699,34.0928884052205],[-118.395869155566,34.0929025844101],[-118.395869207853,34.0929108828765],[-118.39587076111,34.0933227859249],[-118.395870925117,34.0933713953011],[-118.395870996267,34.0933864254743],[-118.395872611074,34.0938113266727],[-118.395873757804,34.0941023233804],[-118.395874558032,34.0942784610424],[-118.395874621426,34.0943477069071],[-118.395924207929,34.0949042897443],[-118.395926216124,34.0950178523508],[-118.396166216152,34.0951678520545],[-118.396207006884,34.0951565473679],[-118.396209144306,34.0951628159507],[-118.396331658558,34.0951220749099],[-118.3963330662,34.0951216105091],[-118.396493552506,34.0950771331867],[-118.396516228002,34.0950775690424],[-118.396518216281,34.096186852059],[-118.395424215837,34.0961778518948],[-118.39256921557,34.0985038529183],[-118.392601215751,34.0986708522385],[-118.39209621569,34.0990588524786],[-118.392100514107,34.0997844108865],[-118.392099357206,34.100044063308],[-118.392094843445,34.1010570446831],[-118.392092004774,34.1016280651618],[-118.392090033757,34.1020954593833],[-118.39208872044,34.1023647569645],[-118.392085556369,34.103021484851],[-118.392084417665,34.1033069941966],[-118.392083249879,34.1035158099659],[-118.392079266153,34.1043631685392],[-118.39207923085,34.1043706631232],[-118.392077219315,34.1047644984819],[-118.392077181227,34.1047718614509],[-118.392076025321,34.1050183505822],[-118.39207582711,34.1050819374688],[-118.39207577281,34.1050913902511],[-118.39208399891,34.105091418554],[-118.39208422747,34.1050980954903],[-118.392084029965,34.1050980411374],[-118.392086733581,34.1051885474924],[-118.392088023425,34.1052329511732],[-118.392090575178,34.1053245831384],[-118.392092710593,34.105399538938],[-118.392092840836,34.1054060503107],[-118.392106302589,34.1058816661072],[-118.392112113199,34.1060853484417],[-118.392112316261,34.1060932894146],[-118.39211931969,34.106093266689],[-118.392123885051,34.1060947349015],[-118.392128414166,34.106095407175],[-118.392132942586,34.106096162392],[-118.39213743983,34.106096971802],[-118.39213790847,34.1060970649425],[-118.392139215983,34.1063178532126],[-118.391214216623,34.1073738537138],[-118.390586545937,34.1092068932192],[-118.390585975977,34.1092078515912],[-118.390580411554,34.1092171382696],[-118.390578109012,34.1092209844526],[-118.390658021024,34.1096448385168],[-118.390658021778,34.1096449998893],[-118.390663605499,34.1096495814763],[-118.390663692542,34.1096496533178],[-118.390667335766,34.1096703849863],[-118.390721048147,34.1099760818299],[-118.390760007404,34.110197353318],[-118.390763945299,34.1102199006268],[-118.390794577577,34.1103938855095],[-118.390803821189,34.1104463899354],[-118.390804702453,34.1104512779194],[-118.390851402084,34.1107168483795],[-118.39085225107,34.1107217860522],[-118.390894405225,34.1109611509202],[-118.391152216732,34.112427854582],[-118.391152535394,34.1124278544521],[-118.391267608935,34.1124286990118],[-118.391281546083,34.1124288170653],[-118.391284689442,34.1124288366385],[-118.391595227892,34.1124311322033],[-118.391616217423,34.1129418539243],[-118.390907216428,34.1132408539903],[-118.390489216558,34.1132478543759],[-118.389726059243,34.1136911943467],[-118.389692217174,34.1137108541933],[-118.38924821652,34.1134778541124],[-118.389394216099,34.1131328544836],[-118.389217216615,34.1130088539988],[-118.388743216314,34.1131228544256],[-118.388301216428,34.113607854934],[-118.387489216599,34.1137448550204],[-118.387560216369,34.1139358548973],[-118.388484217009,34.1139188548514],[-118.390006217305,34.1145578542506],[-118.390553216972,34.115073854505],[-118.39148021767,34.1165338549335],[-118.391732216908,34.1170878547107],[-118.391392217263,34.1171488543615],[-118.391020217557,34.1169928549065],[-118.390292217526,34.1171648547202],[-118.390444217539,34.1177978544454],[-118.389555217095,34.1183858545835],[-118.389291216791,34.1189328550761],[-118.390799216919,34.1193558548075],[-118.391066217417,34.1198158548007],[-118.390973217658,34.1201668551765],[-118.391760217641,34.120743854967],[-118.391198217761,34.1212348553547],[-118.390356845277,34.1215056953912],[-118.390294217906,34.1215258549606],[-118.390224276864,34.1215016870236],[-118.388957217183,34.1210638552775],[-118.388696217438,34.1210938551435],[-118.388615217352,34.1213868553116],[-118.388372217099,34.1215418550258],[-118.386725217348,34.1219008557912],[-118.386709648496,34.1218881299341],[-118.386626366962,34.1218200545056],[-118.386369216481,34.1216098551162],[-118.386217219839,34.1215909010916],[-118.386083076248,34.121574173439],[-118.385952216963,34.1215578552658],[-118.385564216241,34.1216868557788],[-118.385004216326,34.1221668554734],[-118.38338821657,34.1221048558702],[-118.383358820409,34.1221233007861],[-118.382580216349,34.1226118554992],[-118.381641215661,34.1223738561448],[-118.3815837178,34.1224048161341],[-118.381516760188,34.1224408707874],[-118.381342215949,34.1225348559375],[-118.381116215528,34.1229558559529],[-118.380777216313,34.1230808559072],[-118.379727215589,34.1225768559129],[-118.378774215889,34.1225668560407],[-118.378076214922,34.1222138561039],[-118.377365214936,34.1223108557027],[-118.376079214984,34.1218918561638],[-118.375876459553,34.1219088533774],[-118.375796792264,34.12191553267],[-118.375745215104,34.1219198563206],[-118.375536215244,34.1222048566556],[-118.375811214779,34.1227008564148],[-118.375819214593,34.1230798562179],[-118.375573215118,34.1234118560404],[-118.374760214983,34.1239028561599],[-118.374734214955,34.1247938563104],[-118.374209215277,34.1256128569069],[-118.373979214932,34.1266328571409],[-118.373354215212,34.1268538571682],[-118.372490214895,34.1263858570846],[-118.371596214538,34.1265268567135],[-118.371336214149,34.1267838569648],[-118.372004215123,34.1281918574881],[-118.371872215247,34.1288468572573],[-118.372593215635,34.1293558574368],[-118.372990215603,34.1302528568772],[-118.373508967689,34.1306200743493],[-118.373548215584,34.1306478574117],[-118.373505215745,34.1309328576755],[-118.373448279642,34.1309374556291],[-118.372242215131,34.1310348570969],[-118.370999214467,34.1300278574366],[-118.370028214505,34.1298428572562],[-118.369791214747,34.1293438575436],[-118.369615051516,34.1292524892717],[-118.369558669237,34.1292232463529]]]},"properties":{"name":"Hollywood Hills West"}},{"type":"Feature","geometry":{"type":"Polygon","coordinates":[[[-118.328018205975,34.1054528568427],[-118.326875205159,34.105248857321],[-118.326795519781,34.1052494776362],[-118.309294872139,34.1053858517771],[-118.309294202379,34.1053858579991],[-118.309271351782,34.1017378585635],[-118.309157200801,34.0835138558109],[-118.309192113287,34.0835137772804],[-118.326612638153,34.0834748485901],[-118.344061102182,34.0834358570086],[-118.344062206263,34.0834358538641],[-118.344071204154,34.0888962894936],[-118.343404784864,34.0888994116444],[-118.343399207748,34.088899426595],[-118.34340015199,34.0889818691968],[-118.343394207328,34.0943328552115],[-118.343409489379,34.0943329614318],[-118.343407285981,34.0943727253521],[-118.343405749679,34.0944097458109],[-118.343999368072,34.0944088027299],[-118.344098284786,34.0944256763554],[-118.344198332973,34.0944423113762],[-118.34426430589,34.0944423821565],[-118.344264029422,34.0944426119339],[-118.344285466956,34.0944427978701],[-118.344285229002,34.0944431699802],[-118.344628892448,34.0944455421288],[-118.344635428141,34.0944455902002],[-118.345073046892,34.0944489029106],[-118.345079614041,34.0944489580804],[-118.345293930168,34.0944506365873],[-118.345728680355,34.0944539001274],[-118.346163067443,34.094457135196],[-118.346272079994,34.0944580561209],[-118.346320459862,34.0944583880584],[-118.346568355929,34.0944602601458],[-118.347055130806,34.094463946657],[-118.347170706689,34.0944647803032],[-118.34726975319,34.0944655026786],[-118.347286048528,34.0944656190193],[-118.347772491874,34.0944693035934],[-118.347937644346,34.0944705500435],[-118.348218430321,34.0944726675119],[-118.348334095085,34.0944732392457],[-118.348433137429,34.0944739985439],[-118.348449994128,34.0944741212225],[-118.348750231497,34.0944764581274],[-118.348945115094,34.0944779752886],[-118.349136328244,34.0944794612713],[-118.349434301823,34.0944817768734],[-118.349550100973,34.0944826048934],[-118.349649037512,34.0944834518515],[-118.349929832533,34.0944856347348],[-118.350088414739,34.0944868413787],[-118.350101606421,34.094486936582],[-118.350121445486,34.0944870954622],[-118.350550813924,34.09449042937],[-118.350643378022,34.0944911344308],[-118.350725940899,34.0944917900191],[-118.351178694173,34.0944952837032],[-118.351195209622,34.094495427726],[-118.351211724958,34.0944955447008],[-118.351657674963,34.0944990013721],[-118.351740297307,34.0944996209344],[-118.35182282879,34.0945002794708],[-118.352272048295,34.0945037514003],[-118.352704983199,34.0945070771717],[-118.352830494536,34.0945082622572],[-118.352830387173,34.0944807612612],[-118.352972424667,34.094482068328],[-118.353058253866,34.0944822538993],[-118.353127832505,34.0944826654098],[-118.353458138067,34.0944849820678],[-118.353623262141,34.094486140593],[-118.353920671597,34.0944882628693],[-118.354052620952,34.094489204246],[-118.354217774445,34.0944903961309],[-118.354283538765,34.0944908352873],[-118.35439118658,34.0944916185601],[-118.354448990269,34.0944920268838],[-118.354455445808,34.0944920809699],[-118.354498536282,34.0944923755657],[-118.354556339968,34.0944927829365],[-118.354713037387,34.0944938898728],[-118.354878158271,34.0944950530032],[-118.355010450935,34.094495939135],[-118.355142437311,34.0944969152741],[-118.355287739704,34.0944979161223],[-118.355452893236,34.0944991072204],[-118.355618014144,34.0945002702412],[-118.355783167563,34.094501432039],[-118.355928634688,34.094502432533],[-118.356044284338,34.0945032430495],[-118.356541888328,34.0945067782918],[-118.356742118314,34.0945081517037],[-118.357088896193,34.0945106018262],[-118.358178597026,34.0945182542575],[-118.358723830118,34.0945220936824],[-118.358740345466,34.0945222087266],[-118.359170514003,34.0945252229401],[-118.359269106529,34.0945259124874],[-118.360359845901,34.0945330427088],[-118.361553217991,34.0945418799536],[-118.361553296017,34.0945418806216],[-118.361553453152,34.0945418819544],[-118.361554509731,34.094541886005],[-118.361554624901,34.094573536743],[-118.361579210979,34.1013148551655],[-118.359635210441,34.1016908549135],[-118.35395021009,34.1016588547999],[-118.35395621007,34.103472855003],[-118.346765208581,34.1034288558855],[-118.344284208824,34.1041198560489],[-118.338380207586,34.1041408560928],[-118.337697206855,34.1045718565342],[-118.337483207554,34.1051778563326],[-118.329387205545,34.1052538570463],[-118.328018205975,34.1054528568427]]]},"properties":{"name":"Hollywood"}},{"type":"Feature","geometry":{"type":"Polygon","coordinates":[[[-118.317611193948,33.9891038445592],[-118.317657194851,33.9888178451627],[-118.317738314723,33.9745898014552],[-118.317759193078,33.9709278425511],[-118.317759703805,33.9709278421074],[-118.321852194043,33.9709218422443],[-118.321898402413,33.9708028796034],[-118.322047788795,33.9708025187936],[-118.322173774018,33.9708019624548],[-118.322178233099,33.9708019505471],[-118.322178985116,33.9708019485389],[-118.322327486384,33.9708015888448],[-118.322374193311,33.9709208425253],[-118.326483194928,33.970913842694],[-118.32648349709,33.9707912287038],[-118.326582519815,33.9707909606947],[-118.326582742283,33.9707031657221],[-118.326582845569,33.9706619475978],[-118.326583052143,33.9705795113493],[-118.326583200318,33.9705245538224],[-118.32658336092,33.9704558569806],[-118.326583555065,33.9703871600484],[-118.326583877347,33.9702497654622],[-118.326584234438,33.9701132506741],[-118.326584268081,33.9701049520212],[-118.326584194903,33.9700034979068],[-118.326584739186,33.9699210914001],[-118.326584990643,33.9698249157539],[-118.326585151243,33.9697562189156],[-118.326585311842,33.9696875220777],[-118.326585505984,33.9696188251494],[-118.326585666474,33.9695501003651],[-118.326585828154,33.9694814035253],[-118.326586021213,33.9694127066009],[-118.326586182784,33.9693439818147],[-118.326586375947,33.9692753119366],[-118.3265866124,33.9691752895174],[-118.32658713299,33.9689788713975],[-118.326587158419,33.9689690212387],[-118.326588018803,33.9686308243759],[-118.326588845055,33.9682924779603],[-118.326588869784,33.9682824483999],[-118.32658881337,33.9681686460314],[-118.32658946556,33.9680548137984],[-118.326589491759,33.9680454387431],[-118.326590334861,33.9677108615827],[-118.326591043126,33.9674357711828],[-118.326591061982,33.9674236807471],[-118.326591313869,33.9672715698473],[-118.333042194962,33.9672538419948],[-118.333036195488,33.9727008417851],[-118.335224066394,33.9726958427825],[-118.335224070411,33.972739828325],[-118.335198196545,33.9817628430182],[-118.357650622177,33.9816753695267],[-118.357730089589,33.9816751005954],[-118.357920609748,33.9816744256142],[-118.357986282663,33.9816742028415],[-118.35840172834,33.9816734374461],[-118.358534087144,33.981673255184],[-118.358543987302,33.9816733186237],[-118.358556348754,33.9816734730153],[-118.358556749624,33.9816778766965],[-118.358622200844,33.9823968420793],[-118.358474200444,33.9830468419153],[-118.356419151099,33.9830528873207],[-118.356291987792,33.9830525191114],[-118.356113093307,33.9830520329945],[-118.355918815042,33.9830515045424],[-118.355852283241,33.9830515637396],[-118.355505042844,33.9830519282815],[-118.355373039071,33.9830541679663],[-118.355221708129,33.983056410314],[-118.352695199975,33.9830638424121],[-118.352694792318,33.9843437185864],[-118.352694612492,33.9844004595648],[-118.352694636829,33.9844098344972],[-118.352694704895,33.9844444935933],[-118.352694753822,33.9844627899881],[-118.352694633594,33.9848412325247],[-118.352694578678,33.9850119039132],[-118.352694494558,33.9851992798269],[-118.352694518423,33.9852023765106],[-118.35269446893,33.985356606696],[-118.352694396819,33.9853641527077],[-118.352694278806,33.9857120325127],[-118.352694265554,33.9857165942902],[-118.352694134131,33.9860692558547],[-118.352694241318,33.9860715787828],[-118.352693613657,33.988041521726],[-118.352693273721,33.9880499763622],[-118.352693200928,33.9883222628437],[-118.352693195558,33.9883366611881],[-118.352693162976,33.9883916185261],[-118.352693153253,33.9884597110833],[-118.352692899542,33.9887352958964],[-118.352692891639,33.9887424125941],[-118.352693377939,33.9887810372083],[-118.352693313512,33.988985680109],[-118.352692940944,33.9890203044425],[-118.352692044459,33.9893398515325],[-118.352077162494,33.9893446473888],[-118.351803533765,33.9893467643643],[-118.351676454475,33.9893477937979],[-118.351499754439,33.9893491055795],[-118.35136724577,33.9893502487691],[-118.351258064667,33.9893511057423],[-118.351251097913,33.9893510935661],[-118.350995742931,33.9893530455308],[-118.350781326664,33.989354740925],[-118.350685769417,33.9893555965423],[-118.348556890485,33.9893723042812],[-118.348362935987,33.9893737550659],[-118.348295105936,33.9893743583534],[-118.344885422071,33.9894011164915],[-118.344804143241,33.9894016724106],[-118.344597408908,33.9894033772378],[-118.344005002597,33.9894080263047],[-118.34392336453,33.9894086051928],[-118.342993390747,33.9894159436473],[-118.342499556979,33.9894197488615],[-118.342499540119,33.9894156271173],[-118.342497481853,33.9890899834435],[-118.342501239447,33.9889526392147],[-118.342504869055,33.9888152304401],[-118.342505942081,33.9885129347121],[-118.342486391401,33.9884720923271],[-118.34248630009,33.9884653797993],[-118.342486325116,33.9884582684654],[-118.342486203906,33.988458269711],[-118.342486198915,33.9884578433018],[-118.340791156584,33.9884702114716],[-118.340659205721,33.9884711429943],[-118.340527291601,33.9884720616477],[-118.340395310458,33.9884730001795],[-118.340255907156,33.9884739658061],[-118.340123961744,33.9884749093496],[-118.33997221965,33.9884759418811],[-118.339877369372,33.9884766282809],[-118.339836142322,33.9884769418272],[-118.339774265035,33.9884774334095],[-118.339632455559,33.9884783356732],[-118.339490576186,33.9884793497565],[-118.339348734587,33.9884803383239],[-118.339206890801,33.9884813222231],[-118.339041952972,33.9884824799285],[-118.338877018501,33.9884836662482],[-118.338712085968,33.9884847973435],[-118.338547150293,33.9884859552681],[-118.338382215678,33.9884871084567],[-118.338217281094,33.988488270435],[-118.338052346473,33.9884894240743],[-118.337886619749,33.9884906094564],[-118.337787656824,33.9884913057292],[-118.337688666834,33.9884920001935],[-118.337525213854,33.9884931570797],[-118.337360281386,33.9884943115699],[-118.33726327299,33.988494992933],[-118.337263339138,33.9885089971013],[-118.337262725892,33.9885502077107],[-118.337264173917,33.9888524692477],[-118.337264916239,33.9889900080633],[-118.337277199816,33.9889899187381],[-118.33727719813,33.9889908437117],[-118.337763197808,33.9889888433792],[-118.337765197381,33.9894708439563],[-118.337276597092,33.9894786772392],[-118.337267150032,33.9894787424089],[-118.337267150381,33.9894788289548],[-118.337266198026,33.9894788442379],[-118.337294198143,33.9963127074936],[-118.33676967817,33.996314913388],[-118.336571241889,33.9963159069168],[-118.336108947533,33.9963180193228],[-118.335647081663,33.9963201017203],[-118.335548118285,33.9963205662422],[-118.335449139648,33.9963210045811],[-118.331641197156,33.9963378451871],[-118.331641187675,33.9963381841882],[-118.331641046967,33.9963381845749],[-118.331640980108,33.9963456250808],[-118.331595068558,33.9979904691167],[-118.331585360155,33.9980857613153],[-118.331568533387,33.9982519982006],[-118.331539321527,33.9983345638964],[-118.33151013141,33.9984171682914],[-118.331509464806,33.9985820418424],[-118.331508468071,33.9987469172035],[-118.33150814464,33.9988568596199],[-118.331507833933,33.9989117906688],[-118.33150716732,33.9990766642251],[-118.331506501794,33.9992418127466],[-118.33150583518,33.9994066872078],[-118.331505167477,33.9995715607723],[-118.331504500857,33.999736435237],[-118.331503845856,33.9998875694588],[-118.331503504095,33.9999013097087],[-118.331503226272,34.0000112916753],[-118.331496831765,34.0014963368376],[-118.331703428725,34.0021441115174],[-118.331706432719,34.0021523531599],[-118.331770728691,34.0023286049024],[-118.331829465326,34.002464688012],[-118.331866793559,34.0025410513275],[-118.331869197577,34.0025478458577],[-118.331872013299,34.0025517300192],[-118.33188949174,34.0025874871129],[-118.331961526249,34.0027190629068],[-118.332033514599,34.0028373060623],[-118.332125762699,34.0029738602928],[-118.332162408287,34.0030226421933],[-118.332203203228,34.003076388205],[-118.332230594319,34.0031111154651],[-118.332239447987,34.0031223403822],[-118.332245549163,34.0031300749402],[-118.332288782088,34.0031827702407],[-118.332333101508,34.0032348296603],[-118.332386460412,34.0032949986733],[-118.332446326368,34.0033601351996],[-118.332484688275,34.0033980767897],[-118.332484715444,34.0033981037607],[-118.332203197791,34.0035488457424],[-118.332151376404,34.0035493543892],[-118.317119195725,34.0036968467264],[-118.317124195019,33.9999718461353],[-118.31714319456,33.9891068451343],[-118.317611193948,33.9891038445592]]]},"properties":{"name":"Hyde Park"}},{"type":"Feature","geometry":{"type":"Polygon","coordinates":[[[-118.313349197609,34.0372068506762],[-118.30899919644,34.0372648509477],[-118.308899196446,34.025557849759],[-118.317653197641,34.0255458489983],[-118.317705197283,34.0188848483742],[-118.329277199096,34.0215458479639],[-118.335110199836,34.0226808479444],[-118.335113201441,34.0325838488926],[-118.333681200621,34.0351618488223],[-118.326429199255,34.0355758497588],[-118.322795198983,34.0360728498055],[-118.317645198809,34.037109849929],[-118.313350197614,34.0373978500553],[-118.313349197609,34.0372068506762]]]},"properties":{"name":"Jefferson Park"}},{"type":"Feature","geometry":{"type":"Polygon","coordinates":[[[-118.287851194912,34.0618188547564],[-118.287830195485,34.0597928545133],[-118.289097195189,34.0597858543848],[-118.289077194701,34.0524098531316],[-118.290907195047,34.0524088529667],[-118.292436195799,34.0526648533377],[-118.312878199059,34.0526308517149],[-118.313306198477,34.0528248524823],[-118.31330619843,34.0526148523819],[-118.316727199277,34.0525088515974],[-118.318623199722,34.0530598522933],[-118.322958006478,34.054682410409],[-118.322967200412,34.0546858522128],[-118.319095200581,34.0617308526899],[-118.314204199574,34.0616998532581],[-118.314039199804,34.0625448530531],[-118.314217200793,34.0711378541915],[-118.31398720034,34.0715328538309],[-118.313446200191,34.0717878546025],[-118.313447200118,34.0727248544465],[-118.313588200637,34.0729098543923],[-118.313601198593,34.0762352031014],[-118.313601201037,34.0762358549032],[-118.309160202115,34.0762524385455],[-118.286821196157,34.0763358565636],[-118.28681119586,34.0689868550622],[-118.286797195427,34.0677208556489],[-118.287094195342,34.0677188554767],[-118.287035195384,34.0618238547913],[-118.287851194912,34.0618188547564]]]},"properties":{"name":"Koreatown"}},{"type":"Feature","geometry":{"type":"Polygon","coordinates":[[[-118.387406231562,34.2982378751488],[-118.38740223153,34.2969678746262],[-118.382890231008,34.2969608751908],[-118.382963230773,34.2933348743633],[-118.382383573051,34.2933338750803],[-118.382384733131,34.2915308707639],[-118.382588873513,34.2915294317897],[-118.386922871535,34.2915329083504],[-118.38692297439,34.291498875918],[-118.386923230727,34.2914988741976],[-118.386927258446,34.2900812401333],[-118.386928330879,34.289726263883],[-118.384646491746,34.2897263601593],[-118.384648073188,34.2881664886638],[-118.385151356618,34.2866745165788],[-118.385328661321,34.2861490508818],[-118.385463834652,34.2857483907232],[-118.385465664286,34.285743109107],[-118.385602239878,34.2853380475283],[-118.385755730934,34.2848830300477],[-118.385776272657,34.2848221541597],[-118.385620872848,34.2847854147423],[-118.385108608314,34.28466432502],[-118.384571127398,34.2845379806282],[-118.384396772673,34.2844970139315],[-118.382995442935,34.2841664592439],[-118.382833287195,34.2841286458625],[-118.381871229431,34.2839018736752],[-118.381870918643,34.2839018385938],[-118.37715635496,34.2833734823369],[-118.377115192675,34.2833686809293],[-118.376802468162,34.2834085917602],[-118.376425062178,34.2834568644691],[-118.376410868507,34.2834586945324],[-118.37641004128,34.283458780045],[-118.375575132008,34.2835664509224],[-118.375556174162,34.283568900592],[-118.375543634794,34.2835705333959],[-118.37505396988,34.2836336583347],[-118.375041960137,34.2836352074064],[-118.374813202846,34.2836647035189],[-118.374723740395,34.2830732588244],[-118.374687377383,34.2828320526051],[-118.374687255742,34.2828320529815],[-118.374687227784,34.2828318736623],[-118.374200847967,34.2828330674853],[-118.373544858499,34.2828344563134],[-118.372649328047,34.2828363635003],[-118.372650665126,34.2828368705567],[-118.372649228234,34.2828368740769],[-118.373531227632,34.2831708741707],[-118.373538601033,34.2833214954351],[-118.373538122984,34.2833418373713],[-118.37353787485,34.2833523996343],[-118.373537132332,34.2834897960538],[-118.373536534592,34.2835928164481],[-118.373535937097,34.2836958918351],[-118.373535160904,34.2838332883575],[-118.373534561452,34.2839432055087],[-118.373533926997,34.2840530677739],[-118.373532021674,34.2843965328231],[-118.37353103831,34.2845614088074],[-118.373530459008,34.2846685509661],[-118.373529587987,34.2848362024329],[-118.373528096076,34.2851315494083],[-118.373526641607,34.2854131848015],[-118.373526329236,34.2854763600154],[-118.373525534261,34.2856316457735],[-118.373523909517,34.2859490041602],[-118.373522867846,34.2861508415005],[-118.369850227346,34.2861318743898],[-118.369889793722,34.2860312800502],[-118.370042312951,34.2857727286503],[-118.370108715263,34.2856601627738],[-118.370144199418,34.2855955584267],[-118.370175454356,34.2855288051131],[-118.370202349889,34.2854601791045],[-118.37022477542,34.2853899656272],[-118.370312906835,34.2850775906602],[-118.370427757064,34.2846695079581],[-118.370433784965,34.2846482078568],[-118.370486227142,34.2845148743096],[-118.370490456884,34.2844479430447],[-118.370493857388,34.2844359277856],[-118.370510344627,34.284365232969],[-118.370520401052,34.2842933407525],[-118.370523945643,34.2842208355812],[-118.370520950618,34.2841483053421],[-118.37051764911,34.2841102147222],[-118.37051426624,34.2840711669196],[-118.370543227539,34.2836128743484],[-118.371362228095,34.2823478740414],[-118.370188227194,34.2819028741669],[-118.369586110288,34.2833275492851],[-118.36952717507,34.2834668569039],[-118.368912227801,34.283262874197],[-118.368117227164,34.2820568744952],[-118.368112238921,34.2820448478409],[-118.36773842064,34.28106112753],[-118.367493028378,34.2804157613813],[-118.367492161741,34.2804152780834],[-118.367424004369,34.280377253466],[-118.367419621167,34.2803748236027],[-118.367419227087,34.2803738736779],[-118.367418909143,34.2803744290873],[-118.367418727328,34.2803743286669],[-118.367293171567,34.2805936611366],[-118.366974762655,34.2806115267],[-118.366434779247,34.2806417667721],[-118.366342850184,34.2806472521936],[-118.36626937186,34.2806516377599],[-118.366266789855,34.2806517898155],[-118.365546514051,34.2806946832552],[-118.365355325404,34.2807060597525],[-118.365093404166,34.2807216466374],[-118.36506656241,34.2807232439458],[-118.364870882822,34.2807348892531],[-118.364821736916,34.2807378402028],[-118.364752866391,34.2807419215731],[-118.364504985306,34.2807566823591],[-118.364291159901,34.2807694163124],[-118.364162355047,34.2807241030717],[-118.36381693377,34.2806025802487],[-118.363610335649,34.2805298959926],[-118.363580266363,34.2805193328284],[-118.363529903268,34.2805016417341],[-118.36345185914,34.2804743701407],[-118.363407809809,34.2804590157588],[-118.362950045623,34.2802994609],[-118.362903464156,34.2802831952596],[-118.362592154392,34.2801746759528],[-118.362357363539,34.2800928287291],[-118.362131518439,34.2800140979547],[-118.361905678196,34.2799353865796],[-118.361769094093,34.2798877662838],[-118.361326225602,34.2797328740304],[-118.360528225456,34.2799648746678],[-118.355298242884,34.2789635422406],[-118.354747516234,34.2788532366542],[-118.354721551683,34.2788531288044],[-118.354720224542,34.2788528748528],[-118.351747223488,34.2788378749172],[-118.351747223019,34.2788382788066],[-118.351746822257,34.2788382763645],[-118.351737564159,34.2824767243554],[-118.351005972753,34.2824742853802],[-118.351005939085,34.2824742854778],[-118.350957784314,34.2824741230348],[-118.350698939691,34.2824732240315],[-118.350392721313,34.2824721874946],[-118.350344124495,34.2824720224806],[-118.34745730071,34.282462179485],[-118.343176574893,34.2824474575904],[-118.340413079131,34.2824487719836],[-118.340413045462,34.2824487720782],[-118.34041276416,34.2824487710659],[-118.340065353658,34.2824490070171],[-118.339860935952,34.2824490039167],[-118.33903919236,34.2824492744355],[-118.334961661314,34.2824505094111],[-118.333713219011,34.2824509136065],[-118.326843219971,34.2824398768871],[-118.326843521322,34.2824530366793],[-118.326835630877,34.2824530390436],[-118.326913926993,34.2860648999255],[-118.316883218697,34.2860878771177],[-118.31688618238,34.2860780516522],[-118.317378218427,34.2844468770873],[-118.317233218487,34.283635876842],[-118.316596218973,34.282409877429],[-118.316134218502,34.2803438765019],[-118.317028218154,34.2801148772255],[-118.317292217888,34.2798118768695],[-118.317337218555,34.2794908766312],[-118.319082218889,34.2793248766574],[-118.319532219038,34.2789418765777],[-118.319732218509,34.2779458767314],[-118.319565218124,34.2766368762472],[-118.319373272979,34.2760448282207],[-118.319297705008,34.2758117418743],[-118.31926921849,34.27572387588],[-118.319099114186,34.2755999773936],[-118.31837355337,34.2750715008986],[-118.318275218083,34.2749998764454],[-118.318225936969,34.2750144557711],[-118.317980583376,34.2750870419119],[-118.317048217409,34.2753628762997],[-118.316787217562,34.2757428765281],[-118.31646221757,34.2756548765156],[-118.316408217322,34.2752238767089],[-118.317185217661,34.2745418766068],[-118.317587218105,34.2739298762367],[-118.317518001285,34.2736976367014],[-118.31751121746,34.273674876314],[-118.317471812265,34.2736833017056],[-118.315037217859,34.2742038761227],[-118.316901816405,34.2731439281172],[-118.317159145709,34.2729976465726],[-118.317250217986,34.2729458762599],[-118.317545844739,34.2729822166019],[-118.320203218217,34.2733088763231],[-118.323275218702,34.272989875901],[-118.325752218892,34.2734558759704],[-118.326294219237,34.2733248759339],[-118.327003218923,34.2727688753053],[-118.328539220082,34.2721528751985],[-118.329631219485,34.2720488749137],[-118.330843219643,34.2717128748597],[-118.331929220182,34.2720098748692],[-118.333015220125,34.2718938754851],[-118.333737220351,34.2720758746777],[-118.334882221035,34.272047875068],[-118.336229087945,34.2725620708571],[-118.33642907613,34.2726384208154],[-118.336451220445,34.272646875187],[-118.336827164318,34.2725442143073],[-118.337762221004,34.2722888749089],[-118.338094681607,34.2722442622348],[-118.340020221042,34.2719858750369],[-118.342520221444,34.2706738740461],[-118.344870222354,34.2712288743811],[-118.352980224165,34.2723108742689],[-118.353021223657,34.2720988739863],[-118.345483222332,34.2710968738551],[-118.349939222811,34.2715788742934],[-118.353096223351,34.2717108740818],[-118.356192224531,34.2723718742252],[-118.356202224045,34.2719968734798],[-118.356763224263,34.271782874012],[-118.358358224739,34.2715738739539],[-118.359029224702,34.2728978734195],[-118.359226224391,34.2718778736618],[-118.360607310027,34.2721793241224],[-118.360660224428,34.2721908738659],[-118.360965225035,34.2725328732411],[-118.361061224676,34.27314387354],[-118.381351228499,34.2745338728639],[-118.382807228454,34.2738808724785],[-118.387909229871,34.2731998721182],[-118.388615229601,34.2738648718254],[-118.388730229835,34.2733958720352],[-118.389146230249,34.2730388722028],[-118.390313229504,34.2728868716876],[-118.39039653408,34.272888003208],[-118.390983451007,34.2728959722304],[-118.391786230233,34.2729068715192],[-118.392115644314,34.2729850647115],[-118.392594924328,34.2730988308577],[-118.393033230588,34.2732028716139],[-118.393583134405,34.2734594578002],[-118.393904356077,34.2736093395623],[-118.394051230387,34.2736778716272],[-118.394878230576,34.2742888717996],[-118.408415234695,34.2870718727206],[-118.407817234267,34.2870968726969],[-118.407593234448,34.287275872485],[-118.407373181221,34.2870665655275],[-118.406189361699,34.2859343362631],[-118.406183484427,34.2859349708248],[-118.406180233732,34.2859318723256],[-118.401600233405,34.2864278723258],[-118.401599280037,34.2864322154874],[-118.401599042292,34.2864322406173],[-118.401583479146,34.2864988599303],[-118.401469038175,34.2870118894761],[-118.401395553179,34.2873378539378],[-118.401383890188,34.287389591243],[-118.401264590708,34.2879193710123],[-118.401238531752,34.288035526655],[-118.401212397779,34.2881516825399],[-118.401143931609,34.2884540396842],[-118.400833765699,34.2884493779818],[-118.400833696425,34.2884498803672],[-118.400833232594,34.288449872887],[-118.400833356348,34.2884523453938],[-118.400824096976,34.2885195441619],[-118.400818931627,34.2885901858725],[-118.400818291078,34.2886610127483],[-118.400822178296,34.2887317353863],[-118.400879580388,34.2893757333188],[-118.400917248144,34.2901281883527],[-118.400913716448,34.2901536306023],[-118.400907842511,34.2901853183407],[-118.400244233657,34.2925768731538],[-118.4002160144,34.2926341202499],[-118.400079680007,34.2929005141977],[-118.399926681786,34.2932017758659],[-118.399926386665,34.2932022988303],[-118.399920548306,34.293213886632],[-118.399890209318,34.2932736162698],[-118.399868952103,34.2933181196078],[-118.399849681299,34.2933632420504],[-118.399832421596,34.2934089213111],[-118.399696062144,34.2934051116458],[-118.396980369101,34.2933293262411],[-118.39695080652,34.2938101938185],[-118.396922104656,34.2942772920933],[-118.396758308776,34.2969414887317],[-118.3967552336,34.2969878738576],[-118.393723232833,34.2969838746287],[-118.393647232273,34.2987928746517],[-118.387408231941,34.2987848750716],[-118.387406231562,34.2982378751488]]]},"properties":{"name":"Lake View Terrace"}},{"type":"Feature","geometry":{"type":"Polygon","coordinates":[[[-118.313601198593,34.0762352031014],[-118.320628202394,34.0762088540129],[-118.325955745416,34.0762267147215],[-118.325997202781,34.0762268543747],[-118.326020203161,34.0826228545695],[-118.326621203826,34.083119854801],[-118.326612638153,34.0834748485901],[-118.326612203558,34.0834928551886],[-118.30919211342,34.0835138133414],[-118.309157200801,34.0835138558109],[-118.309160202115,34.0762524385455],[-118.309160199959,34.0762518552595],[-118.313601198593,34.0762352031014]]]},"properties":{"name":"Larchmont"}},{"type":"Feature","geometry":{"type":"Polygon","coordinates":[[[-118.318243196287,34.0145968473741],[-118.318237196552,34.0108258472994],[-118.317081196506,34.010836847389],[-118.317081232262,34.0108277102904],[-118.317119195725,34.0036968467264],[-118.331954198297,34.0036388454096],[-118.332151376404,34.0035493543892],[-118.332484688275,34.0033980767897],[-118.332484715444,34.0033981037607],[-118.332489958967,34.0034032902414],[-118.332567157658,34.0034801520366],[-118.332598799576,34.0035088029104],[-118.332691965863,34.0035918862556],[-118.332787835798,34.0036718337665],[-118.332886304034,34.0037485582786],[-118.332941265705,34.0037888520097],[-118.333867252664,34.0045827380392],[-118.333919434857,34.0046274763488],[-118.333925495584,34.0046347736932],[-118.334351923954,34.0052721919],[-118.33528021467,34.0066597824339],[-118.335359199101,34.0067778455536],[-118.335692374296,34.0082287705821],[-118.3357001991,34.0082628455931],[-118.335107199233,34.0084698457909],[-118.335110199836,34.0226808479444],[-118.329277199096,34.0215458479639],[-118.317705197283,34.0188848483742],[-118.318248196659,34.0182788482589],[-118.318243196287,34.0145968473741]]]},"properties":{"name":"Leimert Park"}},{"type":"Feature","geometry":{"type":"Polygon","coordinates":[[[-118.212179184305,34.0838878615523],[-118.211935184732,34.0831268616316],[-118.210975184488,34.0832608613937],[-118.210944183827,34.0829418611656],[-118.211907184165,34.082524861438],[-118.211883184122,34.0792578607539],[-118.210207183267,34.0792178605897],[-118.210884183613,34.08012486076],[-118.210337184287,34.0801308611691],[-118.206825183485,34.0826758618085],[-118.206182183611,34.0837968618894],[-118.205517182791,34.0831628613848],[-118.204820183276,34.0839038617104],[-118.206208183433,34.0851288621812],[-118.205027183062,34.0850988615672],[-118.203451183239,34.0841168617102],[-118.203799182572,34.0826548618968],[-118.206529182972,34.0790928606766],[-118.205360182607,34.077898860993],[-118.205817182727,34.0764198612425],[-118.205524182917,34.0755668607402],[-118.205259182154,34.0755718604409],[-118.205231182486,34.0743168608616],[-118.204756182879,34.074701860317],[-118.20447118235,34.0752848604524],[-118.203971182292,34.0755918608839],[-118.20400718241,34.0772668611811],[-118.202822181943,34.0772858612586],[-118.202853182107,34.0786828609844],[-118.201666181895,34.0787018611606],[-118.201708182993,34.080611861369],[-118.200550182157,34.0827468614068],[-118.200380182958,34.0835518621073],[-118.19726318225,34.083105861637],[-118.19642118193,34.0826928623093],[-118.196970181713,34.0819208616699],[-118.19803218137,34.0797958613092],[-118.197419182099,34.0795588615714],[-118.197060181602,34.0796308615327],[-118.197265181791,34.0793868613812],[-118.197758181994,34.0793798618207],[-118.197186181093,34.0791378615167],[-118.196937181294,34.0787988614382],[-118.19655243794,34.0787865637141],[-118.196499181629,34.0787848617176],[-118.196464107206,34.0789116576732],[-118.196195181949,34.079883862185],[-118.196480181804,34.0804588619238],[-118.196339181308,34.080653862257],[-118.194712180983,34.0794308617626],[-118.193393180818,34.0790808618196],[-118.193314180799,34.0784318613736],[-118.193481180731,34.078252862076],[-118.193751180284,34.0767148617542],[-118.193720180653,34.0759678613523],[-118.194224582121,34.072931308056],[-118.194267180388,34.0726748606891],[-118.194507924768,34.0717390116447],[-118.195687180286,34.0671548601892],[-118.19702318069,34.0645688601882],[-118.199415328643,34.0649774319487],[-118.202855852531,34.0655650623636],[-118.202995181143,34.0655888594574],[-118.204650182215,34.0655668595407],[-118.20755918232,34.0651868592179],[-118.214834182801,34.06027285869],[-118.214910182865,34.0604028583959],[-118.21485918269,34.060252858857],[-118.21901618346,34.0570148575013],[-118.222085183949,34.0559818579152],[-118.225769184138,34.0543438569114],[-118.227279184229,34.0550198575558],[-118.226809184363,34.0557038573155],[-118.226625184852,34.0566278578855],[-118.227124747713,34.0610108169476],[-118.227155185342,34.0612778578079],[-118.227087975039,34.0616378308125],[-118.227028729267,34.0619551473436],[-118.226978184921,34.0622258582263],[-118.224734185115,34.0675778591136],[-118.224609185104,34.068968858912],[-118.225175167592,34.0719463378986],[-118.225541185979,34.0738718595874],[-118.225353185639,34.0743088595468],[-118.226667186975,34.0799078596688],[-118.226446401597,34.0800893939615],[-118.226442186568,34.0800928601343],[-118.226349187068,34.0799148603966],[-118.22177818607,34.0832398608495],[-118.219056750684,34.0848343420332],[-118.218885185591,34.0849348608447],[-118.217415335936,34.085400232837],[-118.214916216433,34.0861914829291],[-118.214340185595,34.0863738617923],[-118.212727053854,34.0865377732159],[-118.212726185076,34.0865378612926],[-118.212777563005,34.0864239615819],[-118.212781674614,34.0864148470774],[-118.21297518531,34.0859858616188],[-118.213080185269,34.0856438611186],[-118.211401185015,34.0852778611517],[-118.21197018501,34.0845748611885],[-118.212179184305,34.0838878615523]]]},"properties":{"name":"Lincoln Heights"}},{"type":"Feature","geometry":{"type":"Polygon","coordinates":[[[-118.273220197051,34.1184128615549],[-118.27177119767,34.1168038614036],[-118.271693197102,34.1170078616415],[-118.270397196616,34.1151668613099],[-118.268224196286,34.1129368617269],[-118.268175120265,34.1129028052556],[-118.267283195556,34.1122838614061],[-118.269033196224,34.111546860905],[-118.269136196688,34.1116358607574],[-118.271379196335,34.1092318607707],[-118.273373196341,34.1040578602246],[-118.273043196316,34.1024488596077],[-118.273514445878,34.0997117257218],[-118.273528195996,34.0996318593917],[-118.273765546338,34.0992506723338],[-118.274062397526,34.0987739262664],[-118.274127195657,34.0986698596346],[-118.275515196217,34.0974438596066],[-118.276224195894,34.0962958594469],[-118.276336748853,34.096204552722],[-118.276509571816,34.0960643522064],[-118.276669195881,34.0959348585149],[-118.27717419675,34.0957808589039],[-118.284139197293,34.0958168584546],[-118.286200992346,34.097567551307],[-118.286220198027,34.0975838587152],[-118.287112198096,34.0981688584075],[-118.287403198622,34.0981678582625],[-118.287404197902,34.0983608587184],[-118.292204199144,34.1015088583612],[-118.292795199661,34.1017348583667],[-118.292884887039,34.1017348754092],[-118.309271351782,34.1017378585635],[-118.30927220252,34.101737858189],[-118.309294872139,34.1053858517771],[-118.309309203042,34.1076918586186],[-118.307659202026,34.1080868584508],[-118.307982202689,34.1085258587531],[-118.307359202324,34.1097258589249],[-118.307204202697,34.1107828585575],[-118.307521202606,34.113412859171],[-118.306621202928,34.1138128593761],[-118.303668202104,34.1145508598155],[-118.299202201454,34.1160218595368],[-118.29581020112,34.1167238602334],[-118.292456200423,34.1177338601456],[-118.276687197942,34.1198088612051],[-118.274249198,34.1199358616627],[-118.273220197051,34.1184128615549]]]},"properties":{"name":"Los Feliz"}},{"type":"Feature","geometry":{"type":"Polygon","coordinates":[[[-118.317738314723,33.9745898014552],[-118.311180192284,33.9745738432851],[-118.308979174274,33.9745754620599],[-118.300301190708,33.9745818439103],[-118.300270189718,33.960017842841],[-118.300279964687,33.9600178194106],[-118.317756335081,33.9599768809554],[-118.317756335747,33.9599773416338],[-118.317757040272,33.9609102378291],[-118.317757068289,33.9618074029552],[-118.317755435027,33.9627189825236],[-118.31775151846,33.9631790149684],[-118.317751044912,33.963652809184],[-118.317750787965,33.9645858181561],[-118.317749515033,33.9654911638066],[-118.317748428684,33.9663972140207],[-118.317747427155,33.9672839885193],[-118.317746340699,33.9681908781754],[-118.317745103978,33.9690926764615],[-118.317744050991,33.969994140758],[-118.317742901898,33.9708120995865],[-118.317742900618,33.9708129028508],[-118.317759210284,33.970812885138],[-118.317759845444,33.9708128843666],[-118.317759703805,33.9709278421074],[-118.317755193453,33.9745898435501],[-118.317738314723,33.9745898014552]]]},"properties":{"name":"Manchester Square"}},{"type":"Feature","geometry":{"type":"Polygon","coordinates":[[[-118.421423213653,34.0103288410312],[-118.42009721341,34.0086498412847],[-118.419320113573,34.0090661118696],[-118.419270936471,34.0090038262967],[-118.419098527065,34.0087855021896],[-118.41908039317,34.0087625427043],[-118.419062265731,34.0087395732771],[-118.419030586835,34.0086994820992],[-118.418971612711,34.0086247793463],[-118.418880958857,34.0085099853521],[-118.418792430446,34.0083978218024],[-118.418701810642,34.0082830275588],[-118.418611158611,34.0081682333605],[-118.418520505746,34.0080534390988],[-118.418429853129,34.0079386447698],[-118.418339234184,34.0078238232117],[-118.418248583147,34.0077090287444],[-118.418157931277,34.0075942342136],[-118.418067313212,34.0074794394992],[-118.417976662921,34.0073646448301],[-118.417886011797,34.0072498500975],[-118.417759334183,34.0070894281062],[-118.417723073101,34.0070434717544],[-118.417541807131,34.0068138817257],[-118.417451020072,34.0066991574642],[-118.417450043999,34.0066979266416],[-118.421261212843,34.0044268407046],[-118.418258398479,34.0006329200514],[-118.418345658343,34.0005855071253],[-118.418379962986,34.0005640651607],[-118.418658247174,34.0003905053297],[-118.418731394075,34.000344884644],[-118.418874499407,34.0002557142073],[-118.418965080339,34.0002061021873],[-118.419141079578,34.0000895449768],[-118.419163315522,34.0000622135197],[-118.419174306231,34.0000487497242],[-118.419190212738,34.0000388407253],[-118.420412212269,33.998692840082],[-118.425477713196,33.9981318224599],[-118.42574301668,33.998102898747],[-118.425900201083,33.9980857748691],[-118.425952878837,33.9981549727147],[-118.426041194096,33.9982710064757],[-118.42612951082,33.9983870672146],[-118.426217826427,33.998503072901],[-118.426306176112,33.9986191333976],[-118.426526985704,33.9989092435724],[-118.426571150659,33.9989672733026],[-118.426615302692,33.9990253039644],[-118.426836114426,33.9993154135811],[-118.427544493731,34.0002460855025],[-118.427579835263,34.0002925091444],[-118.427730168439,34.0004900179738],[-118.427845214754,34.000640925269],[-118.427953412569,34.000783302096],[-118.427959823582,34.0007917159079],[-118.428110126065,34.0009892216809],[-118.428145500558,34.0010356179987],[-118.428338021861,34.0012886190341],[-118.428338918885,34.0012898248061],[-118.428339808554,34.0012910738779],[-118.428364293759,34.0013241210156],[-118.428447885682,34.0012792515997],[-118.428501213613,34.0013488400235],[-118.430848214682,34.0001068399847],[-118.430472257995,33.999622307568],[-118.430477045544,33.9996197770175],[-118.430736071221,33.9994828069875],[-118.430753851493,33.9994734108582],[-118.430755023811,33.9994727900254],[-118.43081595961,33.9994405347402],[-118.4308995324,33.9993963524597],[-118.430980670651,33.9993534157183],[-118.431050259459,33.9993165928996],[-118.431119915176,33.9992797427556],[-118.431189536333,33.9992429197407],[-118.431259192067,33.999206096562],[-118.431328780486,33.999169245636],[-118.431398435015,33.999132422381],[-118.431468024399,33.9990955722725],[-118.431537678944,33.9990587759828],[-118.431607300677,33.9990219256781],[-118.431676954817,33.9989850743157],[-118.431746543012,33.9989482510963],[-118.431816164701,33.9989114277168],[-118.43188578619,33.9988745772518],[-118.431927539229,33.9988525268863],[-118.431937639712,33.9988471599723],[-118.43205285522,33.9987856759097],[-118.43216808786,33.9987252365521],[-118.432177561283,33.9987202288704],[-118.432178188451,33.9987198966634],[-118.432206057029,33.998705150557],[-118.432217407626,33.9986991471679],[-118.432275678314,33.9986683269131],[-118.432345298455,33.9986315032329],[-118.432380108976,33.9986130783039],[-118.432414953032,33.9985946523431],[-118.432484574132,33.9985578285789],[-118.43255419409,33.9985210047785],[-118.432623814924,33.9984841529871],[-118.432693435841,33.9984473291027],[-118.432763056701,33.9984105060797],[-118.432797867034,33.9983920801289],[-118.432832677496,33.9983736821151],[-118.432902297003,33.9983368301673],[-118.432971917675,33.9983000061226],[-118.433006727916,33.9982815801117],[-118.433041538286,33.9982631820377],[-118.433111191167,33.9982263307509],[-118.433180811655,33.9981895065858],[-118.433215621804,33.9981710805149],[-118.433250432082,33.9981526823808],[-118.433320052304,33.9981158301887],[-118.433389672608,33.9980790059035],[-118.433459291769,33.9980421815821],[-118.433489265801,33.9980263016016],[-118.433499399777,33.9980209614821],[-118.433614699511,33.9979600868603],[-118.433698190887,33.9979158010547],[-118.433889348894,33.9978147057082],[-118.434028522275,33.9977410296343],[-118.43430693367,33.9975937588102],[-118.434446138928,33.9975201091843],[-118.434585344081,33.9974464864437],[-118.434776105879,33.9973455840429],[-118.434859532069,33.9973012787337],[-118.434943048261,33.9972570217252],[-118.43513156697,33.997157255564],[-118.435201185681,33.997120430236],[-118.435270804185,33.9970835769209],[-118.435410073345,33.9970098439096],[-118.435531049624,33.996945849303],[-118.435557979806,33.9969475650946],[-118.435745861854,33.9969595002073],[-118.435749912424,33.9969597578449],[-118.435830747094,33.9969195226257],[-118.435953061316,33.996858337349],[-118.436336333267,33.9966667503791],[-118.436407212875,33.9966315416522],[-118.43647795951,33.9965961674824],[-118.43654867362,33.9965607942902],[-118.436619388384,33.996525558087],[-118.436712050535,33.9964793050246],[-118.436853477212,33.9964085574274],[-118.436945973653,33.9963623336337],[-118.437016688082,33.9963270971982],[-118.437087434203,33.9962917226718],[-118.437158312316,33.9962563485272],[-118.437228860961,33.996221111666],[-118.437299772508,33.9961857373169],[-118.437370351414,33.996150307335],[-118.437421454948,33.9961248169857],[-118.437443810892,33.9961137138095],[-118.437452057808,33.9961096189035],[-118.437536162733,33.9960674909877],[-118.437677620634,33.9959967702558],[-118.437770249144,33.9959505165003],[-118.437841159868,33.995915278868],[-118.437911707733,33.9958797954907],[-118.437982585866,33.9958445578933],[-118.438053133821,33.9958093214527],[-118.438124042867,33.9957738086922],[-118.438194591786,33.9957385721651],[-118.438265468241,33.9957030594396],[-118.438356812419,33.9956576347993],[-118.438427529243,33.9956222550835],[-118.4384982374,33.9955868852744],[-118.438590897621,33.9955406587192],[-118.438661445063,33.9955054219237],[-118.438732353594,33.9954699088065],[-118.438802902,33.9954346719245],[-118.438873779382,33.9953994338047],[-118.438944687733,33.995363920563],[-118.439015234878,33.995328683561],[-118.439086112081,33.9952934453169],[-118.43917877021,33.9952469433488],[-118.439249433016,33.995211714804],[-118.439320161692,33.9951764679471],[-118.439412853334,33.9951302135984],[-118.439483399724,33.995094701357],[-118.439554309001,33.9950594627201],[-118.439624855272,33.9950239503962],[-118.439695732102,33.9949887388402],[-118.439766278473,33.9949534743546],[-118.43983718621,33.9949179876349],[-118.439907733686,33.9948827501084],[-118.440000721239,33.9948364942279],[-118.440142161797,33.9947657336981],[-118.440234834319,33.994719514847],[-118.440260170583,33.9947068099709],[-118.440305347908,33.9946842772108],[-118.440376255046,33.9946487631296],[-118.440446800981,33.9946135243909],[-118.440651215629,33.9945114701846],[-118.440659130782,33.9945075340383],[-118.440662738472,33.9945057177987],[-118.440941305985,33.9943666440149],[-118.440964084087,33.9943553141602],[-118.440988067565,33.9943432983376],[-118.442469042649,33.9936039249092],[-118.44248859066,33.9936415508395],[-118.442547582725,33.9937549312933],[-118.442613206409,33.9938809836875],[-118.442655573511,33.9939623638443],[-118.443362215631,33.9953218385304],[-118.443363343664,33.9953210590676],[-118.443387836441,33.9953674142697],[-118.443517817165,33.9952731744822],[-118.444319422733,33.994719562089],[-118.444284977726,33.9946840972749],[-118.44428493419,33.9946840519078],[-118.444353215606,33.9946368382908],[-118.444353264651,33.9946369021191],[-118.45598894748,34.0099185882897],[-118.456011219214,34.0099478391812],[-118.455969257207,34.0099701402973],[-118.446329748794,34.0150931181331],[-118.443982409727,34.0163292426946],[-118.443569457695,34.0165467171145],[-118.443524933569,34.0165701547292],[-118.443532711659,34.0165796211103],[-118.443438218009,34.0166298411589],[-118.444218017534,34.0177900309896],[-118.444463218064,34.0181548412948],[-118.444492545004,34.018268538521],[-118.444926218467,34.0199498408923],[-118.442800218019,34.0206368408518],[-118.431435216149,34.026269842304],[-118.430140216498,34.0267828430701],[-118.430140118411,34.0267827190078],[-118.418470779605,34.0120747943766],[-118.418582063487,34.0120114499432],[-118.418808206088,34.0118827262251],[-118.418812925714,34.011880041311],[-118.418831677874,34.0118693661001],[-118.419033631196,34.0117544093612],[-118.419686897689,34.011382646335],[-118.421376648747,34.0104207742729],[-118.421348980117,34.0103854198717],[-118.421341099542,34.0103754106119],[-118.42134086965,34.0103751184161],[-118.421423213653,34.0103288410312]]]},"properties":{"name":"Mar Vista"}},{"type":"Feature","geometry":{"type":"MultiPolygon","coordinates":[[[[-118.368601206286,34.0349668473553],[-118.368574818805,34.0349612293234],[-118.368446206846,34.0349338474511],[-118.369034207088,34.0347318474082],[-118.368936206922,34.0348198470985],[-118.368601206286,34.0349668473553]]],[[[-118.368601206286,34.0349668473553],[-118.369553206794,34.0351688465849],[-118.37554513841,34.0325881259142],[-118.375784457616,34.0324898669823],[-118.375927634017,34.0324310289852],[-118.376298292717,34.0323302918945],[-118.376548814569,34.0322669408382],[-118.376765164175,34.0322082865099],[-118.376960415253,34.0321553845385],[-118.377075462471,34.0321242217057],[-118.377534496033,34.0319992970196],[-118.377618582292,34.03197583581],[-118.377812334891,34.0319217714631],[-118.384218210816,34.0302188442326],[-118.384218607729,34.0302187392931],[-118.384247291931,34.030201587395],[-118.384287350239,34.0301776359866],[-118.384288008952,34.0301772426247],[-118.384368430001,34.0301291539841],[-118.38478314757,34.0298811717294],[-118.386408209717,34.0289098456046],[-118.386478601504,34.0289897638585],[-118.386480343128,34.0289917425572],[-118.386574801682,34.0290991300492],[-118.386590992393,34.0291175434031],[-118.38667058941,34.0292084632274],[-118.386671017083,34.0292082211484],[-118.3866742097,34.0292118450024],[-118.386810829641,34.0291340621391],[-118.386934582305,34.0292237215072],[-118.386934956052,34.0292239943754],[-118.387183208827,34.0294048456477],[-118.38718360841,34.0294046171799],[-118.387183641002,34.0294046405152],[-118.38718789233,34.0294077299574],[-118.387664965441,34.0291368245578],[-118.387775493228,34.0290712283617],[-118.38777561093,34.0290711585657],[-118.390925209673,34.0312128453291],[-118.389685437606,34.0333814705758],[-118.389657209911,34.0334308457989],[-118.386091757711,34.0467491854161],[-118.386082210694,34.0467848472594],[-118.38608203929,34.0467847856015],[-118.383121209997,34.0457208471676],[-118.37683120869,34.0445368478059],[-118.376134209225,34.047104848028],[-118.376143209198,34.0533258487872],[-118.362514207103,34.050696848727],[-118.356316205849,34.0485038489877],[-118.345875204272,34.0477388493861],[-118.336426202235,34.048812850336],[-118.326731397755,34.0478263974249],[-118.326716200915,34.0478248509444],[-118.333243864239,34.0359588034179],[-118.333791200537,34.0349638488196],[-118.34010120217,34.0346658485424],[-118.339949201596,34.0348648488869],[-118.345542202375,34.0345998486645],[-118.348389203313,34.0346308477407],[-118.349926203634,34.0345308477385],[-118.349982203748,34.0343908478935],[-118.350159203885,34.034381847668],[-118.350103203928,34.0345228482959],[-118.353360204175,34.0343798475915],[-118.360739205849,34.0339098472241],[-118.363726206255,34.034154847299],[-118.368297206437,34.0350998468806],[-118.368601206286,34.0349668473553]]]]},"properties":{"name":"Mid-City"}},{"type":"Feature","geometry":{"type":"Polygon","coordinates":[[[-118.322958006478,34.054682410409],[-118.326716200915,34.0478248509444],[-118.326731397755,34.0478263974249],[-118.336426202235,34.048812850336],[-118.345875204272,34.0477388493861],[-118.356316205849,34.0485038489877],[-118.362514207103,34.050696848727],[-118.366651207574,34.0515068493194],[-118.366512207681,34.0523648494333],[-118.363767407226,34.0583108296273],[-118.363571208341,34.058735849782],[-118.361387207898,34.0629718501634],[-118.361423208631,34.0715208512635],[-118.361411192447,34.0715191833181],[-118.353701206783,34.070448852196],[-118.346205206207,34.0689958523306],[-118.346153235022,34.0689935058376],[-118.344066308181,34.0688993010093],[-118.344034205635,34.0688978517303],[-118.344068204346,34.0621758513785],[-118.319095200581,34.0617308526899],[-118.322958006478,34.054682410409]]]},"properties":{"name":"Mid-Wilshire"}},{"type":"Feature","geometry":{"type":"Polygon","coordinates":[[[-118.467875244285,34.2898638695288],[-118.467744244219,34.2897668695362],[-118.468245348505,34.2909741466365],[-118.468372244947,34.2912798693017],[-118.468439786791,34.2913646133454],[-118.469983151789,34.2933010660637],[-118.470076244516,34.2934178697714],[-118.46490366393,34.2883088820728],[-118.464789243538,34.2881958688213],[-118.464613213779,34.2880840420668],[-118.460043242386,34.2851808696056],[-118.458710242518,34.2841108693189],[-118.45754424218,34.2827048689624],[-118.455452241543,34.2792708691531],[-118.455287241511,34.2793548685206],[-118.455443241608,34.2795878689262],[-118.455202241373,34.2794008690836],[-118.452580241284,34.2812978696076],[-118.448866239821,34.2777878692749],[-118.44865438536,34.2779499920648],[-118.448201275175,34.2775219685814],[-118.448146840067,34.2774700169219],[-118.447982780119,34.2773149263902],[-118.44787358595,34.2772120644265],[-118.447818358454,34.2771601137483],[-118.447709297183,34.2770572511461],[-118.44756683325,34.2769229932067],[-118.447425829252,34.2767891146637],[-118.44713454748,34.2765141645971],[-118.447062059456,34.2764455411415],[-118.450303240633,34.2740798689156],[-118.449591239451,34.2731638687785],[-118.449418240181,34.2732888684489],[-118.447129239288,34.270357868082],[-118.443736238846,34.2671498681682],[-118.443603238434,34.2669948679971],[-118.443888238947,34.2669578682482],[-118.442176237969,34.2646618680018],[-118.442545891184,34.2641222795749],[-118.442693074249,34.2639074339079],[-118.443020238305,34.2634298674846],[-118.443269238299,34.2627228678809],[-118.443731237957,34.2627428673748],[-118.444099238527,34.2623128676787],[-118.451635238902,34.2520978659013],[-118.451893238722,34.2519348657093],[-118.451776237951,34.2518208663946],[-118.451781028551,34.2518167465099],[-118.452083238591,34.251556866428],[-118.452150497227,34.251195881248],[-118.452162238503,34.2511328657457],[-118.451890238578,34.2499398660887],[-118.472199242078,34.2500738648063],[-118.47208388657,34.2607455433961],[-118.471966243094,34.2716288673162],[-118.471923458508,34.2718544840456],[-118.471789160064,34.2725626795064],[-118.47163324324,34.2733848668064],[-118.471506232027,34.2737511045927],[-118.469659244071,34.279076867797],[-118.469855243284,34.2790778681413],[-118.468223244139,34.2856548690859],[-118.467991243664,34.2875898688814],[-118.468319243844,34.2893658692892],[-118.469731245241,34.2917198691182],[-118.470608245326,34.2936168695987],[-118.469105244446,34.2910788693341],[-118.467875244285,34.2898638695288]]]},"properties":{"name":"Mission Hills"}},{"type":"Feature","geometry":{"type":"Polygon","coordinates":[[[-118.176983740547,34.1113749200152],[-118.177018489289,34.1110959300742],[-118.177023752017,34.1110537153969],[-118.177026948336,34.1110281261716],[-118.177031049934,34.1109985634754],[-118.177369983063,34.1109174714473],[-118.177457784172,34.1108964639975],[-118.177384110719,34.1107425402092],[-118.177344728058,34.1106609517725],[-118.177344127104,34.1106596950189],[-118.17724916164,34.1104632789889],[-118.177256063143,34.1104620328675],[-118.17800704718,34.11032790454],[-118.178007045875,34.1102488916767],[-118.178007181302,34.1102488662344],[-118.178008180735,34.1019258648535],[-118.184180180372,34.0872338628329],[-118.184242180068,34.0862948633677],[-118.187514180739,34.0862628626425],[-118.187500180204,34.0857978624611],[-118.18898818025,34.0849018624327],[-118.192895181198,34.0807078623766],[-118.193194630736,34.0801391746663],[-118.193232181248,34.0800678621759],[-118.193393180818,34.0790808618196],[-118.194712180983,34.0794308617626],[-118.196339181308,34.080653862257],[-118.196480181804,34.0804588619238],[-118.196195181949,34.079883862185],[-118.19640818159,34.0789908614881],[-118.196464107206,34.0789116576732],[-118.19655243794,34.0787865637141],[-118.196593181708,34.0787288616924],[-118.196937181294,34.0787988614382],[-118.197186181093,34.0791378615167],[-118.197758181994,34.0793798618207],[-118.197265181791,34.0793868613812],[-118.197060181602,34.0796308615327],[-118.197419182099,34.0795588615714],[-118.19803218137,34.0797958613092],[-118.196970181713,34.0819208616699],[-118.19642118193,34.0826928623093],[-118.19726318225,34.083105861637],[-118.200380182958,34.0835518621073],[-118.200550182157,34.0827468614068],[-118.201708182993,34.080611861369],[-118.201666181895,34.0787018611606],[-118.202853182107,34.0786828609844],[-118.202822181943,34.0772858612586],[-118.20400718241,34.0772668611811],[-118.203971182292,34.0755918608839],[-118.20447118235,34.0752848604524],[-118.204756182879,34.074701860317],[-118.205231182486,34.0743168608616],[-118.205259182154,34.0755718604409],[-118.205524182917,34.0755668607402],[-118.205817182727,34.0764198612425],[-118.205360182607,34.077898860993],[-118.206529182972,34.0790928606766],[-118.203799182572,34.0826548618968],[-118.203451183239,34.0841168617102],[-118.205027183062,34.0850988615672],[-118.206208183433,34.0851288621812],[-118.204820183276,34.0839038617104],[-118.205517182791,34.0831628613848],[-118.206182183611,34.0837968618894],[-118.206825183485,34.0826758618085],[-118.210337184287,34.0801308611691],[-118.210884183613,34.08012486076],[-118.210207183267,34.0792178605897],[-118.211883184122,34.0792578607539],[-118.211907184165,34.082524861438],[-118.210944183827,34.0829418611656],[-118.210975184488,34.0832608613937],[-118.211935184732,34.0831268616316],[-118.212179184305,34.0838878615523],[-118.21197018501,34.0845748611885],[-118.211401185015,34.0852778611517],[-118.213080185269,34.0856438611186],[-118.212781674614,34.0864148470774],[-118.212778184703,34.0864238613186],[-118.212777563005,34.0864239615819],[-118.211787184336,34.0865838618221],[-118.210767184917,34.0870458616632],[-118.208794183956,34.088654862287],[-118.208199327961,34.0892788997442],[-118.207877616718,34.0896163935929],[-118.207734183751,34.0897668623577],[-118.206390184139,34.0919498621735],[-118.206190183778,34.0938898624534],[-118.205914184081,34.0946498629382],[-118.205523183874,34.0952388631746],[-118.205336184709,34.0951668630134],[-118.202649452818,34.0991669567564],[-118.20256018468,34.0992998631745],[-118.20043918421,34.1012358641115],[-118.200262126648,34.1013438725985],[-118.199887926344,34.1015721422719],[-118.199421183572,34.1018568641547],[-118.197637183071,34.102505863817],[-118.196011183482,34.1025978639475],[-118.196440183594,34.1030048639171],[-118.193602182532,34.102898864235],[-118.192068605728,34.1034075021956],[-118.192001183135,34.1034298645337],[-118.18722618259,34.106833865599],[-118.185592878043,34.1083129961838],[-118.185478181768,34.1084168654594],[-118.185099182096,34.1090148658443],[-118.18481118153,34.1103678653382],[-118.184449182297,34.1109558658662],[-118.182980181388,34.1114628662031],[-118.181178181383,34.1111078663613],[-118.180334181154,34.1111468659262],[-118.18045318174,34.1112498657968],[-118.178446180982,34.1120588659706],[-118.177404181375,34.1128868667779],[-118.176200477518,34.1124563301894],[-118.176199999166,34.1124561586945],[-118.176326028952,34.1124163877576],[-118.176520878013,34.1123548866602],[-118.177005180668,34.112202866258],[-118.176898181278,34.1120618666369],[-118.176899428257,34.1120518686376],[-118.176904543067,34.1120108919828],[-118.176982181122,34.1113888662763],[-118.176983740547,34.1113749200152]]]},"properties":{"name":"Montecito Heights"}},{"type":"Feature","geometry":{"type":"Polygon","coordinates":[[[-118.213561187727,34.1162708650427],[-118.212070186636,34.1159238648867],[-118.211329186425,34.115423864462],[-118.210127186223,34.1149628652271],[-118.208707213977,34.1139921658291],[-118.208651185919,34.1139538645466],[-118.20796618608,34.1130908651794],[-118.207965186437,34.1125778648809],[-118.205331185352,34.1093968648132],[-118.20375318487,34.1071868644111],[-118.204049184802,34.1068658643236],[-118.206053185161,34.1058788644767],[-118.20570418495,34.1053898636444],[-118.205509184988,34.1054068638404],[-118.205443737651,34.1049500746367],[-118.205168184712,34.1030268638488],[-118.204998184881,34.1009458633889],[-118.205198366225,34.100038792582],[-118.205222184824,34.0999308632135],[-118.205842184851,34.0990318630254],[-118.208494185375,34.0971378631311],[-118.209680184889,34.0953928630078],[-118.211176185663,34.0938438625076],[-118.211213500022,34.0937466068433],[-118.211561605354,34.0928393209841],[-118.211585185591,34.092777862],[-118.211575366811,34.0926292140487],[-118.21146180512,34.0909098112938],[-118.211457184409,34.090839862393],[-118.212130185328,34.0903468624197],[-118.215630185201,34.0885288617917],[-118.216094185923,34.0891578620356],[-118.216596185676,34.0888138612073],[-118.218227186237,34.0886798616328],[-118.219031185693,34.0890228618353],[-118.220860186062,34.0910438613436],[-118.221086186552,34.09208786177],[-118.221016186762,34.0936728616118],[-118.222315186703,34.0954188619505],[-118.222488359386,34.0955405005294],[-118.223891188031,34.0965258621306],[-118.225373187712,34.0967808619261],[-118.227492188711,34.0977678622484],[-118.229992189291,34.0995408620099],[-118.232178189682,34.1003128621495],[-118.233097189159,34.1012308623492],[-118.234040189418,34.1018218623946],[-118.234130189552,34.1027568621177],[-118.23407928093,34.102847332982],[-118.233789189854,34.1033628620773],[-118.232987189498,34.1038568619176],[-118.233211149755,34.1042273632881],[-118.233230189563,34.1042588621182],[-118.232826189841,34.1044728624527],[-118.232646872946,34.1045209448208],[-118.232054183225,34.1046798696179],[-118.231696189667,34.1047758628812],[-118.231458239074,34.1047879847104],[-118.228948188728,34.1049158624676],[-118.228794712488,34.1049540165783],[-118.228496689321,34.1050281048884],[-118.227878188655,34.1051818624603],[-118.226560422052,34.1057282153543],[-118.2253721886,34.106220863241],[-118.224908836815,34.1067859752792],[-118.224903188116,34.1067928626751],[-118.224862955641,34.106818070443],[-118.222306212471,34.1084199884912],[-118.221644129879,34.1088348137968],[-118.221588188599,34.1088698633556],[-118.220922188179,34.11063086333],[-118.22102118872,34.1114578636953],[-118.223998793903,34.1152348919336],[-118.224038189422,34.1152848638396],[-118.224007041982,34.1153273377446],[-118.22357618868,34.1159148641721],[-118.222988807122,34.1162369469693],[-118.222945188561,34.1162608639413],[-118.222774170421,34.1168457820922],[-118.222757189218,34.1169038639259],[-118.222649198456,34.1169277957449],[-118.222485750282,34.1169640164783],[-118.222396188468,34.1169838644629],[-118.220891824504,34.1164681290193],[-118.219622188019,34.1160328646424],[-118.219585305004,34.1160616562648],[-118.219075188144,34.1164598645124],[-118.218387188792,34.1177878650533],[-118.216731187492,34.11746786511],[-118.214883188167,34.1165568649165],[-118.213670292419,34.1162944681245],[-118.213561187727,34.1162708650427]]]},"properties":{"name":"Mount Washington"}},{"type":"Feature","geometry":{"type":"Polygon","coordinates":[[[-118.495248461462,34.2202300938775],[-118.495689243339,34.2201308603172],[-118.49578142222,34.2201469322039],[-118.497244007277,34.220401949696],[-118.498895244233,34.2206898598068],[-118.498905283774,34.2207388136084],[-118.49908739391,34.221626812526],[-118.499113244033,34.2217528604626],[-118.499008243932,34.2229398605469],[-118.498899883284,34.223202755204],[-118.497093243938,34.2275858610969],[-118.496309243781,34.2321258614134],[-118.495983245122,34.239425861966],[-118.495343244518,34.2411348623209],[-118.493061245001,34.2439288632327],[-118.491543244599,34.2496838638921],[-118.49152524471,34.2501968635243],[-118.50241624644,34.250263863212],[-118.502347262273,34.2575192943816],[-118.502347247833,34.2575208640256],[-118.473302242407,34.2573358654409],[-118.472133242132,34.2573278654869],[-118.472199242078,34.2500738648063],[-118.451890238578,34.2499398660887],[-118.452010077327,34.2488049174994],[-118.452026237965,34.2486518658645],[-118.452121880902,34.2484299534774],[-118.453069238167,34.2462318651494],[-118.454035237748,34.2448968650168],[-118.456133238088,34.2426728647697],[-118.457786237771,34.2349728635073],[-118.459266238272,34.2320688633917],[-118.459262237531,34.2318508636328],[-118.459068238078,34.2318498633187],[-118.458845238022,34.2314248638409],[-118.458607237883,34.2304138629368],[-118.459437237969,34.2271668633121],[-118.459862237697,34.2240898628687],[-118.459610237092,34.2214678621215],[-118.492425242775,34.221283860166],[-118.492468744745,34.2212759082347],[-118.493137717373,34.2211536150382],[-118.493437243045,34.221098860457],[-118.493503631533,34.2210633457518],[-118.494925243158,34.2203028598959],[-118.494968269599,34.2202931735402],[-118.495248461462,34.2202300938775]]]},"properties":{"name":"North Hills"}},{"type":"Feature","geometry":{"type":"Polygon","coordinates":[[[-118.39621722449,34.2013268632884],[-118.394022225066,34.2008928639288],[-118.392578224624,34.2011998638406],[-118.37032422045,34.2012018655473],[-118.370324220285,34.2012013390502],[-118.370325219766,34.1963838645954],[-118.370028118332,34.1963278299716],[-118.365960842163,34.1955213765871],[-118.365960723285,34.1955244547931],[-118.365960687851,34.1955606921689],[-118.361232227533,34.1946688800628],[-118.361163267709,34.1946550048702],[-118.36120221857,34.193975864755],[-118.36106142772,34.1939788607588],[-118.361047209755,34.1938837811721],[-118.36104314437,34.1938566480402],[-118.361042886,34.1938551062823],[-118.360960293231,34.1933074240908],[-118.360874471089,34.1927390044214],[-118.36087198557,34.1927224415947],[-118.360790010121,34.1921792642365],[-118.360239968423,34.1885337682396],[-118.360213587569,34.1883589162677],[-118.360192925261,34.1882220776775],[-118.360172296651,34.1880852389838],[-118.360151635446,34.1879483733379],[-118.360131040722,34.1878115624846],[-118.360110346259,34.187674751925],[-118.360089717919,34.1875379132178],[-118.360069023472,34.1874010747041],[-118.360048428901,34.1872642367914],[-118.360027767134,34.1871273981742],[-118.360007139185,34.1869905874006],[-118.359986478639,34.1868537487733],[-118.359973781726,34.1867694541335],[-118.359870945466,34.18609001155],[-118.35777021667,34.1721668631369],[-118.354739298652,34.1649140613524],[-118.354770371915,34.1649139206089],[-118.354840621009,34.1649140994471],[-118.355248914799,34.1649150436165],[-118.355406663025,34.1649154085981],[-118.355413072974,34.1649136642185],[-118.361546215921,34.1649118617336],[-118.361525216046,34.1576648611525],[-118.370241216601,34.1576548604929],[-118.36746521608,34.1530358597147],[-118.367474555912,34.1530353210589],[-118.370220216893,34.1528768599136],[-118.370220216514,34.1530718595419],[-118.373133217563,34.1529988596617],[-118.374323217065,34.1531958597792],[-118.375436217568,34.1535868599945],[-118.374853217216,34.1529078599964],[-118.375550217672,34.1529528600401],[-118.375579077793,34.1529604983662],[-118.376725218298,34.1532638598908],[-118.377814432286,34.1540302121769],[-118.377953218269,34.1541278593048],[-118.378290362174,34.154531341607],[-118.378324218272,34.1545718598234],[-118.377686217734,34.1544508595803],[-118.379281218766,34.1568678597353],[-118.379162218438,34.1571328601532],[-118.381491219299,34.1624828607448],[-118.383623219807,34.1673498611523],[-118.383971851833,34.1679252768358],[-118.384252906539,34.1683891571462],[-118.384427220307,34.1686768606221],[-118.384816067679,34.1690609471693],[-118.385947366275,34.170178395335],[-118.386224220791,34.1704518609486],[-118.388754221059,34.172152860872],[-118.389123221286,34.1721528605555],[-118.391349221826,34.1736298606624],[-118.392595222012,34.1747398610957],[-118.392692495233,34.1748691034339],[-118.393806223076,34.1763488610318],[-118.395393223133,34.1795638617999],[-118.396455223276,34.1810408615749],[-118.39645522378,34.1813968616711],[-118.399747223698,34.1842508616716],[-118.400680224799,34.1854358616596],[-118.401244224141,34.1866798614603],[-118.401519224714,34.1866798621534],[-118.403376226569,34.1999078627837],[-118.40381122611,34.2013428636648],[-118.404606615263,34.2029804870205],[-118.404609227009,34.2029858631726],[-118.39621722449,34.2013268632884]]]},"properties":{"name":"North Hollywood"}},{"type":"Feature","geometry":{"type":"Polygon","coordinates":[[[-118.499090244019,34.2216028603262],[-118.498905718421,34.2207389019705],[-118.498895244233,34.2206898598068],[-118.501159170037,34.2211384680753],[-118.501434891266,34.2211931033263],[-118.501605244504,34.2212268596224],[-118.510860246127,34.2210988592409],[-118.510996245735,34.220903859265],[-118.51746624681,34.2208138589981],[-118.517466247211,34.2210058587445],[-118.518624242571,34.2209885563206],[-118.562295443375,34.2203360180263],[-118.56230625399,34.2203358559981],[-118.562316925415,34.231815870296],[-118.562319255003,34.2343218574559],[-118.564003255498,34.2348658578202],[-118.56448625604,34.2355528577837],[-118.564685257089,34.2437698591054],[-118.564407257085,34.244940858795],[-118.5638322567,34.2459358591001],[-118.563786257125,34.2469908591274],[-118.563362256444,34.2475898587539],[-118.563018257055,34.248535858974],[-118.56199225645,34.2495198594677],[-118.561815257082,34.2500018598331],[-118.56081725697,34.2511238594097],[-118.560499256735,34.2517008594073],[-118.559777257083,34.2537668602874],[-118.560088256503,34.2553608598223],[-118.55995625647,34.2557628606272],[-118.558544256462,34.2572648602409],[-118.52373125142,34.2572708628175],[-118.523335251184,34.2573438621702],[-118.523336250974,34.2574958624549],[-118.52121925078,34.2576388622444],[-118.502347247833,34.2575208640256],[-118.502347262273,34.2575192943816],[-118.50241624644,34.250263863212],[-118.49152524471,34.2501968635243],[-118.491543244599,34.2496838638921],[-118.493061245001,34.2439288632327],[-118.495343244518,34.2411348623209],[-118.495983245122,34.239425861966],[-118.496309243781,34.2321258614134],[-118.497093243938,34.2275858610969],[-118.498870244416,34.223451859819],[-118.498899883284,34.223202755204],[-118.49908739391,34.221626812526],[-118.499090244019,34.2216028603262]]]},"properties":{"name":"Northridge"}},{"type":"Feature","geometry":{"type":"Polygon","coordinates":[[[-118.557033245922,34.1265308465003],[-118.556691245338,34.1265208463418],[-118.556164245553,34.1270748467373],[-118.555859245751,34.1281838465979],[-118.55462624576,34.1280158462924],[-118.553971241816,34.1286042709797],[-118.553898245698,34.1286698466106],[-118.553849641207,34.1286381393657],[-118.553765260672,34.1285830927729],[-118.553665244982,34.1285178464562],[-118.553634244978,34.1282518464918],[-118.554145245517,34.1277808464346],[-118.554269245768,34.1274338462454],[-118.554770313364,34.1270607498147],[-118.55482524556,34.127019846171],[-118.554780235197,34.126921462676],[-118.554662562115,34.1266642469251],[-118.554599245435,34.1265258467151],[-118.553572245125,34.1260418469229],[-118.552423245239,34.1259728464503],[-118.551598244987,34.1263188464692],[-118.550073244861,34.1262838467018],[-118.549495244173,34.126438846551],[-118.548098243993,34.1258258465276],[-118.546219244183,34.1260838465958],[-118.545241243338,34.1265898466834],[-118.544422243799,34.1265528473017],[-118.539825242834,34.1283868472685],[-118.538418242377,34.1280408477911],[-118.536820242292,34.1292188476575],[-118.536228242479,34.1291438480785],[-118.534773241597,34.1283298480315],[-118.53414924241,34.1282228480006],[-118.532390242191,34.128891847592],[-118.531591241938,34.1288938478265],[-118.529736241005,34.1293718477958],[-118.528345240766,34.1289258485877],[-118.527141240664,34.1289408483915],[-118.526459240219,34.1286268484516],[-118.527008592047,34.1281253471728],[-118.5270562413,34.1280818482508],[-118.527053821797,34.1280034760142],[-118.527024241066,34.127044848198],[-118.527313241021,34.1257298477949],[-118.5273312036,34.1256866558763],[-118.527533240509,34.1252008482133],[-118.527943240937,34.1249188478924],[-118.527945719959,34.1248771046752],[-118.52800924099,34.1238078478779],[-118.528168240642,34.1234448477021],[-118.528018240793,34.1230628480329],[-118.528621240502,34.1223818476718],[-118.528700240257,34.1217448474614],[-118.52763024007,34.1203618472322],[-118.527488239849,34.1190228467932],[-118.527069240197,34.1187458467969],[-118.526373239576,34.1185918468317],[-118.526891239796,34.1180188468532],[-118.526479239327,34.1172448474454],[-118.526473239853,34.1166448469314],[-118.526279240048,34.1162678466574],[-118.526326239253,34.1157128466122],[-118.525928239863,34.1148588465577],[-118.526119239139,34.1136178470159],[-118.525951239152,34.1130558466993],[-118.526189238867,34.1122588465986],[-118.525917238763,34.1115368462587],[-118.526030239225,34.1110938461784],[-118.525709239484,34.1105278460137],[-118.525899238599,34.1093308465381],[-118.525229238352,34.1083948462808],[-118.525296238769,34.107594846139],[-118.525797238834,34.1067048461664],[-118.525862239097,34.1063068455245],[-118.525661238598,34.1058848456591],[-118.52533123903,34.1056328456843],[-118.525252239042,34.1050068458022],[-118.524216238307,34.1035178455805],[-118.523989237898,34.1027518455756],[-118.523969238007,34.1018758459032],[-118.523717237992,34.1015628458795],[-118.523713238325,34.1006188457204],[-118.523360238217,34.0999218456506],[-118.523453237542,34.0989688454011],[-118.522945237768,34.0982088451434],[-118.522954237098,34.0973788455277],[-118.522257236877,34.095255844977],[-118.522300236716,34.0945118444086],[-118.522010236978,34.0938378452306],[-118.522739237428,34.0926698445915],[-118.522548236904,34.0918138444161],[-118.521639236412,34.0906728443136],[-118.521288236438,34.0897088441235],[-118.521302236594,34.0891628439079],[-118.519587235866,34.0868108437147],[-118.518696235421,34.0844328435573],[-118.51802623525,34.0832028436595],[-118.518093235262,34.0828848435407],[-118.519051235237,34.0833048438401],[-118.519226236282,34.0832438436552],[-118.518649235594,34.0829098438627],[-118.518429235936,34.0823928441294],[-118.518568235374,34.0819598434627],[-118.518662235121,34.0823398440407],[-118.518885236161,34.0824888441487],[-118.519751235935,34.0825308439043],[-118.519707235332,34.0823668437326],[-118.519118235787,34.0822648434746],[-118.519166235642,34.0816938439386],[-118.518447235827,34.0810708434614],[-118.518614235812,34.0807198439022],[-118.518767235663,34.0810668435126],[-118.519655235327,34.0812768434493],[-118.520087235361,34.0815858436543],[-118.520876235974,34.0815988432709],[-118.519613235596,34.0806658436454],[-118.519151235679,34.0799458430153],[-118.518834235192,34.0789728434696],[-118.519112235517,34.0781988432874],[-118.518201234862,34.0773778435081],[-118.517831235475,34.0767308431532],[-118.517930234759,34.0760038430693],[-118.51776623491,34.0756248426228],[-118.517521234769,34.0754278430678],[-118.516617234939,34.0753238434124],[-118.516247234539,34.0750418431115],[-118.516056234019,34.0744758429412],[-118.516109234821,34.0740858428404],[-118.51667723451,34.0734698426406],[-118.516836234746,34.0730038424135],[-118.51622923482,34.0714488428471],[-118.51434123362,34.0696168424041],[-118.512980233824,34.0685288425191],[-118.512697233084,34.0676908422481],[-118.50954723317,34.0660978423729],[-118.507118232181,34.0644868424073],[-118.506636232536,34.063892842276],[-118.50636623225,34.0632268427236],[-118.506358232007,34.0622818422795],[-118.507067232176,34.0609728420859],[-118.507319231555,34.0601058419042],[-118.506364231525,34.0596898415733],[-118.506318231596,34.0591408420608],[-118.506593231326,34.0584328416441],[-118.506383231956,34.0561198413583],[-118.507620231784,34.0538998410497],[-118.507918231006,34.0528008409421],[-118.509714231838,34.0517778406626],[-118.510310231205,34.0511048409459],[-118.509893231654,34.0509168410799],[-118.509839510469,34.0508596542972],[-118.50977380192,34.0507897063263],[-118.509490231894,34.050487840853],[-118.509314136068,34.050059086979],[-118.509192021004,34.0497617632813],[-118.509168231766,34.0497038405521],[-118.509316231402,34.0487708405075],[-118.510179230911,34.0474568406752],[-118.510174768767,34.0474094178539],[-118.510116318191,34.0467882693013],[-118.510112231374,34.0467448405136],[-118.510002736992,34.046648161316],[-118.509778765128,34.0464504034203],[-118.509625231339,34.0463148407169],[-118.509312231594,34.0462478399907],[-118.509184770488,34.0462764992252],[-118.508579491828,34.0464125940332],[-118.508338230786,34.0464668403654],[-118.508293508054,34.0465267717891],[-118.504662231097,34.05139284077],[-118.503973230704,34.0521028409136],[-118.503888848955,34.0521485260052],[-118.502560231016,34.052867841272],[-118.501817230767,34.0529568413479],[-118.500448230491,34.0528258418846],[-118.499912230209,34.0529928415266],[-118.499396230186,34.0534658419259],[-118.498708230147,34.0546098417152],[-118.496389229781,34.0560848422255],[-118.49607622941,34.0566318422232],[-118.495551229896,34.0598718426918],[-118.495520051923,34.0599129969348],[-118.49539112434,34.0600831818913],[-118.495201229438,34.0603338428261],[-118.495072260819,34.0603702798455],[-118.494644738666,34.0604910644304],[-118.494440229695,34.0605488430313],[-118.494366423158,34.0605205465614],[-118.4940604689,34.0604032507322],[-118.493694229292,34.0602628426181],[-118.493619069726,34.060133473427],[-118.493519780584,34.0599625715484],[-118.493407229819,34.0597688427237],[-118.493350229699,34.0587228428538],[-118.492670229415,34.0581888427618],[-118.493078229736,34.0575098428343],[-118.493176228772,34.0568938425059],[-118.493123228798,34.0561208419174],[-118.492613228631,34.0551358425219],[-118.492460229291,34.054455842087],[-118.492525228458,34.0535088419523],[-118.493055123571,34.0518510777482],[-118.493280229203,34.0511468414819],[-118.493809228637,34.0501208413495],[-118.493834375307,34.050137480981],[-118.493948195999,34.0502127960563],[-118.493983130641,34.0502426581478],[-118.494122420097,34.0503617593572],[-118.494134198527,34.050371823715],[-118.494426682207,34.0506219212952],[-118.494550774562,34.0504917467236],[-118.494522476183,34.0504676490998],[-118.494653228699,34.0501668418667],[-118.494867229055,34.0503498419117],[-118.494867376245,34.0503496402655],[-118.494867441559,34.0503496958932],[-118.49486755136,34.0503493988371],[-118.49519950732,34.0498937141685],[-118.49522365761,34.0498662273032],[-118.495345537576,34.0497266290905],[-118.49540144797,34.0496241499785],[-118.4954162924,34.0495961269709],[-118.495417229229,34.0495948411402],[-118.495487681188,34.0495218709787],[-118.497317347611,34.0476361426749],[-118.497711021944,34.047230380988],[-118.498295745241,34.0466278642376],[-118.49920403686,34.0456914822601],[-118.499500511459,34.0453858879279],[-118.500047119081,34.0448224577437],[-118.500097017469,34.0447705614055],[-118.500107394219,34.0447597549648],[-118.500326102597,34.0445323041289],[-118.500575285467,34.0442731447811],[-118.500816460139,34.0440223077743],[-118.501057674265,34.043771427747],[-118.501298599578,34.0435208468433],[-118.501539530997,34.0432702600213],[-118.50178091514,34.0430191966255],[-118.502021591815,34.0427688695376],[-118.502032250592,34.0427578598136],[-118.502052888937,34.0427365346662],[-118.502324417889,34.042454762858],[-118.502533876022,34.0422371651338],[-118.502545980917,34.0422246113213],[-118.502737232113,34.042025967227],[-118.503151422655,34.0415962295462],[-118.503566364539,34.0411657182909],[-118.503982645718,34.0407338819624],[-118.503993852914,34.0407442479494],[-118.504066656687,34.0408115783366],[-118.504592230116,34.0412978401191],[-118.504592396536,34.0412977808236],[-118.50459255009,34.041297922625],[-118.504593503147,34.0412973912423],[-118.506610229946,34.0405868402455],[-118.506610567818,34.0405866594217],[-118.506612053761,34.0405861429165],[-118.506646542018,34.0405674129966],[-118.507559948287,34.0400787358848],[-118.507563339172,34.0400812612641],[-118.507566996023,34.0400749657763],[-118.507567230258,34.0400748394778],[-118.507585098024,34.0400437938214],[-118.507599686801,34.0400186733336],[-118.50760688474,34.0400062811807],[-118.50761019617,34.0400005289682],[-118.507797969109,34.039674273278],[-118.50782808576,34.0396219646783],[-118.507857131622,34.0395711300823],[-118.507921774314,34.039458811388],[-118.508097012187,34.0391550679847],[-118.508103689718,34.0391434938841],[-118.508108472555,34.0391352048481],[-118.508320648847,34.0392057839342],[-118.508335364879,34.0392102287695],[-118.508357795759,34.0391590504679],[-118.508356733407,34.0391586961284],[-118.508358230903,34.0391588394789],[-118.508128230573,34.0390818398874],[-118.508275230419,34.0383548391708],[-118.508275182201,34.0383545671092],[-118.508229230133,34.0380958396613],[-118.508097229709,34.0381038392128],[-118.507966553294,34.037501477261],[-118.507953954168,34.0374427121118],[-118.507950999746,34.0374291176251],[-118.507924717834,34.0373082435688],[-118.507911552651,34.0372477354193],[-118.507895247097,34.0371727861172],[-118.507700229758,34.0362738396875],[-118.508714459372,34.0339708594138],[-118.508715965486,34.0339681601737],[-118.508716652148,34.0339669329917],[-118.50874066923,34.0338185549285],[-118.508752121303,34.0337477765049],[-118.508777569624,34.0335904617689],[-118.508814407272,34.0333629458487],[-118.508813955568,34.0333620308881],[-118.508705525643,34.0330425788364],[-118.508737247879,34.03303488217],[-118.508821298093,34.0330143191014],[-118.508869447291,34.0330025205895],[-118.509067845727,34.0329538702449],[-118.509496972511,34.032848684329],[-118.509510477038,34.0328332398878],[-118.509542856874,34.0328008975933],[-118.509554502506,34.0327892519597],[-118.509661056127,34.0326827885432],[-118.509696060973,34.0326478251735],[-118.509771907436,34.0325720750664],[-118.509781475731,34.0325605490712],[-118.509931643921,34.0324124863949],[-118.51009448686,34.0322497587538],[-118.510094668748,34.0322495758746],[-118.510272588339,34.0320718773608],[-118.510326257524,34.0320182307827],[-118.510361982949,34.0319825501549],[-118.510453772226,34.0318908489252],[-118.510464405835,34.0318802045833],[-118.51047499315,34.0318696046116],[-118.510496788056,34.031847841286],[-118.510569830169,34.0317500013277],[-118.5107656215,34.0314877370637],[-118.51077543768,34.0314787234286],[-118.510830955737,34.0314277508785],[-118.510920469302,34.0313657447649],[-118.511032312912,34.0313202044201],[-118.511095619562,34.0312892652132],[-118.511121229175,34.0312767498301],[-118.511153675106,34.0312603928937],[-118.511181168026,34.0312461484881],[-118.511238708846,34.0312163380027],[-118.511333375206,34.0311578915723],[-118.511405334202,34.0310957034083],[-118.511470660375,34.031015210525],[-118.511521824931,34.0309221119003],[-118.511570616257,34.0308496360755],[-118.511657942686,34.0307857256159],[-118.511733608791,34.0307449727403],[-118.511744003351,34.0307393788129],[-118.511848449169,34.0306884021384],[-118.511943112903,34.0306300471953],[-118.51200624289,34.0305855933008],[-118.512018928849,34.0305766638582],[-118.512250391646,34.0303826149219],[-118.51227488722,34.030362066808],[-118.512285296251,34.0303533669737],[-118.512308576966,34.030333895035],[-118.51242475142,34.0302364569108],[-118.512520041352,34.030156555702],[-118.512540958083,34.030139017636],[-118.512657196964,34.0300415790133],[-118.512729698589,34.029980789643],[-118.512768658266,34.0299400928302],[-118.512872256692,34.0298318531679],[-118.512932729406,34.0297686689019],[-118.512975887327,34.0297236123778],[-118.513079483968,34.0296153454982],[-118.513183114239,34.0295071324785],[-118.513234929476,34.02945297049],[-118.513241252729,34.0294463731996],[-118.513286043228,34.0293983192219],[-118.513367742419,34.0293107092728],[-118.513387142919,34.0292878917891],[-118.513484044151,34.0291739138407],[-118.51352498326,34.0291257580531],[-118.513580943963,34.0290599241002],[-118.513678001256,34.0289460544175],[-118.513757456099,34.0288526370291],[-118.513766213486,34.0288423465696],[-118.513776421963,34.0288296076677],[-118.513802252674,34.0287973831503],[-118.513877880059,34.0287465534988],[-118.513895873553,34.0287344648153],[-118.514069414819,34.0286138493735],[-118.514146925787,34.0285425466187],[-118.5144902395,34.0281805292308],[-118.514614528246,34.0280513779669],[-118.514696891132,34.0279837405639],[-118.514793978611,34.0279271562816],[-118.514869335344,34.0278381902977],[-118.514900376088,34.0277893027353],[-118.514999699633,34.0275513769965],[-118.515000230135,34.0275508383183],[-118.515254216996,34.0269434792731],[-118.515254391586,34.0269433460018],[-118.515893549569,34.0264264304827],[-118.516090914047,34.0262668414012],[-118.516174527483,34.0261986188508],[-118.51675110946,34.0257320052694],[-118.519547231241,34.0275328379266],[-118.530027233848,34.0334138380831],[-118.535638234598,34.0351178372675],[-118.543127236342,34.0385138371608],[-118.544811545527,34.0384619652979],[-118.545069991316,34.0385585798835],[-118.545112321325,34.0385744037397],[-118.545282321974,34.0386444034008],[-118.545562321718,34.0387344041669],[-118.546112322217,34.0388444038322],[-118.546339050852,34.0388760860054],[-118.546372322188,34.0388844036188],[-118.546442322377,34.0388844041812],[-118.546602322438,34.0389144035465],[-118.546822322235,34.0389244034855],[-118.547072322525,34.0389544038974],[-118.547512322156,34.0390144039002],[-118.547772321775,34.0390444035009],[-118.548002322534,34.0390444038185],[-118.548062321884,34.0390444037547],[-118.548322322867,34.0390544033008],[-118.548462321941,34.0390644038177],[-118.548732322202,34.0391344041441],[-118.549212322564,34.0391944036864],[-118.549628837776,34.0392398419619],[-118.549762323054,34.0392544035692],[-118.549952322238,34.0392644036822],[-118.550122322264,34.0392544037928],[-118.550312322379,34.0392344036812],[-118.550582323058,34.0392044037352],[-118.550762322444,34.0391644036704],[-118.550821665432,34.0391495676797],[-118.550962322764,34.0391144032421],[-118.551172322941,34.0390544038288],[-118.551332323201,34.039004403263],[-118.551472322883,34.0389944032225],[-118.551552323361,34.0389744031586],[-118.551882322606,34.0388944035564],[-118.552032323268,34.0388544034753],[-118.552195967455,34.0387971277015],[-118.552232323322,34.0387844038721],[-118.552372322584,34.0387644038039],[-118.552522322753,34.0387344039017],[-118.552722323185,34.038674403368],[-118.552952327115,34.0385744034931],[-118.553122322873,34.0384744031236],[-118.553232322752,34.0384044030169],[-118.553352326785,34.0383644016958],[-118.553412324072,34.0382944042871],[-118.553475807243,34.0382520807804],[-118.55356537037,34.0381923695688],[-118.556245238611,34.0381098368538],[-118.557855395647,34.0385815689405],[-118.557862323679,34.0385844029286],[-118.557962323959,34.0386144030115],[-118.558072323892,34.0386744033395],[-118.558832323955,34.0389344031268],[-118.559049754764,34.0390203024098],[-118.559642324607,34.0392544028567],[-118.559872324346,34.0393744026903],[-118.560062324498,34.0394644031471],[-118.560275067553,34.0395053152635],[-118.560322324421,34.0395144034782],[-118.560542324029,34.0396144026918],[-118.560762324436,34.0396944035257],[-118.561002325026,34.0397944027758],[-118.561182324348,34.039854403198],[-118.561572324816,34.0399944032295],[-118.561721340719,34.0400391080636],[-118.561772325021,34.0400544035122],[-118.562502324365,34.0403344033918],[-118.562692329248,34.0403944036456],[-118.562712322085,34.0404244012052],[-118.562792324896,34.040434403269],[-118.562852325291,34.0404344030679],[-118.563097753229,34.0405220560257],[-118.563132325429,34.0405344027706],[-118.563399492591,34.0406298205747],[-118.563552325283,34.0406844033696],[-118.563612325201,34.0407044034809],[-118.563846713627,34.0407825338923],[-118.56433595173,34.0409456125471],[-118.564482325622,34.0409944031076],[-118.56479943319,34.0410648722064],[-118.565260879699,34.0411674151311],[-118.565292325485,34.0411744027118],[-118.565452325596,34.0411944034038],[-118.56562232567,34.0411844033366],[-118.565722656654,34.0411796257378],[-118.565832325244,34.0411744031125],[-118.566022325961,34.0411944030986],[-118.56617784767,34.0412192867367],[-118.566272325548,34.041234403389],[-118.566522325933,34.041284403054],[-118.566619474165,34.0413080976922],[-118.566932325979,34.0413844033286],[-118.567027721071,34.0414082519207],[-118.567075257563,34.0414201390802],[-118.5695955314,34.0461408740654],[-118.569623555757,34.0461939688829],[-118.569720255924,34.0463748469487],[-118.569751792045,34.0464335661146],[-118.570119241502,34.0471218365903],[-118.570126584458,34.0476886254889],[-118.570128660764,34.0478488566005],[-118.570131325111,34.0481324194429],[-118.570131364763,34.0481366492891],[-118.570133902294,34.0482534617827],[-118.570141235145,34.0488193744621],[-118.570142449148,34.0489155172511],[-118.570144099575,34.0490512284486],[-118.570144528614,34.0490754084762],[-118.570144639731,34.0490821785298],[-118.570158702522,34.0501675909196],[-118.570159359342,34.0502199502653],[-118.57016098404,34.0503469508964],[-118.570160998084,34.0503490117547],[-118.570203533111,34.0536304962414],[-118.57031023641,34.0618739574041],[-118.570312756444,34.0620643755723],[-118.570338621327,34.0640614869946],[-118.570347702159,34.0647638907639],[-118.570360221879,34.0657283476798],[-118.57040701523,34.069351297055],[-118.571415026912,34.0695260251662],[-118.571736958229,34.0695818046927],[-118.571809623692,34.0695943942416],[-118.571813689887,34.0695950899151],[-118.572061900161,34.0696381560088],[-118.573798387666,34.0699390862006],[-118.57477834523,34.0701089187252],[-118.576319665268,34.0703760355408],[-118.577591454518,34.0705963606476],[-118.578360437038,34.0707295767139],[-118.578737556282,34.0707949073945],[-118.580149568824,34.0710395947868],[-118.587772658278,34.0723600104183],[-118.587856341525,34.0723745020894],[-118.588198867069,34.0724339430391],[-118.588358059602,34.0724613571956],[-118.588358084773,34.0724613931347],[-118.590806580299,34.0728855077864],[-118.59080988661,34.0728860965505],[-118.591626189714,34.073027438071],[-118.596274182549,34.0738321418881],[-118.599216236865,34.0743418363588],[-118.599202282896,34.074364406321],[-118.599200553735,34.074367272794],[-118.599186196308,34.0743905398463],[-118.599094441804,34.0745392313691],[-118.599055582094,34.0746018398066],[-118.599006081979,34.0746824218939],[-118.564764246682,34.1301728462343],[-118.565826246963,34.1305778459117],[-118.566041247377,34.130870846362],[-118.564881247591,34.1312908462231],[-118.564410264704,34.131667437781],[-118.564397247205,34.1316778464872],[-118.564206952748,34.1313628599529],[-118.563988247055,34.1310008468249],[-118.563944905343,34.1309702910652],[-118.563878181545,34.1309232541553],[-118.563666247107,34.130773846157],[-118.562826336026,34.1305826559066],[-118.562534709466,34.1305162723425],[-118.562146247214,34.1304278467492],[-118.561388246838,34.1303952050646],[-118.561101246452,34.1303828468288],[-118.561059859712,34.1303605273887],[-118.560541246174,34.1300808467497],[-118.560060245938,34.1300258463932],[-118.560053367467,34.1300050156371],[-118.559849246826,34.1293868467236],[-118.559444007019,34.1288848213147],[-118.559334246289,34.128748846368],[-118.559296765519,34.1287203308779],[-118.558017245743,34.1277468463603],[-118.557849246323,34.1271258460755],[-118.557784894546,34.1270451835365],[-118.557693102946,34.1269301238613],[-118.557490245997,34.1266758461884],[-118.557275802915,34.1266078065968],[-118.557134013614,34.1265628186991],[-118.557033245922,34.1265308465003]]]},"properties":{"name":"Pacific Palisades"}},{"type":"Feature","geometry":{"type":"Polygon","coordinates":[[[-118.4113092348,34.2898078728542],[-118.409151234312,34.2877678724888],[-118.409006295953,34.2886285090195],[-118.408628375601,34.2882670584261],[-118.407593234448,34.287275872485],[-118.407817234267,34.2870968726969],[-118.408415234695,34.2870718727206],[-118.394878230576,34.2742888717996],[-118.393904356077,34.2736093395623],[-118.393806230778,34.2735408714587],[-118.397187230946,34.2710748715325],[-118.398256231371,34.2700678714312],[-118.40121623138,34.2665058708051],[-118.401650231636,34.2657228708679],[-118.401924231575,34.2646628703776],[-118.39677823027,34.2597878699236],[-118.396013229598,34.2587398699825],[-118.39560922926,34.259034870303],[-118.395137229231,34.259004869719],[-118.393681228969,34.2582418703592],[-118.390552228195,34.2574738704374],[-118.390910228777,34.2572118704571],[-118.387660854657,34.2567240686646],[-118.387626228462,34.25671887039],[-118.39012022869,34.2525088692663],[-118.389641227818,34.2528588697183],[-118.390062228197,34.2522098692913],[-118.390215228427,34.2523538700794],[-118.392076228214,34.2496798694546],[-118.396737228895,34.2454378685555],[-118.39870722945,34.2439598686261],[-118.398587229015,34.2438468684387],[-118.400088228698,34.242464867795],[-118.401366229066,34.2407138673836],[-118.401503229494,34.2408428675182],[-118.403544229015,34.2381288677514],[-118.407219229406,34.2352408667164],[-118.410145229475,34.2332228666232],[-118.410898230124,34.2341518664339],[-118.412008230884,34.2351098663665],[-118.411908230349,34.2352038666652],[-118.414529231292,34.2374158665611],[-118.434926236358,34.2567458672083],[-118.435155236534,34.2565788671899],[-118.439715236996,34.2608818673238],[-118.441048238095,34.2628378677233],[-118.441338237303,34.2626268676857],[-118.442192237944,34.2639908679317],[-118.44240123835,34.2639378683128],[-118.442545891184,34.2641222795749],[-118.442572238474,34.2641558674699],[-118.442176237969,34.2646618680018],[-118.443888238947,34.2669578682482],[-118.443603238434,34.2669948679971],[-118.447129239288,34.270357868082],[-118.449418240181,34.2732888684489],[-118.449591239451,34.2731638687785],[-118.450303240633,34.2740798689156],[-118.447062059456,34.2764455411415],[-118.447036298769,34.2764211531525],[-118.446949296691,34.2763388176129],[-118.446850848632,34.2762456156286],[-118.446559037654,34.2759698962272],[-118.446268392,34.2756952437633],[-118.446137343544,34.2755715766372],[-118.445754541804,34.2752097951428],[-118.445645451583,34.2751066567352],[-118.445536331374,34.2750035462881],[-118.445427241688,34.274900406782],[-118.445045312628,34.2745394186166],[-118.444979006122,34.2744762687886],[-118.444694962904,34.274208760057],[-118.444585605638,34.2741047417808],[-118.44447721332,34.274001598865],[-118.444040298671,34.273588214501],[-118.443930948737,34.2734852675412],[-118.443882558783,34.2734436595149],[-118.443882064575,34.2734432348987],[-118.443746239464,34.2733148685688],[-118.435598483319,34.279376687804],[-118.435071096119,34.2788785445515],[-118.434124735195,34.2779846415757],[-118.434120344561,34.2779805084364],[-118.434116882576,34.2779772266262],[-118.434007073694,34.2778735259082],[-118.434004499667,34.2778749640727],[-118.433726942057,34.2777488966357],[-118.433726577457,34.2777491647971],[-118.433726238169,34.2777488703077],[-118.433707567247,34.2777631138777],[-118.433064160126,34.278232479466],[-118.432930738965,34.2783321230954],[-118.432799790857,34.2784349942604],[-118.432671392586,34.27854103139],[-118.432551290653,34.2786452518972],[-118.432545237081,34.2786498704662],[-118.432537657645,34.2786572189347],[-118.432513131004,34.2786789209282],[-118.432434091542,34.2787511712344],[-118.430621170773,34.2804479371319],[-118.43061665499,34.2804521642764],[-118.430654467546,34.2804828777436],[-118.430581237449,34.280553870156],[-118.417931415991,34.2897801685814],[-118.417533073584,34.2900704610848],[-118.417458225815,34.2901248880041],[-118.417378826055,34.2901828591834],[-118.417135084906,34.2903605806573],[-118.417135325001,34.2903608070179],[-118.417135236259,34.2903608722343],[-118.417147147684,34.2903719868334],[-118.417353468285,34.2905670746504],[-118.417389548822,34.290598163343],[-118.418644236471,34.2917688725217],[-118.418098032177,34.2921682554691],[-118.417405825459,34.2926743078965],[-118.417163728765,34.2928512817592],[-118.417110558822,34.2928901606893],[-118.417076773454,34.2929148646788],[-118.416996150239,34.2929737828149],[-118.416921631184,34.2930282830844],[-118.41683467865,34.2930918432807],[-118.415803626039,34.2938455298985],[-118.415803858501,34.2938457490755],[-118.415682868168,34.2939342166734],[-118.415679235964,34.293936872448],[-118.4113092348,34.2898078728542]]]},"properties":{"name":"Pacoima"}},{"type":"Feature","geometry":{"type":"Polygon","coordinates":[[[-118.388352209493,34.0294898450871],[-118.387775493228,34.0290712283617],[-118.38777561093,34.0290711585657],[-118.387886245447,34.0290054988177],[-118.387919316425,34.0289858671591],[-118.388166424678,34.0288442408378],[-118.388998479276,34.0283671138813],[-118.389037584349,34.028344027632],[-118.389037813714,34.0283439872255],[-118.389204664316,34.0282488398684],[-118.389412495091,34.0281297361929],[-118.389449595506,34.0281084719634],[-118.389827892264,34.0278916386058],[-118.389846941684,34.0278799923948],[-118.39013366093,34.0277156975961],[-118.390183610508,34.0276877166667],[-118.390186770274,34.0276858997823],[-118.390243252043,34.0276534576662],[-118.390346456834,34.0275942602242],[-118.39034683696,34.0275940426272],[-118.390366535288,34.0275827269016],[-118.390414807555,34.0275549956153],[-118.390442740154,34.0275389742921],[-118.390450750826,34.0275343803168],[-118.390512763015,34.0274988694001],[-118.390516913012,34.0274964804366],[-118.390534223564,34.027486516593],[-118.390561184009,34.0274712412502],[-118.391028247343,34.0272032830797],[-118.391486122803,34.0269407161108],[-118.392634210399,34.0262828443212],[-118.392634464102,34.0262822232414],[-118.392646461353,34.0262753343743],[-118.392900550252,34.0261306581974],[-118.393458459775,34.0253760151408],[-118.393948868537,34.0257106119067],[-118.393949470978,34.0257113924714],[-118.394171240818,34.0255853122188],[-118.394209210649,34.0255638444445],[-118.394096210667,34.0253148448394],[-118.394300918203,34.0252000143806],[-118.394333623292,34.0252423950042],[-118.394606450492,34.0250873197438],[-118.394713851758,34.0250105592037],[-118.394821165299,34.0249338358176],[-118.395148759673,34.0247476395875],[-118.395230583481,34.0247011798873],[-118.395558175989,34.0245152025228],[-118.395766352535,34.0244799518508],[-118.396093941947,34.0242937530641],[-118.396175434422,34.024247265861],[-118.396502990834,34.0240613410367],[-118.396584787063,34.024014844445],[-118.396666602899,34.0239683919083],[-118.397007716262,34.0237744795595],[-118.397062318581,34.0237434143601],[-118.397017855279,34.0236857452821],[-118.397144208633,34.0236139120316],[-118.397266644407,34.0235441253989],[-118.397413075048,34.0234610143296],[-118.397494890242,34.0234144088728],[-118.397576683494,34.0233677619621],[-118.397702707233,34.0232962600733],[-118.397825407172,34.0232266640284],[-118.397961664899,34.0231491095081],[-118.397972230625,34.0231430569441],[-118.398092624837,34.0230745671966],[-118.398215323177,34.0230049987069],[-118.398309349216,34.0229514962575],[-118.398362210808,34.0229218444062],[-118.398361993898,34.0229215404038],[-118.398362112679,34.0229214732984],[-118.398359880386,34.0229185768268],[-118.397529825679,34.0217546455241],[-118.397565136369,34.0217248336458],[-118.397623413311,34.0216756127386],[-118.398984646132,34.0208678861876],[-118.398988721944,34.0208654989802],[-118.399112755056,34.0207919557127],[-118.39911295155,34.0207918387653],[-118.399113210336,34.0207918433189],[-118.399154258097,34.0208450693361],[-118.39917168069,34.0208677276525],[-118.399504043644,34.0212989520121],[-118.399504210949,34.021298844176],[-118.399504742185,34.0212985395028],[-118.400261210504,34.0208648439501],[-118.400507876003,34.0212853419609],[-118.400482849096,34.0212984296047],[-118.400606411612,34.0214585502],[-118.400609069261,34.0214620862084],[-118.400619577438,34.021475762752],[-118.400620210581,34.021476843392],[-118.400862545897,34.0213390311428],[-118.40128296288,34.0211001227611],[-118.40129945096,34.0210907803577],[-118.401279628951,34.0210655113684],[-118.401276951035,34.0210620421556],[-118.400514675809,34.0199407730902],[-118.400524617776,34.0199348161309],[-118.402093026398,34.0190238517296],[-118.402496816157,34.0187839072366],[-118.402712513246,34.0186557417346],[-118.403058089665,34.0184503929487],[-118.403064703784,34.0184589561627],[-118.403075954669,34.0184735261341],[-118.403219160822,34.0183884398997],[-118.403367070419,34.0183005637612],[-118.403528406315,34.0182047009553],[-118.404389240508,34.0176931599883],[-118.4043896,34.0176929460222],[-118.404537181075,34.0176052543602],[-118.405022306592,34.0173169761786],[-118.405216807758,34.0172013950891],[-118.405455991781,34.0170592613139],[-118.405554214315,34.0169716945164],[-118.405560068895,34.0169664748044],[-118.4068762119,34.0185788434194],[-118.406930051549,34.0185482369964],[-118.40693009077,34.0185482873501],[-118.406975756039,34.0186076003301],[-118.407057927649,34.0185608771827],[-118.40833362001,34.0178350131069],[-118.409405797857,34.0172250328369],[-118.40968412088,34.0170666493154],[-118.411318793603,34.0161365734515],[-118.411327829077,34.0161479822171],[-118.411637819825,34.0159715881246],[-118.411676357811,34.015949664839],[-118.412719601034,34.0153560227827],[-118.412816922287,34.0153005810705],[-118.412896684854,34.0152551333361],[-118.413956508453,34.0146522940119],[-118.414286483247,34.0144645707214],[-118.414675314194,34.0142432272171],[-118.414684418482,34.0142547076172],[-118.414847811656,34.0141615524095],[-118.414838744115,34.0141500619786],[-118.415253210687,34.0139143455109],[-118.415244063207,34.0139028959545],[-118.415657115831,34.0136674236688],[-118.417119087332,34.0128342609107],[-118.41714639592,34.0128268920666],[-118.417525906246,34.0126125899958],[-118.418211621085,34.012222317034],[-118.41839685114,34.0121168754867],[-118.418470779605,34.0120747943766],[-118.430140118411,34.0267827190078],[-118.430140216498,34.0267828430701],[-118.429930293223,34.0268659396938],[-118.42219521542,34.0299278437661],[-118.418577214709,34.0319108438937],[-118.414690214194,34.0318368437948],[-118.413410213735,34.0315938444776],[-118.412346633063,34.0312622643147],[-118.409395995042,34.0303423818033],[-118.409285213616,34.0303078446128],[-118.398446211184,34.0293298446073],[-118.400588212104,34.0296448444478],[-118.398075212107,34.0357468451972],[-118.398317211982,34.0368328459541],[-118.398617212428,34.0374238453222],[-118.398526434497,34.037398500857],[-118.389344209972,34.034834845992],[-118.389685437606,34.0333814705758],[-118.38969521043,34.0333398458943],[-118.390925209673,34.0312128453291],[-118.388352209493,34.0294898450871]]]},"properties":{"name":"Palms"}},{"type":"Feature","geometry":{"type":"Polygon","coordinates":[[[-118.422786579237,34.2216500418196],[-118.426774230316,34.2071378628186],[-118.428721230891,34.2075218620983],[-118.428721231318,34.2077508629142],[-118.458090235831,34.2135158618667],[-118.458051236451,34.2132688613],[-118.458278236816,34.2131448612574],[-118.458319236536,34.2135608614003],[-118.466302237585,34.2151318608795],[-118.46630223828,34.2179508616441],[-118.46751423841,34.2201628620571],[-118.467738238809,34.2214218614165],[-118.459610237092,34.2214678621215],[-118.459862237697,34.2240898628687],[-118.459437237969,34.2271668633121],[-118.458607237883,34.2304138629368],[-118.458845238022,34.2314248638409],[-118.459068238078,34.2318498633187],[-118.459262237531,34.2318508636328],[-118.459266238272,34.2320688633917],[-118.457786237771,34.2349728635073],[-118.456133238088,34.2426728647697],[-118.454035237748,34.2448968650168],[-118.453069238167,34.2462318651494],[-118.452198238326,34.24817386537],[-118.452121880902,34.2484299534774],[-118.452010077327,34.2488049174994],[-118.451921238795,34.2491028654912],[-118.451887237872,34.2500078660041],[-118.452150497227,34.251195881248],[-118.452162238285,34.2512488659552],[-118.452083238591,34.251556866428],[-118.451781028551,34.2518167465099],[-118.451776237951,34.2518208663946],[-118.450241238212,34.2501958662458],[-118.441057234974,34.236198864881],[-118.438644234612,34.2329248648674],[-118.436122233828,34.2295758640782],[-118.427807232059,34.2216668644598],[-118.422782231312,34.2216658645911],[-118.422786579237,34.2216500418196]]]},"properties":{"name":"Panorama City"}},{"type":"Feature","geometry":{"type":"Polygon","coordinates":[[[-118.377306047544,34.0609482722646],[-118.377280395826,34.0595270398183],[-118.377280213908,34.0595270530081],[-118.377280209739,34.0595268492744],[-118.377278210659,34.0593888495957],[-118.376186209854,34.0594668488506],[-118.376134209225,34.047104848028],[-118.37683120869,34.0445368478059],[-118.383121209997,34.0457208471676],[-118.38608203929,34.0467847856015],[-118.386082210694,34.0467848472594],[-118.385514210682,34.0488648478885],[-118.389576211347,34.0495728478207],[-118.389492211907,34.0524488474544],[-118.397540212477,34.052446847396],[-118.398996616658,34.0523412851523],[-118.399608783758,34.0522969141334],[-118.399982213487,34.0522698470906],[-118.401502213238,34.051839846729],[-118.406655214048,34.0523078463799],[-118.405496213997,34.0528518467668],[-118.405866757461,34.0536057094587],[-118.405870679172,34.0536165922275],[-118.405898117971,34.053692727475],[-118.405950490169,34.053838243962],[-118.405965784679,34.0538808126046],[-118.406014925906,34.0539590998574],[-118.406098248489,34.0540942626744],[-118.406132266413,34.054149833376],[-118.405574214836,34.0541458470354],[-118.405574214195,34.0542817876624],[-118.405574178409,34.0543168583868],[-118.405297214239,34.0544068472315],[-118.40529724278,34.0544069255692],[-118.405296932406,34.0544070257797],[-118.405298179152,34.05440949721],[-118.405462374964,34.0548607925726],[-118.405464029194,34.0548662133565],[-118.405470079244,34.0548654664067],[-118.405913601158,34.0548366419369],[-118.405938238409,34.0548368972002],[-118.405936878766,34.0555487374405],[-118.405936500672,34.0556163628398],[-118.40593630172,34.0558945879813],[-118.405936176668,34.0559641373081],[-118.40593589373,34.0561167834371],[-118.405935857833,34.0561471120922],[-118.405935790618,34.0561772371056],[-118.405935528515,34.0563408746793],[-118.405935272827,34.0564785994157],[-118.405935058506,34.0566045355438],[-118.405934827806,34.0567340165627],[-118.40593432871,34.0570189185936],[-118.405934310317,34.0570629009372],[-118.405934157852,34.0571067097352],[-118.40593245178,34.057108478872],[-118.405813928495,34.0571085472359],[-118.405732082,34.0571085328398],[-118.404005214795,34.0571058475945],[-118.403988583003,34.0571034357303],[-118.403990483143,34.0570285695277],[-118.403567854545,34.0570278395961],[-118.403468698997,34.0570275767873],[-118.403468844839,34.0569452923163],[-118.403383635647,34.0569451297947],[-118.403273214014,34.0568358475935],[-118.403270288095,34.0568378100882],[-118.403269568379,34.0568370335654],[-118.402985797932,34.0570206326453],[-118.402933132406,34.0570532978807],[-118.402783213676,34.0568918471682],[-118.402780198384,34.0568939226408],[-118.402778471535,34.0568920640262],[-118.402726205942,34.0569256798581],[-118.402478073563,34.0570851970012],[-118.402473292276,34.0571038476592],[-118.40219521465,34.0571038472785],[-118.40238321448,34.0570008472583],[-118.402382590561,34.0570001686784],[-118.402382746128,34.0570000834158],[-118.402359629536,34.0569751608751],[-118.402282214181,34.0568908475976],[-118.402281535736,34.0568912185853],[-118.402281128527,34.0568907808943],[-118.401893205039,34.0571028503693],[-118.401655924143,34.0571035784507],[-118.401627891743,34.0571035806231],[-118.401575793423,34.0571033418678],[-118.40161135284,34.0570832735596],[-118.401694344183,34.0570363593519],[-118.401664742003,34.0569988493857],[-118.401660455891,34.056993656376],[-118.401656172135,34.056988503026],[-118.401647594917,34.0569782044715],[-118.401643306839,34.0569730529384],[-118.401638971112,34.0569679033667],[-118.401634684132,34.0569627545343],[-118.401630396047,34.0569576011977],[-118.401626055109,34.056952494015],[-118.401621715069,34.0569473480632],[-118.401617429143,34.0569421929159],[-118.401613094714,34.0569370875142],[-118.401608752492,34.056931937963],[-118.401604409391,34.0569268307868],[-118.40160007278,34.0569217217857],[-118.401598531453,34.0569226284459],[-118.40159621421,34.0569198477046],[-118.401283214141,34.0571028475872],[-118.401199826388,34.0571028478622],[-118.401060918341,34.0571023319768],[-118.401003969584,34.0571027690059],[-118.400763901866,34.0571024020111],[-118.400919214337,34.0570018477171],[-118.400797213962,34.0568718474694],[-118.400795959156,34.0568724214037],[-118.400793942433,34.0568715445925],[-118.400784348137,34.0568777303085],[-118.40029421338,34.0571018474303],[-118.400056213741,34.0568598473543],[-118.400053474207,34.0568618425101],[-118.400009416883,34.0568145866525],[-118.399936376504,34.0568709247466],[-118.39972125042,34.0570367305012],[-118.399721294636,34.0571008484029],[-118.399606725811,34.0571008696389],[-118.399275611571,34.0570985200277],[-118.399110600059,34.0571002302433],[-118.399110627235,34.0570389456305],[-118.398945738279,34.057039074826],[-118.398508285572,34.0570381282352],[-118.3984833924,34.0570381689034],[-118.39848329156,34.0570997756055],[-118.398442285153,34.0570998162399],[-118.398421154635,34.0570998030108],[-118.39808697836,34.057100190991],[-118.397987740733,34.0570995335878],[-118.397948806599,34.057099382411],[-118.397831535652,34.0570990268129],[-118.397484871858,34.0570978873949],[-118.397364700209,34.0570984478342],[-118.397328733039,34.0570985589588],[-118.397287248624,34.0570987576407],[-118.397173241244,34.0570974837236],[-118.396878386846,34.0570980131018],[-118.3966836605,34.0570978459921],[-118.396454581165,34.0570976155461],[-118.3959383095,34.0570969409006],[-118.395421991446,34.0570963020645],[-118.394905611842,34.0570959289779],[-118.394389298071,34.0570950422984],[-118.393872949309,34.0570945411856],[-118.393356588458,34.0570937692472],[-118.392840190358,34.0570931340585],[-118.392667604354,34.0570925756204],[-118.392322830074,34.0570921932658],[-118.391806160767,34.0570916924715],[-118.391290151661,34.0570910746359],[-118.39077344933,34.0570904532326],[-118.390331663924,34.0570899733636],[-118.389865464652,34.0570894183341],[-118.389353150234,34.0570908808701],[-118.388816110947,34.0570924767321],[-118.388305828443,34.0570939192681],[-118.387794855866,34.0570953429315],[-118.387282126653,34.0570968250598],[-118.386770637619,34.0570982983348],[-118.386259312127,34.0570997698218],[-118.385747915406,34.0571010644738],[-118.385236490922,34.0571026825026],[-118.384937088022,34.0571036128422],[-118.383678211573,34.0571038485787],[-118.383678137569,34.0571070790105],[-118.383677881945,34.0571070798226],[-118.383578951486,34.0571105413349],[-118.383527366139,34.059371157836],[-118.383491738235,34.0609316022619],[-118.383456349261,34.0620930828266],[-118.383460458116,34.0623119505953],[-118.383447720901,34.0629416541724],[-118.382488744179,34.0629443703945],[-118.382366709538,34.0629446828765],[-118.381431929933,34.0629475602187],[-118.381323145581,34.0629478847928],[-118.381090126777,34.0629485796934],[-118.377343741409,34.0629588451183],[-118.377327207139,34.0621219557621],[-118.377326683532,34.0620954477873],[-118.377306047544,34.0609482722646]]]},"properties":{"name":"Pico-Robertson"}},{"type":"Feature","geometry":{"type":"Polygon","coordinates":[[[-118.281458193635,34.0525018538312],[-118.280937193603,34.05226685417],[-118.281016193836,34.0521468542052],[-118.268835191148,34.0467728535643],[-118.268291191297,34.0470058540922],[-118.26887193245,34.04660788457],[-118.270695952633,34.045357924275],[-118.271300191475,34.0449438539571],[-118.271748897425,34.0444473134549],[-118.272147886715,34.0440057910488],[-118.272360191459,34.0437708531945],[-118.273140191409,34.0425038531131],[-118.273740339653,34.0405878160835],[-118.273789191325,34.0404318532965],[-118.274127191471,34.0380728531266],[-118.273916191115,34.0380608530055],[-118.274295191344,34.0354028528462],[-118.279625191673,34.0378218521944],[-118.284021192649,34.0370388520875],[-118.284020192359,34.0369068523809],[-118.286189192844,34.0367968521155],[-118.29119111204,34.0368450417879],[-118.29636119452,34.036894851016],[-118.296295194457,34.0372348512573],[-118.297604625712,34.0372591365581],[-118.300285195656,34.0373088507861],[-118.300361195442,34.0399738517185],[-118.300798195617,34.0399708517168],[-118.300621196252,34.0408188514234],[-118.300756196361,34.041502852009],[-118.300761196074,34.0436968521602],[-118.300435195591,34.0437428520493],[-118.300341195986,34.0440508514439],[-118.300288196049,34.0465588524509],[-118.299979196228,34.0472328523553],[-118.300028196311,34.0526288531994],[-118.292436195799,34.0526648533377],[-118.290907195047,34.0524088529667],[-118.283577193734,34.0523668534461],[-118.282949194056,34.0533298543156],[-118.281458193635,34.0525018538312]]]},"properties":{"name":"Pico-Union"}},{"type":"Feature","geometry":{"type":"Polygon","coordinates":[[[-118.42735056819,33.9675613561514],[-118.426569970488,33.966425941575],[-118.426481210352,33.9662968361471],[-118.426362570922,33.9662193181713],[-118.425477210388,33.9656408358911],[-118.427173210346,33.9652028360498],[-118.430305212022,33.9671968359119],[-118.431124211511,33.9669248364419],[-118.432789212073,33.9658498357743],[-118.439755212194,33.9623268350806],[-118.437953211791,33.9596618347886],[-118.436546212339,33.9603238351397],[-118.43690621194,33.9608568348202],[-118.435142211451,33.9629138354422],[-118.435786211837,33.963726835428],[-118.433863212203,33.9646368356997],[-118.433300211243,33.9639268355345],[-118.431954211142,33.9646668357453],[-118.431161211837,33.9641318355408],[-118.431110211341,33.9637518359826],[-118.428900210655,33.9637578356726],[-118.428167878446,33.9618967967816],[-118.428100210347,33.9617248356025],[-118.428138913286,33.9615995144292],[-118.428436210184,33.9606368351466],[-118.430264211469,33.9606288350591],[-118.430606211492,33.9602018354036],[-118.430667210821,33.9597098354806],[-118.432628210935,33.9597048351545],[-118.432682211214,33.9588128348919],[-118.434038211214,33.958125834793],[-118.433145211156,33.9569548346923],[-118.4315662103,33.9563308348957],[-118.431984210948,33.9557098350285],[-118.431579210303,33.9552558344161],[-118.431441210485,33.9543048342565],[-118.431839210121,33.9529318348067],[-118.433178211004,33.952530834495],[-118.433110211195,33.9518778345419],[-118.437345211622,33.9520858343985],[-118.439208212075,33.9516408338885],[-118.43711621089,33.9486578338319],[-118.436611211009,33.9477078340296],[-118.436296211303,33.9464508332126],[-118.436183210745,33.9443928333729],[-118.435890210299,33.9434188334928],[-118.435380210277,33.9425128327917],[-118.435498210107,33.9424638332539],[-118.429795208754,33.9327108321493],[-118.429184208394,33.9309298320265],[-118.428787207806,33.9309748323261],[-118.428773039101,33.9284318159269],[-118.428769803657,33.9272198221425],[-118.428769736749,33.927193854768],[-118.427682758991,33.9272017817512],[-118.427676280798,33.9236009511771],[-118.427672235133,33.9236009547083],[-118.42767220739,33.9235868314742],[-118.42658940681,33.9235878282466],[-118.426589894191,33.9235151093038],[-118.426594596181,33.9228266158743],[-118.426594306624,33.9226531170173],[-118.426593111922,33.9219324121888],[-118.426593098276,33.9219244210973],[-118.426592869088,33.9217814730039],[-118.426583219556,33.9217814701808],[-118.426583207705,33.9217738315803],[-118.424424216979,33.9217748243321],[-118.424424015938,33.9217351316896],[-118.424422972127,33.9215290452996],[-118.424421928325,33.9213229598148],[-118.424420884387,33.9211168463869],[-118.4244201865,33.9209794831212],[-118.424419142707,33.9207733967447],[-118.424418413329,33.9206360065482],[-118.424417684892,33.9204985884027],[-118.424416989041,33.9203611980915],[-118.424416204002,33.9202128166752],[-118.424414918897,33.9199654862897],[-118.424403214043,33.9199655238841],[-118.424403206894,33.9199628310474],[-118.422242673055,33.9199618349194],[-118.42224252773,33.9199299889807],[-118.422242405761,33.9199032077399],[-118.422242059621,33.9198345125815],[-118.422241851937,33.9197932954866],[-118.422241298115,33.9196833832343],[-118.422241228887,33.9196696442028],[-118.42224063828,33.9195459928068],[-118.422240569053,33.9195322537755],[-118.422239945865,33.9194085745477],[-118.422239287112,33.9192711832183],[-118.422238594842,33.9191337929094],[-118.422238108074,33.9190307482621],[-118.422237935016,33.9189964024885],[-118.422241402261,33.9188340036793],[-118.422241263433,33.918800012988],[-118.422240920356,33.9187319245532],[-118.422240366678,33.9186220393566],[-118.422239846387,33.9185121269983],[-118.422239292571,33.9184022138569],[-118.422238738625,33.9182922745727],[-118.422238217253,33.9181823613199],[-118.422237594211,33.9180587082507],[-118.422237004711,33.9179350586715],[-118.422236727809,33.9178801025542],[-118.422236450907,33.9178251464373],[-118.422235827739,33.9177014672281],[-118.422235273938,33.9175915549962],[-118.422234720134,33.9174816418637],[-118.422234231208,33.9173717276036],[-118.42223367742,33.9172618171779],[-118.42223344942,33.9172165658304],[-118.422233208572,33.9163420521984],[-118.426489011431,33.9163326706131],[-118.427403531601,33.9163306348005],[-118.42745011884,33.9163303082692],[-118.427689817674,33.9163335250093],[-118.427754087661,33.9163332970064],[-118.427933385308,33.9163326607525],[-118.428448539158,33.9163321456254],[-118.428581208942,33.9163319274254],[-118.428781431212,33.9163315986766],[-118.429008245135,33.916331090235],[-118.429082292193,33.9164143974001],[-118.429102291157,33.9164543982057],[-118.429102294511,33.916514395728],[-118.429132289916,33.9165643949485],[-118.429242292146,33.9166843969167],[-118.429418371818,33.9168379022157],[-118.429632292575,33.9170243972398],[-118.429892295493,33.9170643989013],[-118.430102293166,33.9175343968483],[-118.430185429228,33.9177230531599],[-118.430362292501,33.918124396798],[-118.430422294116,33.9182543965192],[-118.43057380982,33.9185347047451],[-118.430622292603,33.9186243967482],[-118.430875663576,33.919112601738],[-118.431032293221,33.9194143970824],[-118.431092293554,33.9195443964966],[-118.431244648543,33.9198414900739],[-118.431292292881,33.9199343969647],[-118.431352293771,33.9200443958678],[-118.431432293585,33.9201443973659],[-118.431603631779,33.9204656574511],[-118.431672293647,33.9205943968072],[-118.431742294439,33.9207543963095],[-118.431990952008,33.921145150915],[-118.432406940395,33.9217988423437],[-118.432442293261,33.9218543975138],[-118.432562294782,33.9220643971647],[-118.432652293841,33.9221943982109],[-118.432692294428,33.9222843966308],[-118.432779687295,33.922400921886],[-118.432852293898,33.9224943976104],[-118.432922293763,33.9225843982469],[-118.433161093354,33.9229777147206],[-118.433262294109,33.9231443970211],[-118.433322293801,33.9232343973056],[-118.433499522245,33.9235573501732],[-118.433745615007,33.9240057830811],[-118.433775391204,33.9240614760381],[-118.433835663201,33.9241992425578],[-118.433842293105,33.9242143977297],[-118.433842295669,33.9242643964613],[-118.43390229355,33.9243543982805],[-118.434042293574,33.9246143972321],[-118.434150122988,33.924834286587],[-118.43446260131,33.9254714979505],[-118.434552294081,33.9256543977086],[-118.434632295137,33.9258443976142],[-118.434731221009,33.9260445543751],[-118.435062294299,33.9267143974728],[-118.435083363562,33.9267612171468],[-118.435152294817,33.9269143976937],[-118.435192295019,33.9270343963966],[-118.435340659705,33.9273053281292],[-118.435609276401,33.927795844219],[-118.435652295873,33.9278743967323],[-118.435752294638,33.9279943984554],[-118.435907541943,33.9283359448097],[-118.436129757688,33.9288248190689],[-118.436202295942,33.9289843976801],[-118.436282294492,33.9291243978122],[-118.436332294598,33.9292243974447],[-118.436399788398,33.9293931320906],[-118.436432296042,33.9294743972187],[-118.436502294612,33.9296143982463],[-118.436552295839,33.9297443979533],[-118.436652292825,33.9299243965922],[-118.436698590119,33.9299574664909],[-118.436722294588,33.9299743978963],[-118.436842296577,33.9300743998204],[-118.436862294975,33.9301643981861],[-118.436902296078,33.9303843975196],[-118.436942295421,33.9304743973328],[-118.437052845378,33.9306862877577],[-118.437182294428,33.9309343988025],[-118.437212295487,33.9310243978173],[-118.437352296281,33.9313943976746],[-118.437387336072,33.9314612956362],[-118.437462294606,33.9316043983423],[-118.437502294832,33.9316843982241],[-118.437532295726,33.931784396924],[-118.437671207522,33.9320344402801],[-118.437682294958,33.93205439865],[-118.437882295652,33.9325143979387],[-118.437992295335,33.9327143983909],[-118.438019907549,33.932769622215],[-118.438102295206,33.9329343982621],[-118.438122296019,33.9330343970983],[-118.438162296481,33.9331143976762],[-118.438222293762,33.9331843997437],[-118.438242296547,33.9332743978963],[-118.438294932795,33.9333911177598],[-118.438472295253,33.9337843978373],[-118.438542295849,33.9339343975082],[-118.438602295762,33.9340443984193],[-118.438674849577,33.9341985745307],[-118.438682295835,33.934214398125],[-118.438752296363,33.9343943987622],[-118.439005627246,33.9349500952117],[-118.439062295346,33.9350743981732],[-118.439082296348,33.9351443975943],[-118.439332769459,33.9356367100927],[-118.43937229619,33.9357143986977],[-118.439422296862,33.9358443982145],[-118.43962229659,33.9362243976493],[-118.439672295162,33.9363043991749],[-118.439692231276,33.9363841397637],[-118.439702296681,33.9364743975172],[-118.439945598236,33.9369880390087],[-118.440062295443,33.9372343987338],[-118.440272295987,33.9376543984785],[-118.440306192426,33.9377221923331],[-118.440332294989,33.9377743992482],[-118.440342297393,33.9378343973625],[-118.440601998898,33.9383461665616],[-118.440682296774,33.9385043980839],[-118.440852296171,33.9387443994529],[-118.440932297016,33.9389043979989],[-118.440972307917,33.9389666384388],[-118.44127888271,33.9394435340859],[-118.441292296899,33.9394643986817],[-118.4414594464,33.9397452119761],[-118.441542296922,33.9398843987181],[-118.441650598513,33.9400123925737],[-118.44176229312,33.9401443983336],[-118.441934381765,33.9403047521685],[-118.442134310446,33.9404910488898],[-118.442202296357,33.9405543989314],[-118.442296885931,33.9405482967045],[-118.442436047561,33.9405393181935],[-118.442693545009,33.940522707392],[-118.442797972689,33.9407837603834],[-118.443263074938,33.9418733282063],[-118.443636769883,33.9427235057708],[-118.444169460499,33.9436017221927],[-118.444706684521,33.9445228550121],[-118.445110589858,33.945397963201],[-118.445449023544,33.9460693696255],[-118.445914565079,33.9467496568596],[-118.446354565475,33.9476224324465],[-118.447104745138,33.9490186341606],[-118.447563629276,33.9497289456144],[-118.447984288501,33.950328199897],[-118.448296913856,33.9508616234028],[-118.448424214578,33.9511579223267],[-118.448524314362,33.9513823224411],[-118.448634615298,33.9516120224984],[-118.448837014279,33.951974922614],[-118.449146915996,33.9525139229186],[-118.449402615074,33.9529088227139],[-118.449732914561,33.9535071231001],[-118.450087016302,33.9540815225816],[-118.450115722617,33.9541225405944],[-118.45065791868,33.9550915153288],[-118.451238397363,33.956044659705],[-118.451852426432,33.9568474031244],[-118.452377209741,33.9578186399442],[-118.453000408564,33.9587251023651],[-118.45370448902,33.9594988730299],[-118.454312646067,33.9600010774727],[-118.455024074101,33.9605422466537],[-118.455661814301,33.9609548819416],[-118.45621342065,33.9612392235742],[-118.456374523296,33.9613319118939],[-118.457153071036,33.9617798406649],[-118.457235206861,33.9618270923771],[-118.457368442145,33.9619037457857],[-118.456146787494,33.9624871826656],[-118.456065416614,33.9625184236775],[-118.455612716751,33.9627243231053],[-118.454979016752,33.9630222233652],[-118.45460151603,33.9632183232837],[-118.454526188863,33.9632611458954],[-118.45159819473,33.9646594931624],[-118.451449544348,33.9644385044619],[-118.451435691214,33.9644179112298],[-118.451313248125,33.9642358849522],[-118.451313214313,33.9642358345929],[-118.432391470821,33.9749527255089],[-118.432275649535,33.9750174918558],[-118.432276036846,33.9750181044111],[-118.432271212844,33.9750208371076],[-118.42741621098,33.96765683643],[-118.42735056819,33.9675613561514]]]},"properties":{"name":"Playa del Rey"}},{"type":"Feature","geometry":{"type":"Polygon","coordinates":[[[-118.425477207007,33.9656408334372],[-118.426128211276,33.9659858354227],[-118.426362572896,33.9662193170449],[-118.426569964661,33.9664259408346],[-118.426662208126,33.966517834694],[-118.427350566616,33.9675613550804],[-118.432271211044,33.9750208397506],[-118.428362210987,33.9773698353488],[-118.423209207797,33.9807828404898],[-118.420665216848,33.9811218356621],[-118.419214209139,33.9816628390532],[-118.414022211552,33.9854538373277],[-118.413831212272,33.9852978369],[-118.41219485848,33.9864983816367],[-118.412055205631,33.9866008412038],[-118.411665622821,33.9867951929268],[-118.410587100894,33.9873332215774],[-118.410301207475,33.9874758383056],[-118.409932942019,33.9875647964637],[-118.407532987351,33.9881444993579],[-118.4074322093,33.9881688406238],[-118.407235296599,33.9881654908506],[-118.40408192508,33.9881118546901],[-118.404081203405,33.9881118410059],[-118.403298954066,33.9876358235959],[-118.402109209893,33.9869118386363],[-118.401251206197,33.9863908386632],[-118.398990205265,33.9878238428644],[-118.398459214115,33.9877768387692],[-118.395863210492,33.984917839414],[-118.395690203515,33.9843708398396],[-118.395097213347,33.9838228383991],[-118.398475209871,33.9831828381105],[-118.398356234548,33.9830513545983],[-118.398097765848,33.9827654093026],[-118.398003246099,33.9826607384778],[-118.397582373657,33.9821949073962],[-118.397647756005,33.982098076367],[-118.399242204937,33.9828008389001],[-118.401626204242,33.9822888377643],[-118.404500212552,33.9772208409037],[-118.404781205214,33.9769598383193],[-118.411622208993,33.9753008406165],[-118.418922214442,33.972316836354],[-118.418922206019,33.9721168374951],[-118.422687214661,33.9700098380386],[-118.423541211202,33.9669888377046],[-118.425477207007,33.9656408334372]],[[-118.41247210954,33.9803023118106],[-118.410193532512,33.9812995551023],[-118.410178439208,33.9812748272594],[-118.410043834386,33.9810544138028],[-118.409969342486,33.9809323544151],[-118.409969238595,33.980932188393],[-118.409143673208,33.9812936737986],[-118.409049300417,33.9813350025394],[-118.409367445903,33.9816076803469],[-118.409726416385,33.9819153023808],[-118.411067246735,33.9830646873826],[-118.411737569361,33.9836387091927],[-118.412406984435,33.984212344015],[-118.413057438402,33.9847696923871],[-118.41331721091,33.9849922768782],[-118.41336457176,33.9850328443515],[-118.413377563736,33.9850439899143],[-118.413407105994,33.9850692796981],[-118.413449601503,33.9851056936949],[-118.413533378336,33.9850552740245],[-118.413674710361,33.9849701744041],[-118.414870386534,33.9842500014668],[-118.414880163062,33.9842441125209],[-118.414825601909,33.9841547044078],[-118.414640329914,33.9838513469871],[-118.414479143665,33.9835874394394],[-118.414432820163,33.9835116885554],[-118.413995253672,33.9827952443997],[-118.413557616564,33.9820786379522],[-118.413320120033,33.9816894792037],[-118.413119973189,33.9813618528912],[-118.41247210954,33.9803023118106]]]},"properties":{"name":"Playa Vista"}},{"type":"Feature","geometry":{"type":"Polygon","coordinates":[[[-118.529508254592,34.2572708607746],[-118.558734250967,34.2572648602677],[-118.557832252379,34.2590008598076],[-118.558532261326,34.2630528643365],[-118.557910260235,34.2640118555821],[-118.557621262985,34.2641678644285],[-118.55673125712,34.2652568597824],[-118.556731254666,34.2659328569291],[-118.556968262042,34.2661878593732],[-118.556714253717,34.2667488610715],[-118.55664125159,34.2710298640375],[-118.556664443412,34.2710932277382],[-118.557120255595,34.2723388657516],[-118.557479260683,34.272612863254],[-118.557324253532,34.2725968639582],[-118.558033259481,34.2735898667449],[-118.558651254311,34.2739108627116],[-118.5592472576,34.2739498667615],[-118.560252263085,34.2747258639477],[-118.565491258342,34.2748458609548],[-118.56869526322,34.275591865985],[-118.570143260726,34.2755448575349],[-118.571496266866,34.2808968573974],[-118.571352265002,34.2830798633484],[-118.570541263364,34.2865178595453],[-118.570717265232,34.2892018594041],[-118.57114126744,34.290268863079],[-118.572479256805,34.2915998669576],[-118.572932257623,34.2925548679977],[-118.567446601335,34.2949632636431],[-118.566379261131,34.2954318625541],[-118.566100176413,34.2958215889999],[-118.566098036001,34.2958225543332],[-118.565000834998,34.2965482854456],[-118.56490933847,34.2966088013429],[-118.564479264353,34.2968928646501],[-118.563562265567,34.2978518624836],[-118.562133489127,34.298778505026],[-118.562108209614,34.2987948092646],[-118.561939101003,34.298824060622],[-118.559779262267,34.2991968615242],[-118.557403259812,34.2992478681733],[-118.555662416728,34.297828531924],[-118.55480493628,34.2971292662583],[-118.554674496167,34.2969264110253],[-118.554620495876,34.2968424284372],[-118.554447557042,34.2965734527719],[-118.554046558863,34.2964189682478],[-118.554046520063,34.2964189684253],[-118.554046260686,34.2964188622716],[-118.551544350041,34.2967459477242],[-118.551028081592,34.2968130989467],[-118.551027771407,34.2968131325599],[-118.550981485356,34.296819536666],[-118.549816261697,34.2969718665691],[-118.54671325328,34.2978718670041],[-118.540955258972,34.2987988634664],[-118.539044257204,34.295730864793],[-118.535565255013,34.2927048699701],[-118.535101251101,34.2924578704082],[-118.53494924985,34.2921008631122],[-118.534406249503,34.2916608687714],[-118.534221256492,34.2909678705236],[-118.53336025827,34.2907208652615],[-118.533281259013,34.2899348608276],[-118.530388259047,34.2867518676711],[-118.528846256772,34.2861468693764],[-118.528350256239,34.2842608681153],[-118.5276552526,34.2834588690595],[-118.528000251909,34.2819688691171],[-118.527550252129,34.2814408600323],[-118.527583247711,34.2803418647243],[-118.527327251932,34.2801578610323],[-118.527185254516,34.2797728599355],[-118.527491256797,34.279390867039],[-118.527041248486,34.2787318689936],[-118.526982252731,34.2779898688049],[-118.526473603596,34.2769559701471],[-118.526369247851,34.2767438689208],[-118.526366024817,34.2765998539534],[-118.526350265168,34.275895116468],[-118.526317258549,34.2744198591657],[-118.52646725301,34.273229867703],[-118.526889258008,34.2721828611657],[-118.526567254074,34.2721808592907],[-118.525704254686,34.2695478634164],[-118.526496248382,34.2672448634418],[-118.527271251511,34.267266865977],[-118.527888258435,34.2650788606168],[-118.529286253797,34.261902862325],[-118.529508254592,34.2572708607746]],[[-118.570244264721,34.2781528604489],[-118.570011257526,34.2782028618129],[-118.569475259766,34.2783178657722],[-118.569847256235,34.2795168573077],[-118.569662257294,34.2799228625266],[-118.570806263148,34.2798258601955],[-118.570540260207,34.2794648615185],[-118.570647261912,34.2794418587659],[-118.570244264721,34.2781528604489]]]},"properties":{"name":"Porter Ranch"}},{"type":"Feature","geometry":{"type":"Polygon","coordinates":[[[-118.414844214734,34.0323158443301],[-118.412346633063,34.0312622643147],[-118.412170213825,34.0311878437752],[-118.414690214194,34.0318368437948],[-118.418577214709,34.0319108438937],[-118.42219521542,34.0299278437661],[-118.429930215847,34.0268658426036],[-118.429930293223,34.0268659396938],[-118.43160321717,34.0289788425288],[-118.430224216148,34.0276348426871],[-118.431638216557,34.0298788429018],[-118.430941216454,34.0310648431464],[-118.434180218138,34.0351528437879],[-118.434445217814,34.0360948438698],[-118.434519193139,34.0361841749238],[-118.435157425968,34.036954887681],[-118.435158218212,34.0369558431575],[-118.424666216583,34.0419448444613],[-118.424223216853,34.041083844639],[-118.421185216137,34.0371448439858],[-118.418286215653,34.0362318444158],[-118.416123214031,34.0332148441224],[-118.414844214734,34.0323158443301]]]},"properties":{"name":"Rancho Park"}},{"type":"Feature","geometry":{"type":"Polygon","coordinates":[[[-118.558217250772,34.1865728526207],[-118.562232251505,34.1865678525914],[-118.56230625399,34.2203358559981],[-118.562295443375,34.2203360180263],[-118.518624247407,34.2209898590291],[-118.518624242571,34.2209885563206],[-118.51849324419,34.1866178552438],[-118.527308242038,34.1866078689757],[-118.555759831331,34.1865756366477],[-118.558217250772,34.1865728526207]]]},"properties":{"name":"Reseda"}},{"type":"Feature","geometry":{"type":"MultiPolygon","coordinates":[[[[-118.288447823236,33.7543801413753],[-118.28853016151,33.7544088173086],[-118.288482618474,33.7544018685971],[-118.288447823236,33.7543801413753]]],[[[-118.282883169753,33.754004817088],[-118.283015461498,33.7542684661289],[-118.282114012497,33.7545132045665],[-118.281945405429,33.7544014767856],[-118.28266116518,33.754024830933],[-118.282854754391,33.7540073740716],[-118.282883169753,33.754004817088]]],[[[-118.278723618835,33.7539388944819],[-118.278393407149,33.7543356204224],[-118.278483172486,33.7541638257984],[-118.278534664285,33.7540598914936],[-118.278590163795,33.7539478118406],[-118.278618427349,33.7539459431647],[-118.278723618835,33.7539388944819]]],[[[-118.27793217316,33.7538238149235],[-118.277956939372,33.7538290601062],[-118.278434157881,33.7539298184926],[-118.277733179163,33.7551288115717],[-118.277733170329,33.754255957263],[-118.27793217316,33.7538238149235]]],[[[-118.279486173195,33.7536118126819],[-118.279703431763,33.7536947292351],[-118.279790175731,33.7537278231296],[-118.279488007651,33.7543713805618],[-118.279115493915,33.7547443996807],[-118.279100982363,33.7547470952649],[-118.279047985728,33.7547616011594],[-118.279131175488,33.7544288176585],[-118.278742989645,33.7539445813427],[-118.279170173512,33.7540998289915],[-118.279486173195,33.7536118126819]]],[[[-118.281148422862,33.7535641690632],[-118.281330242029,33.7536851193957],[-118.281483007587,33.7537867311165],[-118.281501166419,33.7537988175791],[-118.281551868537,33.754027710521],[-118.281427173493,33.7540278304661],[-118.28116976966,33.7535996687866],[-118.281148422862,33.7535641690632]]],[[[-118.281004180883,33.7535288275742],[-118.28100531245,33.7535290610705],[-118.281059578672,33.7535409988758],[-118.281108135391,33.7535516834326],[-118.281099381321,33.7535622013176],[-118.280791400415,33.7539322197157],[-118.280976482355,33.7535689284835],[-118.280983171793,33.7535558179033],[-118.281004180883,33.7535288275742]]],[[[-118.280519030488,33.7533618717222],[-118.280769179816,33.7534048237112],[-118.280761195405,33.753430323845],[-118.280653280589,33.7537756814591],[-118.280629175087,33.7538528262094],[-118.280439667718,33.7541844631832],[-118.280239785295,33.7545342637744],[-118.280181302979,33.7545451979289],[-118.280515143735,33.753375426553],[-118.280519030488,33.7533618717222]]],[[[-118.280333157792,33.7533348269206],[-118.280499077858,33.7533589557661],[-118.280488550544,33.7533694992068],[-118.280064279398,33.7537943347541],[-118.280210178786,33.7535408115586],[-118.280333157792,33.7533348269206]]],[[[-118.2870075647,33.7526255540563],[-118.286405479326,33.7531679178082],[-118.286743171667,33.7526638162722],[-118.286837164781,33.7526518282649],[-118.2870075647,33.7526255540563]]],[[[-118.28788117307,33.7525908157416],[-118.28818616149,33.7526398251125],[-118.288254787219,33.7527545529346],[-118.288348123745,33.7529106101782],[-118.288375160658,33.7529558196119],[-118.288268488466,33.7531373223573],[-118.288030179936,33.7535428278913],[-118.287942766141,33.7540647103905],[-118.287717178649,33.7539238243511],[-118.2880111245,33.7526477576758],[-118.288016163453,33.7526258276549],[-118.287994961046,33.7526406907335],[-118.287653901721,33.7528799206686],[-118.28788117307,33.7525908157416]]],[[[-118.287619161253,33.7525438281342],[-118.287018182263,33.7533258301232],[-118.287106840457,33.7526102472977],[-118.287619161253,33.7525438281342]]],[[[-118.267597567203,33.7217792884033],[-118.267648961878,33.7217839397452],[-118.267689003537,33.7218053176896],[-118.26771765891,33.7218410394803],[-118.268126674596,33.7229535382818],[-118.268154125549,33.7229658850457],[-118.268175792783,33.7229610710595],[-118.26819395159,33.7230080219429],[-118.268175673795,33.7230123131671],[-118.268175676194,33.7230130645084],[-118.268174179271,33.7230752793497],[-118.26817415598,33.7230760307483],[-118.26831571949,33.7234249195504],[-118.268368207279,33.7234095393936],[-118.268390919586,33.7233779965612],[-118.268390738177,33.7233775032238],[-118.268390942876,33.7233772451625],[-118.268295610879,33.7231214847368],[-118.268390606525,33.723095104496],[-118.268546046918,33.7235012146887],[-118.268941575123,33.7245436297478],[-118.269261140507,33.7253844234129],[-118.269635713559,33.7263760923577],[-118.26954186918,33.7264019987323],[-118.269360488955,33.7259215428937],[-118.2693330445,33.7259115792259],[-118.268855599514,33.7260400327399],[-118.268855858623,33.7260407191067],[-118.268855601919,33.7260407840815],[-118.269104345216,33.7266985581943],[-118.269547593136,33.7265844988455],[-118.269585251838,33.7265829761667],[-118.269605827823,33.7265901000529],[-118.269619611226,33.7266100979284],[-118.269621352755,33.7266323983003],[-118.269614612938,33.7266537087291],[-118.269601015979,33.7266837930858],[-118.269595955869,33.7267081480719],[-118.269596008492,33.726708534361],[-118.269595932589,33.7267088994712],[-118.269599439506,33.726728920379],[-118.269722093314,33.7270578213487],[-118.269751472783,33.7271421854261],[-118.269767071501,33.7271994031009],[-118.269775799503,33.7272451727712],[-118.269786218598,33.7272895218226],[-118.269796642254,33.7273352876893],[-118.269812176629,33.7273724552681],[-118.269834567982,33.727416777464],[-118.269869047327,33.727481101309],[-118.269886272847,33.7275168482593],[-118.269908772683,33.7275869092075],[-118.26992089025,33.727624105907],[-118.269932991243,33.727664136295],[-118.269943332301,33.7276841633281],[-118.269960496164,33.7276927116381],[-118.269986252098,33.7277126826078],[-118.270000037688,33.7277412672641],[-118.270010397129,33.7277670044894],[-118.270013831305,33.7277963207904],[-118.269943783277,33.7278164852956],[-118.269944016709,33.7278171717179],[-118.269943760069,33.727817258162],[-118.269983515994,33.7279245042663],[-118.27015293798,33.7278797515024],[-118.270364809198,33.7284356374525],[-118.269207161589,33.7290148175012],[-118.270173999091,33.7289640486301],[-118.268901724799,33.7293010126016],[-118.268889439321,33.7293878528842],[-118.268889517015,33.7293880459141],[-118.268889441795,33.7293886256931],[-118.269086364361,33.7299071947159],[-118.269142392411,33.7299290301959],[-118.269614776768,33.7298020680886],[-118.270189606459,33.7297744812909],[-118.269828474411,33.7298704338697],[-118.268930557379,33.7301052333603],[-118.268901041688,33.7301549312036],[-118.268901197285,33.7301553816643],[-118.268901044094,33.7301556825457],[-118.269116413271,33.7307295739282],[-118.269163362568,33.7307724030404],[-118.269437200927,33.7307021294076],[-118.270011071526,33.7305501010019],[-118.270260924042,33.7304837004634],[-118.27051081112,33.7304201759157],[-118.270819982533,33.7303364671614],[-118.271252397466,33.7302200430495],[-118.271264385728,33.7302169032932],[-118.271271805401,33.7302152121313],[-118.271279793425,33.7302144857056],[-118.271286376831,33.7302163814295],[-118.271292940716,33.7302201877666],[-118.271295527631,33.7302256560363],[-118.271296652441,33.7302318574836],[-118.271295882259,33.7302399952407],[-118.271261575542,33.730444589399],[-118.271191663536,33.7308973587908],[-118.271120987031,33.7313363909647],[-118.271054563973,33.7317641003908],[-118.270986048106,33.7322043298257],[-118.270916123456,33.7326540938037],[-118.270833489926,33.7331866634429],[-118.270778654429,33.733535519613],[-118.270720998751,33.7338943857815],[-118.270693019178,33.734070006546],[-118.270638741099,33.7344088148444],[-118.270591208023,33.7347199583576],[-118.270524820101,33.7351203614748],[-118.270461928095,33.7351145350238],[-118.270457805956,33.7351589596931],[-118.270420303304,33.7351542782995],[-118.270399788786,33.7353105618675],[-118.270399866282,33.7353106904958],[-118.270399791205,33.7353113132101],[-118.270825847909,33.7359798704515],[-118.270871155955,33.7360384380097],[-118.270898088346,33.736071780163],[-118.270939357457,33.7361208254025],[-118.27096400416,33.7361465304047],[-118.270989752188,33.7361631738092],[-118.271011476492,33.7361750391109],[-118.271015990057,33.7361564384435],[-118.27102278618,33.7361444874322],[-118.271151947982,33.7361752163511],[-118.27129020554,33.736205903155],[-118.271320494824,33.7362125111177],[-118.271342790177,33.7362181925499],[-118.271382783095,33.736230016582],[-118.27162839365,33.7362533122582],[-118.271709879977,33.7362006626896],[-118.271771940392,33.735798379517],[-118.271827938708,33.7354523752699],[-118.271827810238,33.7354523755602],[-118.271827936276,33.7354516239273],[-118.271808096884,33.7354505309945],[-118.271812908681,33.7354209384756],[-118.271812780142,33.7354209172989],[-118.27181290618,33.7354201656661],[-118.271721871594,33.735412106472],[-118.271634482784,33.7354031802943],[-118.271603437737,33.735401146608],[-118.271558306322,33.7353972556055],[-118.27165698826,33.7347748737016],[-118.271680116494,33.7347760236335],[-118.271778343308,33.7347836587353],[-118.271909992135,33.7347974436807],[-118.272071161078,33.7337874179049],[-118.272071058235,33.7337873966704],[-118.272071158575,33.7337866450956],[-118.271829835904,33.7337602493994],[-118.27182529894,33.7337635870482],[-118.271818541574,33.7337636023156],[-118.271855903488,33.7335185999468],[-118.271889278315,33.7333119253265],[-118.27193956681,33.7331472664855],[-118.272053351301,33.7331595460137],[-118.272163017883,33.7331696665747],[-118.272243527876,33.7326583317522],[-118.272249881555,33.7326368502941],[-118.27225882778,33.7326225329736],[-118.272270357156,33.7326124817554],[-118.272284466274,33.7326056447595],[-118.272301158684,33.7326031167982],[-118.272322132289,33.7326055595064],[-118.27234142533,33.7326126858388],[-118.272351329751,33.7326244703117],[-118.272404334735,33.7327273922931],[-118.272540534067,33.7326717416956],[-118.272864877551,33.7332306747817],[-118.272696727684,33.7332981836024],[-118.272697089412,33.7332988053279],[-118.272696730124,33.7332989349448],[-118.273038655317,33.7338906509403],[-118.2732063175,33.7338230139429],[-118.273332566462,33.7340411547691],[-118.273506878813,33.7346190604522],[-118.273474161328,33.7346320150781],[-118.273474523067,33.7346326368014],[-118.273474163845,33.7346327878875],[-118.27352726729,33.7347256840564],[-118.273551866491,33.7347682402958],[-118.274618601545,33.7383045316803],[-118.274640453703,33.7386301591675],[-118.27467469664,33.7391460212983],[-118.274710654561,33.7396675897921],[-118.274716386146,33.7397544540728],[-118.272243156359,33.7409058179491],[-118.271749177229,33.7416988132736],[-118.274520166245,33.7408048151044],[-118.270961160347,33.7469478189072],[-118.269439160147,33.748899829036],[-118.265525168071,33.7511108207535],[-118.263116173155,33.7530198177129],[-118.258117162146,33.7588218138652],[-118.257416156653,33.7581248172287],[-118.257617162078,33.759321824775],[-118.256818162989,33.758424831701],[-118.257019160541,33.7596218188282],[-118.256219165906,33.7586248298904],[-118.256320156843,33.7597228313607],[-118.255620165969,33.7588248251038],[-118.25572117116,33.7600228210606],[-118.254922156956,33.7591248278845],[-118.255322174897,33.7601228249982],[-118.24530633716,33.7637002065659],[-118.245184190725,33.7635481889138],[-118.242184169311,33.7598138268439],[-118.242006319273,33.7595925363416],[-118.241924810357,33.7594911176929],[-118.241320978687,33.75873936998],[-118.241165186238,33.7585454261158],[-118.241103879994,33.758506500225],[-118.240950061171,33.758408875197],[-118.240905208159,33.7583804136948],[-118.240779635186,33.7583006784351],[-118.24143174099,33.7581102679204],[-118.242208183227,33.7578835603628],[-118.243326205437,33.7575571082431],[-118.248978173781,33.755906831975],[-118.248978070407,33.7559066389846],[-118.248978378555,33.7559065524785],[-118.248842336712,33.7555823795531],[-118.248737536879,33.7553327616828],[-118.248716467941,33.755282464796],[-118.248712535214,33.7552735855298],[-118.247289782644,33.7518820276703],[-118.249264648474,33.7497493805346],[-118.249361388951,33.7497878423827],[-118.24954668906,33.7498790369805],[-118.249701151578,33.7499703167571],[-118.24990714753,33.7501072786921],[-118.250054855878,33.7502343362703],[-118.25024902259,33.7504199881743],[-118.250364171933,33.7505471130871],[-118.250551692021,33.7508043282644],[-118.250587580421,33.7507741995614],[-118.250643985012,33.750729731012],[-118.251295063625,33.7501716447479],[-118.251554754261,33.7499335469768],[-118.25170172686,33.749805853743],[-118.251838312487,33.7496510046951],[-118.251923638582,33.7495420736561],[-118.251988465854,33.7494446059944],[-118.252044718414,33.7493500328536],[-118.252267382218,33.7489524245497],[-118.252552870556,33.7484676348477],[-118.252599774518,33.748392401484],[-118.252727517363,33.7481440592512],[-118.25298881355,33.7476831693321],[-118.253055550752,33.747563757708],[-118.253096730372,33.7474909190462],[-118.253102356174,33.7474646743986],[-118.253112287837,33.7474431863929],[-118.253130740815,33.7474097447451],[-118.253305430015,33.7471016889826],[-118.253453670637,33.7468347123432],[-118.253734845968,33.7463389378748],[-118.253808109117,33.7462028321443],[-118.253843860245,33.7461283302536],[-118.2538796546,33.7460681468248],[-118.253981941514,33.7459105126407],[-118.253998934299,33.745861810832],[-118.254010779007,33.7458102647634],[-118.254071564426,33.7455167669057],[-118.254081644017,33.7454509059977],[-118.254084897186,33.7453965229407],[-118.254084870774,33.7453962868583],[-118.254084894847,33.7453957501297],[-118.254077881933,33.7453370953295],[-118.254063973545,33.7452755784966],[-118.254041551139,33.7452198113564],[-118.254015668039,33.7451583198005],[-118.253979480315,33.7450882846147],[-118.253933000859,33.7450139562501],[-118.253877921476,33.7449339357635],[-118.253846977092,33.744898215382],[-118.253812615059,33.7448625022019],[-118.253800093317,33.7448515803898],[-118.253971164615,33.7446668169797],[-118.253708771163,33.7447851605466],[-118.253704446319,33.7447825936128],[-118.253659840309,33.7447583654239],[-118.253628960922,33.7447441119573],[-118.253589490199,33.7447270214645],[-118.25355005381,33.7447127860117],[-118.253520913446,33.7447042605705],[-118.253491756074,33.7446986117504],[-118.253462632955,33.7446957965091],[-118.253440345243,33.7446929883307],[-118.253411252382,33.7447001981521],[-118.253378716213,33.7447074366844],[-118.253353010766,33.7447046142196],[-118.253332436125,33.744698947289],[-118.253294725814,33.7446861464148],[-118.253253593709,33.7446805012772],[-118.253219301284,33.744676280028],[-118.253183321484,33.7446749174448],[-118.253154224336,33.744680710384],[-118.253128566401,33.7446936446274],[-118.253085755775,33.7447023215236],[-118.253044671157,33.7447124330708],[-118.253001890477,33.7447225267032],[-118.252863162419,33.7447342817557],[-118.252768975373,33.7447487767463],[-118.252649117408,33.7447719338773],[-118.252532715659,33.7447993770564],[-118.252371742604,33.7448225987275],[-118.252169667431,33.7448416343752],[-118.251986363584,33.7448477501099],[-118.251849331046,33.7448508921326],[-118.251717459353,33.7448611932163],[-118.251592529984,33.7448643096263],[-118.251614949053,33.7447308661511],[-118.252416176352,33.7441228281579],[-118.255416176841,33.742722810029],[-118.255216172772,33.7406228291206],[-118.261116169057,33.736923818974],[-118.260716165665,33.7337238157216],[-118.26113375676,33.7317054344365],[-118.261164720438,33.7317066123137],[-118.261210402211,33.7317065131375],[-118.261249212124,33.7317026077281],[-118.262650168176,33.7312823662867],[-118.262649883475,33.7312817014291],[-118.262650165826,33.7312816149444],[-118.262590629739,33.7311400622451],[-118.26250566967,33.7310844332758],[-118.261182103512,33.7314717248247],[-118.261215338962,33.7313111863184],[-118.261234565207,33.7313054987323],[-118.261234280451,33.7313048124044],[-118.261234562803,33.731304725923],[-118.261222679333,33.73127564238],[-118.261247308285,33.7311566398682],[-118.263607926714,33.7304659826171],[-118.263543573529,33.7307792637425],[-118.262705167119,33.7310247272285],[-118.262681196798,33.7311154135376],[-118.262681326133,33.7311156923272],[-118.262681199215,33.7311161863469],[-118.262740292685,33.7312558293985],[-118.26349151863,33.7310326462529],[-118.263206160701,33.7324218255294],[-118.263296173875,33.7342198182822],[-118.263426006428,33.7342205000942],[-118.263426165293,33.7343366795842],[-118.26342616765,33.7343374309269],[-118.263424229045,33.7346286361227],[-118.263424231402,33.7346293874654],[-118.263432258026,33.7346408118448],[-118.264001527231,33.7346395640231],[-118.264488547974,33.7346375497981],[-118.264990987881,33.7346364441924],[-118.264979485931,33.7349650017587],[-118.264979488301,33.7349657531013],[-118.265220194072,33.7351299825826],[-118.265298155269,33.7354408258134],[-118.265444730015,33.7352831702496],[-118.265487834875,33.73531259238],[-118.266676548341,33.7340998639177],[-118.26669261229,33.734077287874],[-118.26670041199,33.7340575852703],[-118.266706040208,33.7340337228663],[-118.26671424361,33.7339226984042],[-118.266823153906,33.7340747658524],[-118.266816140229,33.7340911607903],[-118.266806200353,33.7341084638347],[-118.265538392439,33.7353830860468],[-118.264961296358,33.7359754116284],[-118.264961273035,33.7359761630278],[-118.26495282775,33.7365488376435],[-118.264952804494,33.7365496105098],[-118.265261692661,33.7370832027934],[-118.265656716879,33.7377721547228],[-118.266058612606,33.7384706216323],[-118.266195499579,33.738416887253],[-118.26628047275,33.7385626754663],[-118.266966934942,33.7382856455486],[-118.267463777519,33.7380853703807],[-118.268066122917,33.7378455089606],[-118.268639946824,33.7376146599899],[-118.269253696626,33.7373676186187],[-118.269660714509,33.737203900623],[-118.270006423605,33.7370641902614],[-118.270275146251,33.736955049278],[-118.270580232967,33.736832129914],[-118.270907295945,33.7367038364561],[-118.270907424278,33.7367037932329],[-118.270907757819,33.7367036422122],[-118.270907421785,33.7367030204232],[-118.270893072949,33.736675617788],[-118.270875132738,33.7366500264727],[-118.270855074045,33.7366208549197],[-118.270830690973,33.7365892887838],[-118.270794179065,33.7365494207112],[-118.270749744453,33.7364988369117],[-118.270719663862,33.7364613371912],[-118.270665159362,33.73638752716],[-118.270643679224,33.7363637255437],[-118.270617917783,33.7363429174792],[-118.270590042895,33.7363280605466],[-118.270484646706,33.7362888410302],[-118.270629163952,33.7362288160641],[-118.268238568842,33.7329810477848],[-118.268300926168,33.7329809087368],[-118.268300923699,33.7329801359275],[-118.268299370941,33.7328881744249],[-118.268244956431,33.7328894120509],[-118.26823522665,33.7326907988692],[-118.268330256169,33.7326877103675],[-118.268330202383,33.7326869591397],[-118.268330253769,33.7326869590251],[-118.268280856416,33.7317010219669],[-118.268226541045,33.7307837691601],[-118.268219406921,33.7306979167783],[-118.268220867405,33.7306242599994],[-118.268225830507,33.7305612860134],[-118.268251010965,33.7304009352497],[-118.268261018244,33.7303164829462],[-118.268264247863,33.7302577847738],[-118.268264221965,33.7302577204304],[-118.268264245463,33.7302570334318],[-118.268245284972,33.7302169966897],[-118.268228144849,33.7301918540329],[-118.268192974206,33.7302006480742],[-118.268203981859,33.7298099443351],[-118.268365498665,33.7297581919788],[-118.268374437787,33.7296932985557],[-118.268374385168,33.7296929122658],[-118.268374435318,33.7296925257468],[-118.268365051095,33.7296181203541],[-118.268208297997,33.7296570247821],[-118.268218175894,33.72930681048],[-118.267415165283,33.7293068163663],[-118.264814978326,33.7225256943074],[-118.264823391101,33.7225213823783],[-118.267531975443,33.7217937313493],[-118.267597567203,33.7217792884033]]],[[[-118.294002260757,33.7046743740312],[-118.294062260264,33.7046743776125],[-118.294122259771,33.7046743811639],[-118.294182242862,33.7046843668823],[-118.294242258709,33.70467436671],[-118.294282249844,33.7046743761976],[-118.294322250265,33.7046843678061],[-118.294382259147,33.7046943748287],[-118.294442242359,33.7047043818843],[-118.294482259117,33.7047043697757],[-118.294512249535,33.7046943785828],[-118.294542258645,33.7047043731176],[-118.294552243085,33.7047243773797],[-118.29455224572,33.7047251287184],[-118.294552249665,33.704799511879],[-118.294552252299,33.7048002632177],[-118.294552257747,33.7049043781772],[-118.294582260462,33.7050443769012],[-118.294632250539,33.7051343729355],[-118.294682254552,33.7051843758843],[-118.294782260193,33.7052543708522],[-118.294798883003,33.7052776647437],[-118.294832257526,33.7053243810062],[-118.294852264318,33.7054043824265],[-118.294852136798,33.7054046403431],[-118.29485226688,33.7054051122984],[-118.294843808715,33.7054248397464],[-118.294822255719,33.7054751253786],[-118.294822241898,33.7055443779771],[-118.294832261536,33.7055743642911],[-118.294972261994,33.7056743792667],[-118.29503226737,33.7057343611713],[-118.295040655791,33.7057679149938],[-118.295052248765,33.7058143626263],[-118.295052173219,33.7058147921518],[-118.295052251404,33.7058151139651],[-118.295042255715,33.705865113682],[-118.294962251882,33.7059251170044],[-118.29493233333,33.7059849545281],[-118.29493688843,33.7060167359976],[-118.294942260341,33.7060543759575],[-118.294982264132,33.7060943782207],[-118.295042260443,33.7061443779878],[-118.29508226692,33.7062143696241],[-118.295132248772,33.7062943618632],[-118.295152256081,33.7063743632454],[-118.29515218076,33.7063748571715],[-118.29515225872,33.7063751145843],[-118.295142256257,33.7064451215839],[-118.295092245534,33.7065251230452],[-118.295062481197,33.7066069639141],[-118.295052305401,33.7066349603933],[-118.295062260861,33.7067343711649],[-118.295082246709,33.7067643759473],[-118.295112686923,33.706787185093],[-118.295122267133,33.7067943745011],[-118.295162255139,33.7068443803761],[-118.295202262049,33.70691437198],[-118.295212249551,33.7069643656033],[-118.295212173777,33.7069647307285],[-118.295212252191,33.7069651169422],[-118.295195707406,33.7070445640293],[-118.295162263956,33.7072051120276],[-118.29515748373,33.7072262687665],[-118.295128249371,33.7073347274557],[-118.295123339361,33.7073774373935],[-118.295092356527,33.707514644698],[-118.295137207144,33.7076326461575],[-118.295206550552,33.7077327698657],[-118.295229646212,33.7077632178032],[-118.295382258492,33.7079643754294],[-118.295437188124,33.7080339653792],[-118.295532263678,33.7081543764276],[-118.295691154805,33.7083510960435],[-118.295742261177,33.7084143624887],[-118.295842258345,33.7085243711627],[-118.295945119537,33.7086015067044],[-118.295962245977,33.7086143662395],[-118.296232245953,33.7087643785358],[-118.296742253826,33.7090443821978],[-118.297302250269,33.7093243674977],[-118.297642263036,33.7095143683716],[-118.297691294136,33.7095350271021],[-118.29783226495,33.7095943778915],[-118.29812281158,33.7096912256867],[-118.298132249551,33.709694357945],[-118.298132275313,33.7096943793482],[-118.298350897298,33.7097540093035],[-118.298352259954,33.7097543708627],[-118.298361455635,33.7097543695187],[-118.298371601699,33.7097543658163],[-118.298405122293,33.7097543685235],[-118.298482258173,33.7097543703258],[-118.298682255431,33.7097843784728],[-118.299000588698,33.7098430082465],[-118.299062250546,33.7098543612656],[-118.299222248838,33.7099043678979],[-118.2993822688,33.7099243633642],[-118.299568318052,33.7099324654591],[-118.299612248478,33.7099343739342],[-118.300052254035,33.7099843685689],[-118.300497871053,33.7100806090158],[-118.300715097907,33.7101659341995],[-118.300957943028,33.7102392806932],[-118.301189589084,33.7103698858367],[-118.301432597773,33.7104813778749],[-118.301758488339,33.7106332127291],[-118.302056434818,33.7107641006664],[-118.302072268976,33.7107743650739],[-118.302192927529,33.7108196150164],[-118.30223225543,33.7108343713832],[-118.302307716273,33.710889695478],[-118.302382250187,33.7109443778456],[-118.302432234225,33.7109651825262],[-118.30248244993,33.7109861154058],[-118.302502258388,33.7109943733285],[-118.302570319787,33.7110420092067],[-118.302583813579,33.7110514422209],[-118.302602251774,33.7110643619201],[-118.302606084776,33.7110659408369],[-118.302743455548,33.7111225257093],[-118.302772267324,33.7111343673868],[-118.302926572686,33.7111572276495],[-118.303042250371,33.7111743674793],[-118.303173601823,33.7111786089399],[-118.303352247986,33.7111843624778],[-118.303371968896,33.7111896794955],[-118.303612245066,33.7112543759204],[-118.303762590914,33.71130448677],[-118.303792269173,33.7113143725158],[-118.30391264511,33.711394634184],[-118.30397225378,33.7114343692975],[-118.304152258755,33.7115243763172],[-118.304236413674,33.7115611941117],[-118.304312258596,33.7115943620103],[-118.304610674897,33.7116898433309],[-118.304779249515,33.7117371160352],[-118.305012924177,33.7117940124014],[-118.305042244857,33.7118043710218],[-118.305172252523,33.7118343741519],[-118.305190842863,33.7118395220048],[-118.305352268312,33.7118843648066],[-118.305396348146,33.7118917234199],[-118.305652268091,33.7119343723526],[-118.305734845322,33.7119397009725],[-118.305962253883,33.7119543643015],[-118.306004765782,33.7119543634876],[-118.306112265688,33.7119543690153],[-118.30618213417,33.711954362913],[-118.306242267389,33.7119543815577],[-118.306315459386,33.711964134417],[-118.306392249341,33.7119743718083],[-118.306466703627,33.7119991912191],[-118.306512250664,33.7120143811537],[-118.306602245557,33.7120743668156],[-118.306732250191,33.7121243755486],[-118.306892246513,33.7121643683834],[-118.306982264707,33.7121743784427],[-118.307042269571,33.7121743755484],[-118.30721225145,33.7121843744838],[-118.307262249301,33.7121943792112],[-118.307372269947,33.712244373903],[-118.307452266438,33.7122743735658],[-118.307552247488,33.7123043650109],[-118.307593894404,33.7123136181406],[-118.307642251172,33.7123243782536],[-118.307732265779,33.7123543735738],[-118.307842261228,33.7124043679026],[-118.307870644055,33.7124250109475],[-118.307994854686,33.7125127722054],[-118.308359473305,33.7126779713951],[-118.308698682412,33.7127925295561],[-118.308956537959,33.7128364330627],[-118.30913144758,33.7128658013702],[-118.309370534569,33.7128771008583],[-118.309592268992,33.7129543698192],[-118.309732265809,33.7130243783538],[-118.309982754654,33.7131112112509],[-118.310262257107,33.7131943623283],[-118.31055226158,33.7133943736909],[-118.310792271364,33.7135643738267],[-118.310992269337,33.7137643805426],[-118.311142258067,33.7138543689016],[-118.311292250119,33.7139243712481],[-118.311452254715,33.7140343620557],[-118.311888090769,33.7142197384184],[-118.312222268238,33.7143943645417],[-118.312592264312,33.7145643671162],[-118.312915780502,33.714655254612],[-118.313242261426,33.7147143622874],[-118.313512258652,33.7147743676621],[-118.313832263502,33.7147843740096],[-118.314297016252,33.7146562473085],[-118.314450355172,33.7146379430154],[-118.314696786855,33.714708869664],[-118.314893103432,33.714732205767],[-118.31505339341,33.714663198802],[-118.315267257404,33.7146119547333],[-118.315523807788,33.7145248127441],[-118.315782249869,33.7143943662019],[-118.315982261672,33.714314369914],[-118.316185993456,33.7142809899459],[-118.316452260571,33.7142643611569],[-118.316632269431,33.7142343702364],[-118.316812269335,33.7141543608443],[-118.316982255607,33.7140143771703],[-118.317192256291,33.7139543813015],[-118.317322271623,33.713984371308],[-118.317452270569,33.7140643794429],[-118.317522262359,33.7143343789882],[-118.317522187001,33.7143348299951],[-118.317522265199,33.7143351303274],[-118.317492260834,33.7145251285287],[-118.317492259762,33.7146743674725],[-118.317542260744,33.7148543655134],[-118.317882270098,33.715154371094],[-118.318082246734,33.7152143795202],[-118.318444949995,33.7152386650735],[-118.318651762679,33.7152112835461],[-118.31895838712,33.7151538192903],[-118.31919048507,33.7152098551573],[-118.319348108612,33.7153793699781],[-118.319609475563,33.7156201801459],[-118.319735263299,33.7158613502296],[-118.319735240226,33.7158620372368],[-118.319735266159,33.715862101569],[-118.319722256763,33.7160751322919],[-118.319677169687,33.7164385176863],[-118.319650313032,33.7165297811259],[-118.319672257894,33.7167543755829],[-118.319862263393,33.7170143732445],[-118.320143616439,33.7172198587971],[-118.320368923543,33.7173593744358],[-118.320615641301,33.7175018379791],[-118.320940806766,33.7176291721275],[-118.321258364337,33.7176342922597],[-118.321664658393,33.717513956907],[-118.321978061981,33.7173670135683],[-118.322072256175,33.7171443626212],[-118.322232257155,33.7171543670926],[-118.322432268583,33.7171343819557],[-118.322522780489,33.7170703821218],[-118.322518677427,33.7169250396433],[-118.322518674542,33.7169242883039],[-118.322621986406,33.7168822792811],[-118.322692251484,33.7169643740488],[-118.322771917352,33.716905726956],[-118.322792937571,33.7168072870024],[-118.322828094771,33.7167912426231],[-118.322924768078,33.7168333376393],[-118.322925052299,33.7168337662175],[-118.322924822673,33.7168341747081],[-118.322925055187,33.7168345175569],[-118.322875449625,33.7169210985815],[-118.322768933827,33.7170585375135],[-118.322587613643,33.7172230108201],[-118.322260043326,33.7173998114547],[-118.322154141259,33.7176441112487],[-118.322430251817,33.7180545301402],[-118.322574333435,33.7181530426132],[-118.322855955439,33.7183455765215],[-118.323320682148,33.7185828488623],[-118.32356231518,33.71866349492],[-118.323992692955,33.7186660073392],[-118.324555407241,33.718638472268],[-118.325619041704,33.7187859959895],[-118.326176660589,33.7190074636843],[-118.327557788478,33.7194695031876],[-118.328176699648,33.7196352594161],[-118.328631169468,33.7197928750098],[-118.329090540011,33.7198960779158],[-118.329425239467,33.7200840720437],[-118.329871069677,33.7202188227316],[-118.330184523136,33.720229404688],[-118.330510184363,33.7203000601059],[-118.330870752694,33.7205323516089],[-118.331288133125,33.7208388904948],[-118.331668759124,33.7210945449811],[-118.331717474093,33.7211353913124],[-118.332253072389,33.7214516259638],[-118.332577446958,33.7216239045455],[-118.333067995535,33.7218440232079],[-118.333063911739,33.7218507322458],[-118.333039282628,33.7218915234974],[-118.332798450825,33.7222900824598],[-118.332797531604,33.7222915018305],[-118.332090335757,33.7234616307837],[-118.331941278009,33.7237082697114],[-118.32972008582,33.7273832766006],[-118.329659895922,33.7274829200996],[-118.329657037017,33.7274876506961],[-118.329609021096,33.7275666953271],[-118.329596694842,33.7275878097923],[-118.329593402882,33.7275934861262],[-118.328760704061,33.7289709472374],[-118.328484163654,33.7294268052813],[-118.324797192306,33.7294144687576],[-118.324112534652,33.7294121077233],[-118.324070963943,33.7294119621086],[-118.324066107982,33.7294119322553],[-118.324045553856,33.7294118588188],[-118.323391290585,33.7294095835429],[-118.323363388372,33.7294094868083],[-118.323356888121,33.729409461346],[-118.323322459966,33.7294093392084],[-118.322547030287,33.7294066550431],[-118.322244473697,33.7294055982201],[-118.322190519185,33.7294054207251],[-118.322174820939,33.7294053554312],[-118.321788377968,33.7294040283398],[-118.321786605053,33.7294039901479],[-118.321022608757,33.7294013514424],[-118.321022610562,33.7294018237138],[-118.321022173797,33.7294018248793],[-118.320920168455,33.731060817169],[-118.320614410349,33.7312052902812],[-118.320401239294,33.7312867677191],[-118.320333377474,33.7313118932097],[-118.320268160082,33.7313432585501],[-118.320206125508,33.7313805617722],[-118.320147863446,33.7314234793053],[-118.320142409403,33.7314283453851],[-118.32013717743,33.7314308065579],[-118.320134932514,33.7314350200845],[-118.320093860659,33.7314716449188],[-118.32004457806,33.7315246495175],[-118.320000450624,33.731582019674],[-118.31996188756,33.7316432605622],[-118.31992919514,33.7317078346954],[-118.319902679482,33.7317751616528],[-118.319882544013,33.7318446827528],[-118.319868991919,33.7319157749123],[-118.319867164153,33.7319350787019],[-118.319838922747,33.7319878126021],[-118.318547635188,33.7319866661225],[-118.318547629036,33.7319918182445],[-118.318543184095,33.7319918085466],[-118.318522162146,33.7352558098132],[-118.31867635187,33.7352082811752],[-118.318751295516,33.7351864008542],[-118.319925182839,33.7355108088529],[-118.320313167145,33.7354508063423],[-118.320385138786,33.73577470381],[-118.320015323531,33.7358291841097],[-118.320015143673,33.7358291845881],[-118.320015668105,33.7358319524517],[-118.319997179137,33.7358348138217],[-118.320062167907,33.7361268084614],[-118.318950590563,33.7365967347042],[-118.318853293957,33.7365515896376],[-118.318533856374,33.7363541439935],[-118.318530137036,33.7363490446659],[-118.318530121926,33.7363518354316],[-118.31851716723,33.7363438195586],[-118.318512182557,33.7376378065037],[-118.318763180562,33.7383718112141],[-118.318692166285,33.7392538260356],[-118.318888183818,33.7403198152243],[-118.319024178637,33.7405398148346],[-118.319853179208,33.7410068210517],[-118.320040460698,33.7414949365387],[-118.320039101517,33.7415023892508],[-118.31962130729,33.7426290648467],[-118.319621205077,33.7426292153881],[-118.319428991016,33.7426277937897],[-118.319238449818,33.7426270543942],[-118.318909013952,33.7426247508724],[-118.318489664253,33.7426218257982],[-118.318489176027,33.7426218270906],[-118.318461180809,33.7468468073003],[-118.318085344565,33.7468446028066],[-118.318035077652,33.7468439843266],[-118.315852321559,33.7468305206436],[-118.314241532862,33.7468209561871],[-118.313700743815,33.7468187393269],[-118.312188174366,33.7468098143667],[-118.312188175564,33.7468101363708],[-118.312188047077,33.7468101367041],[-118.312185110708,33.7471884598866],[-118.312184310277,33.747304942717],[-118.31111523378,33.747298566626],[-118.311115518564,33.7472575207008],[-118.311119182697,33.7468038245161],[-118.31077115298,33.7468019546205],[-118.310490194997,33.746800340009],[-118.310284763889,33.7467991525531],[-118.310259939439,33.7467990018933],[-118.310250071332,33.746798941469],[-118.309791898778,33.7467962793243],[-118.30963573168,33.746795543529],[-118.309462474095,33.7467943792091],[-118.309457239173,33.746866114409],[-118.309456772678,33.746872019074],[-118.309456601499,33.7468743809004],[-118.309456379004,33.7468767643259],[-118.309456207745,33.7468791046853],[-118.309436062023,33.7470607470901],[-118.309421017271,33.7471831270515],[-118.309419337306,33.7471944660255],[-118.309206438749,33.7488363915842],[-118.309134873979,33.7493891399827],[-118.309131770122,33.7503260390205],[-118.308878180564,33.7521368225663],[-118.308849162808,33.7537638290396],[-118.309012173159,33.754656809701],[-118.309109615368,33.7548559250511],[-118.309108205081,33.7551709379374],[-118.309108102157,33.7551918472265],[-118.3091078115,33.7552525141995],[-118.309107708892,33.7552735093568],[-118.309104020559,33.7560866953337],[-118.309103839049,33.7561351257445],[-118.309103776144,33.7561529436606],[-118.309103687,33.7561636345422],[-118.309103304806,33.7562413252276],[-118.309099762734,33.7570314337218],[-118.309099676181,33.7570498098475],[-118.309099660139,33.7570803576813],[-118.309099363368,33.7576769098458],[-118.309099182153,33.7577324029682],[-118.309016039312,33.7577323374179],[-118.308821919361,33.7577321702405],[-118.308634353251,33.7577320288763],[-118.308455114331,33.7577319088106],[-118.308260968681,33.7577317407942],[-118.308068519437,33.7577316110563],[-118.307869490652,33.7577314549086],[-118.307680331101,33.7577313161339],[-118.307487856079,33.7577311640661],[-118.307290497843,33.7577310026925],[-118.307132051043,33.7577308919641],[-118.307098022902,33.7577308714682],[-118.30691050812,33.757730705819],[-118.306707675713,33.7577305789174],[-118.306690892909,33.7577305572877],[-118.306504200631,33.7577304103764],[-118.306159446987,33.7577301287183],[-118.306148267097,33.757730135693],[-118.306141019338,33.7577301111965],[-118.305675136733,33.7577297283549],[-118.305392194257,33.7577295450862],[-118.305191520714,33.7577294101506],[-118.305007321332,33.7577292331279],[-118.304824715552,33.7577290947211],[-118.304625661157,33.7577289547407],[-118.30436006667,33.7577287251307],[-118.301012173097,33.7577258110915],[-118.301890177518,33.7605158261418],[-118.301896705794,33.7605158312326],[-118.301897329811,33.7605178261151],[-118.30212928821,33.7605177162869],[-118.302463205521,33.7605175644766],[-118.302654015313,33.7605174497114],[-118.302830046701,33.7605173718318],[-118.303015922332,33.7605174191789],[-118.30307349432,33.76051740301],[-118.303195192195,33.7605173540782],[-118.303387724302,33.7605173196794],[-118.303568664766,33.7605172498109],[-118.303764409491,33.7605171852385],[-118.303956890193,33.7605171500588],[-118.304142765436,33.7605170883306],[-118.309049764849,33.7605198289066],[-118.30904444779,33.7624897148317],[-118.309044256966,33.7625426104847],[-118.30904426625,33.762559097265],[-118.309047351936,33.7625594757507],[-118.309047163443,33.7626828267261],[-118.311618178518,33.763055823009],[-118.308845182561,33.7722588143556],[-118.308804048903,33.7725509385037],[-118.308752267721,33.7729185472481],[-118.308697179957,33.7733098213477],[-118.308721898021,33.7735584986753],[-118.308808944245,33.7744336873741],[-118.308862117486,33.7749682137142],[-118.308770217141,33.7749680630855],[-118.307348625696,33.7749650680389],[-118.306439182366,33.7749628142821],[-118.306439286444,33.7749631574927],[-118.306439029384,33.7749631581472],[-118.306442254387,33.7749734112711],[-118.307726173341,33.7793828329609],[-118.30600706677,33.7796820465299],[-118.305899162965,33.7797008255489],[-118.299645162468,33.7802868331641],[-118.29851118072,33.780862825852],[-118.297504183687,33.7820848297599],[-118.296357171624,33.7807798319508],[-118.296073208537,33.780031281263],[-118.29603018491,33.7799178254071],[-118.295936175077,33.7790948311171],[-118.296085624752,33.7763798467519],[-118.296092171392,33.7762608163582],[-118.296049007719,33.7759832010579],[-118.295930565834,33.7752214918014],[-118.295902184848,33.7750388325931],[-118.293957172603,33.7695258166506],[-118.29386116365,33.7665438278112],[-118.292271170814,33.757302815329],[-118.292267162793,33.7537888224506],[-118.290510176033,33.75378182809],[-118.289952181413,33.7530668149461],[-118.289018180151,33.7526028167499],[-118.287027165492,33.7511798237222],[-118.284621159344,33.7520608185386],[-118.283272166928,33.7520638299356],[-118.282588175822,33.7516418269628],[-118.281432167138,33.7500048115089],[-118.280954168434,33.749580814777],[-118.279405174448,33.7499608262293],[-118.276882163243,33.7515728293659],[-118.276078149248,33.753544437305],[-118.275180693407,33.7533724372964],[-118.273782798001,33.7513258358646],[-118.274030407517,33.7512076967362],[-118.274250673668,33.7505941579036],[-118.273794408017,33.7500866619532],[-118.273814059929,33.7499503868046],[-118.273720192671,33.7499375483446],[-118.273770571903,33.749633244457],[-118.273875635849,33.7496516603148],[-118.274042817022,33.749537439487],[-118.274053861792,33.7494963691755],[-118.274200908536,33.7493784587027],[-118.274169384035,33.7493020216749],[-118.274146851253,33.7492404838112],[-118.274146534459,33.7491434530974],[-118.274166404896,33.7490743480634],[-118.274210783108,33.7489790831491],[-118.274255252579,33.748911789683],[-118.274295230996,33.748846395546],[-118.274323964895,33.7487530124261],[-118.274339407651,33.7486895203817],[-118.274334582584,33.7485812941119],[-118.274345566136,33.7485215689821],[-118.274385569924,33.7484561532932],[-118.274423397618,33.7484168680508],[-118.274483693598,33.7484036785102],[-118.274546266677,33.7484110063198],[-118.277759302463,33.7494534611841],[-118.278421452968,33.7487808468499],[-118.278330320825,33.7487246635199],[-118.278431251121,33.7486202500252],[-118.278077500115,33.7484446940914],[-118.278170161686,33.7482878127918],[-118.275421160892,33.7467118158595],[-118.275071935174,33.7465954042062],[-118.277189215126,33.7429083117554],[-118.277285408011,33.7426471358742],[-118.277974629388,33.7408135422752],[-118.278182943623,33.7408674584773],[-118.278158342453,33.7409419203536],[-118.278512418922,33.7410391415543],[-118.278555707501,33.7409202638263],[-118.277987320832,33.7407662853144],[-118.278043574598,33.7405972950577],[-118.278037153224,33.7405514990883],[-118.278049858809,33.7405085355114],[-118.27806854673,33.7404641412787],[-118.27810653934,33.7404297060957],[-118.278690293732,33.7401821920555],[-118.278627212867,33.7400742942027],[-118.278609260767,33.7400228147181],[-118.278606104854,33.7399777411022],[-118.278608063844,33.7399176286682],[-118.278607002612,33.7398610867679],[-118.278599108866,33.7398052905707],[-118.278589497881,33.739743058218],[-118.278576446172,33.7396815637132],[-118.278571148046,33.7396336184665],[-118.278573563323,33.7395871151243],[-118.278575980876,33.7395412987244],[-118.278567230209,33.7394905278145],[-118.278546937592,33.7394383238626],[-118.278531805457,33.7393925695599],[-118.278527357733,33.7393453522262],[-118.278530632784,33.7393024104358],[-118.278537341503,33.7392566055716],[-118.278558189552,33.739212893216],[-118.278560401144,33.7389810433755],[-118.278337735394,33.7389837054028],[-118.278335847837,33.7389336270177],[-118.278393113224,33.7388998555777],[-118.278392980432,33.7388597982708],[-118.278446566243,33.7388322393122],[-118.278579048722,33.7387929913116],[-118.278592003639,33.7386936759654],[-118.278447111171,33.7386478571071],[-118.278388290026,33.7386075706691],[-118.278326894267,33.7385579734363],[-118.278325854241,33.7385000146672],[-118.278527063849,33.7384820104193],[-118.278531197111,33.7384344297533],[-118.278514745189,33.7383858019192],[-118.278733628105,33.7382657876808],[-118.278679666927,33.7380097457656],[-118.278594610915,33.7379305144755],[-118.278486993101,33.7374400471973],[-118.278518161634,33.7373628222965],[-118.278429702037,33.737179011077],[-118.278206279817,33.7361607424674],[-118.278149246444,33.7358994051303],[-118.278084144859,33.7355758103897],[-118.278118808362,33.735335921377],[-118.277955597666,33.7350325821461],[-118.277294657546,33.7338689596045],[-118.277153249957,33.7339265381655],[-118.276932216511,33.7335630512367],[-118.276753266697,33.7332606912498],[-118.276850051931,33.7332133268514],[-118.276699999025,33.7329393871226],[-118.276652968251,33.7329591591296],[-118.27661635487,33.7328966453024],[-118.276557902457,33.7329200285357],[-118.276409344548,33.7326705145626],[-118.276344463101,33.7326921306945],[-118.276170763992,33.7323913893257],[-118.276286939048,33.7323416409609],[-118.276099260849,33.7320243590228],[-118.275974023938,33.7320763820357],[-118.275735584377,33.7315809962879],[-118.275818002854,33.7315483491371],[-118.275744549045,33.731416001242],[-118.275793172749,33.731396419145],[-118.275694164139,33.7312199720235],[-118.275590239647,33.7310407883014],[-118.275463916207,33.731004025437],[-118.275496441526,33.7309016818054],[-118.275089916856,33.7301834650332],[-118.275083602796,33.7301304772651],[-118.27476424476,33.7295491917977],[-118.274763982597,33.7294690558174],[-118.274715947555,33.7294405499102],[-118.27470719821,33.7294441334232],[-118.274564846572,33.7291483201488],[-118.278669911894,33.7317403474307],[-118.27865270913,33.7313721195112],[-118.2779458916,33.730516101864],[-118.278316168082,33.7307238199476],[-118.273716171166,33.7273238145302],[-118.271247255363,33.7202828254457],[-118.271253082325,33.7202814169484],[-118.271307585347,33.7202624030364],[-118.271376441337,33.7202490454856],[-118.271459546962,33.7202252656914],[-118.271534336879,33.7201879803758],[-118.271591489865,33.7201702269086],[-118.271648686913,33.7201581620804],[-118.271702085896,33.7201473294252],[-118.271757008022,33.7201308689407],[-118.27180926449,33.7201162820869],[-118.271890166445,33.7201022530109],[-118.271952604979,33.7200904767293],[-118.272005243667,33.7200749443765],[-118.272048121408,33.720059734615],[-118.272094770202,33.7200508276181],[-118.272166609876,33.720038707954],[-118.272243341086,33.7200139974908],[-118.272312953741,33.720012272827],[-118.272391210569,33.7199985714075],[-118.272465645171,33.719970731815],[-118.2725791924,33.719923290013],[-118.27265585477,33.7198853557457],[-118.272720193854,33.7198814316943],[-118.272795759714,33.7198460329346],[-118.272759703777,33.7197468511051],[-118.272889682868,33.7197125095779],[-118.272996407274,33.7196842958612],[-118.273036697426,33.7197820082498],[-118.272926788014,33.7198104009653],[-118.274046041784,33.7227617431824],[-118.274551019512,33.7240932233977],[-118.275388970408,33.7263026511939],[-118.275392590462,33.7263489258928],[-118.27542958806,33.7264357398593],[-118.275489429319,33.7264297637939],[-118.276171881304,33.7262616790061],[-118.276128451996,33.7261411123431],[-118.276571208204,33.7260141265204],[-118.276310077433,33.7253253334034],[-118.276316161214,33.7253238167353],[-118.272887105603,33.715036652319],[-118.272977962365,33.7149335117731],[-118.273078308164,33.7148414910025],[-118.273137535445,33.7147755815614],[-118.273226422986,33.7146279226949],[-118.273320888456,33.7145841300169],[-118.273386548122,33.7145136548291],[-118.273455085965,33.7144514593336],[-118.27351102251,33.7144006699767],[-118.2735899844,33.7143132913503],[-118.273620465845,33.7142629677135],[-118.273658823923,33.714209749568],[-118.273706838408,33.7141795435524],[-118.273728609941,33.7141365814302],[-118.273752237801,33.7140957188477],[-118.273786836517,33.714063439565],[-118.273834272378,33.7140370130118],[-118.273909005346,33.7140472972899],[-118.273924424841,33.7140494303443],[-118.273959046066,33.7140004496176],[-118.273913116067,33.7139293481099],[-118.273999941525,33.7138274610712],[-118.276432461028,33.7152530158945],[-118.276344983855,33.7153593713535],[-118.276345833105,33.7153598416769],[-118.276376047339,33.7153770317475],[-118.276459509583,33.7154244752813],[-118.276522160067,33.7154081021953],[-118.276529389007,33.715426933627],[-118.276512165024,33.715501013004],[-118.276489629844,33.7155067535693],[-118.276474582,33.7154693496608],[-118.276357393901,33.7153992500461],[-118.276324988929,33.7153798538998],[-118.276320526403,33.7153898463194],[-118.276284054442,33.7153679263956],[-118.276250233564,33.7153475889324],[-118.276237597174,33.7153638470263],[-118.27622493502,33.7153800837111],[-118.276363296107,33.7154598808397],[-118.276426304859,33.7155523662812],[-118.276459195777,33.7156413359241],[-118.276473714949,33.7156663975091],[-118.275716153832,33.7189238267218],[-118.275734893961,33.718974682115],[-118.275570875101,33.7195089432622],[-118.276382619974,33.7215750656826],[-118.276426324973,33.7216863363026],[-118.276520632455,33.7217643240076],[-118.276610819473,33.7218470009316],[-118.276696731183,33.7219341527697],[-118.276778058531,33.7220255441049],[-118.276854672356,33.7221209605734],[-118.276926314905,33.722220145173],[-118.276936256112,33.7222354712278],[-118.277116156373,33.7227238187475],[-118.277246392526,33.7223773409859],[-118.277664180978,33.7222655429741],[-118.278653578308,33.7220007989773],[-118.279843824956,33.7251786164279],[-118.280096338283,33.7251622289896],[-118.282052939776,33.7246734463269],[-118.283896829355,33.7241893200888],[-118.283946717637,33.7241580321705],[-118.283969598175,33.7241095270055],[-118.283954181873,33.7240557669434],[-118.283921188556,33.7240082308798],[-118.283098706111,33.7218367157421],[-118.281763262833,33.7221729769163],[-118.28142578358,33.7212408303502],[-118.282746227109,33.7208865758741],[-118.282158371608,33.7192961961789],[-118.281725510838,33.7182703991995],[-118.280474011648,33.7186121596003],[-118.280125931154,33.7176507750938],[-118.281191222593,33.7173768602709],[-118.281307548767,33.7173256255336],[-118.281417287779,33.7172788497717],[-118.281535544985,33.7172213419213],[-118.281580409631,33.7171944031085],[-118.281618102883,33.7171585293148],[-118.281755315181,33.7167938694493],[-118.281769389795,33.7167318182144],[-118.281764969642,33.7166776887054],[-118.281764915817,33.7166769589523],[-118.2818789073,33.7166269956886],[-118.281879215053,33.7166268446982],[-118.281935870726,33.7166689375745],[-118.282492948052,33.7168214847956],[-118.282573503022,33.7168355926289],[-118.282635183647,33.7168440345275],[-118.283149532595,33.7168485565544],[-118.283232259814,33.7168364261146],[-118.28330068183,33.7168100322646],[-118.283369021774,33.7167669372145],[-118.283485727221,33.7166688798704],[-118.283704555033,33.7163916753136],[-118.284065121358,33.7158159800771],[-118.284204078658,33.715553281747],[-118.284311701115,33.7153073372188],[-118.284407877274,33.7150495054647],[-118.284491180764,33.7147833534144],[-118.284523476324,33.7146258592891],[-118.284534538243,33.7145244658054],[-118.284541525871,33.7144791323752],[-118.28455407875,33.7143932345601],[-118.284569527343,33.7143204462488],[-118.284582132677,33.7142500475036],[-118.284587584818,33.7141761021558],[-118.284587455147,33.7141378267502],[-118.284619162886,33.7141178088551],[-118.284584204221,33.7140198731196],[-118.284584034481,33.713969769477],[-118.28458883201,33.713914909869],[-118.284597936856,33.7138576357625],[-118.284586336334,33.7138075806342],[-118.284553310036,33.7137492255212],[-118.284531761003,33.7137045392136],[-118.284547286276,33.7136544199119],[-118.284582001769,33.7136123912093],[-118.284579851699,33.7135691617039],[-118.284537264889,33.71354728022],[-118.284415973202,33.7135485545718],[-118.283012160784,33.7096158234026],[-118.281738090907,33.7090620461885],[-118.281828799535,33.7090730394518],[-118.281932378024,33.7090843674186],[-118.282022253542,33.7090843713794],[-118.282072246474,33.7090943651062],[-118.282122257267,33.7090943766103],[-118.282172260073,33.7090843630181],[-118.282232262729,33.7090843725014],[-118.282432244566,33.709104382591],[-118.283492263464,33.7091443719586],[-118.28378225925,33.7091443750184],[-118.283972242891,33.7091243701609],[-118.284382263789,33.7090543634735],[-118.284582248301,33.7090143696835],[-118.28469388803,33.7089864774343],[-118.2847215203,33.7089771597419],[-118.284862254865,33.7089243825912],[-118.284972245236,33.7088343684573],[-118.284980223644,33.7087632937444],[-118.284982407374,33.7086574132698],[-118.284982430511,33.7086566618695],[-118.284994787844,33.7085135120261],[-118.285044953303,33.7084153747747],[-118.285124212036,33.7083071219766],[-118.285166874523,33.7082612316987],[-118.285240170156,33.7081594545343],[-118.285288535333,33.7080305377634],[-118.285372244924,33.7078943671372],[-118.285432257436,33.7078143674563],[-118.285549440513,33.707710060174],[-118.28565346871,33.7075895978987],[-118.285693386725,33.7074921716697],[-118.285732915242,33.7073029104961],[-118.285742262796,33.7072343656015],[-118.285758332879,33.7072015043671],[-118.28578568176,33.7071921441705],[-118.285807074064,33.707183506534],[-118.285833589855,33.7071784202405],[-118.285863129976,33.7071638598029],[-118.285949517107,33.7070376001815],[-118.285972264058,33.7070043795725],[-118.286032258614,33.7069043723931],[-118.286059346757,33.7068637353265],[-118.286154442544,33.7067832869061],[-118.286252289035,33.7067412792714],[-118.286275734743,33.7067322717254],[-118.286322241231,33.7067143648709],[-118.286462244073,33.7066743819322],[-118.286666098888,33.7066264111983],[-118.286802250087,33.706594379836],[-118.286826427923,33.7065891915637],[-118.287038061862,33.7065177596767],[-118.287195071649,33.7064413701871],[-118.287402465697,33.7062795072907],[-118.287619459162,33.7061158822553],[-118.287632262311,33.706104366789],[-118.287702262931,33.7060543744406],[-118.287922247108,33.7058943696311],[-118.288032247532,33.7058243814135],[-118.28808239854,33.7057909445068],[-118.288122247692,33.7057643802334],[-118.288125733688,33.7057622895828],[-118.288222264874,33.7057043764482],[-118.288342247797,33.7056543712718],[-118.288416021476,33.7056113247727],[-118.288462264694,33.7055843801142],[-118.288622264168,33.7055043751378],[-118.288643408712,33.7054985927032],[-118.288732246837,33.7054743793508],[-118.288822246917,33.7054743779219],[-118.289022247415,33.7054943769813],[-118.289182213365,33.7054943788614],[-118.289292247719,33.7054943718415],[-118.289402256388,33.7054943647827],[-118.289472264822,33.7054843644138],[-118.289522255888,33.7054643656358],[-118.289672245818,33.7053943655131],[-118.289852252377,33.7053143751104],[-118.289915249555,33.7052971999346],[-118.289962260043,33.7052843781376],[-118.290018997956,33.7052843701336],[-118.290082259853,33.7052843678345],[-118.290222252304,33.7053243665973],[-118.290352243667,33.7053243748478],[-118.290549507529,33.705258617294],[-118.290592249267,33.7052443672739],[-118.290842253678,33.7051443707283],[-118.29092225971,33.7050843701537],[-118.290942259296,33.7050743825517],[-118.291002248909,33.7050343731904],[-118.291052247083,33.7049943665122],[-118.29108225348,33.7049443616433],[-118.291102251765,33.704904363148],[-118.291132259359,33.704884369134],[-118.291162259225,33.7048843823777],[-118.291202260585,33.7049243644243],[-118.291234632927,33.7049567441459],[-118.291262262807,33.7049843696697],[-118.291312249292,33.705074367083],[-118.291312096822,33.7050748397264],[-118.291312251898,33.7050751184219],[-118.291302261826,33.7051051320231],[-118.291262246108,33.7051351324746],[-118.291232486487,33.7051748111635],[-118.291252246867,33.7052143699337],[-118.291302265599,33.7052543706241],[-118.291382266368,33.7052743772786],[-118.291632249847,33.7052943796921],[-118.291772259679,33.7053243729862],[-118.291862267146,33.7053043620158],[-118.292022264426,33.7052543633879],[-118.292192975226,33.7052274155488],[-118.292212253957,33.7052243633289],[-118.292382262246,33.7052243794854],[-118.292472245514,33.7052343789895],[-118.292542253367,33.7052243768339],[-118.29258225214,33.7052043796205],[-118.292632249663,33.7051643722844],[-118.292722264172,33.7051243748717],[-118.292842252773,33.7050843688121],[-118.29303224897,33.7050343816595],[-118.293046668743,33.7050300531241],[-118.293132263676,33.705004363198],[-118.29323225471,33.7050043770501],[-118.293332247714,33.7050343802196],[-118.293412255936,33.7050343782573],[-118.293532246122,33.7050243609103],[-118.293662258454,33.7049643652529],[-118.293787265887,33.704839358125],[-118.293812246842,33.7048143739078],[-118.293932262851,33.7046943806367],[-118.294002260757,33.7046743740312]]],[[[-118.2968667606,33.7378011846324],[-118.29686633255,33.737883619395],[-118.296865930194,33.7379660540953],[-118.296865691946,33.7380149567632],[-118.296865527837,33.7380484887965],[-118.296865125555,33.7381309449656],[-118.296864697502,33.7382133797322],[-118.296864295143,33.7382958144363],[-118.296863867088,33.7383782492048],[-118.296863464727,33.7384606839109],[-118.296863062366,33.7385431186179],[-118.296862634308,33.7386255533894],[-118.296862287782,33.7387019771687],[-118.296862234221,33.7387086321061],[-118.296861805783,33.7387909595449],[-118.296861403798,33.7388735015904],[-118.296861349023,33.7388798130572],[-118.296861001432,33.7389559363023],[-118.296860573446,33.7390383925455],[-118.296860171079,33.7391208272593],[-118.296859743016,33.7392032620376],[-118.296859340647,33.7392856967533],[-118.296857735004,33.7396092530871],[-118.296857681443,33.7396159080254],[-118.296853433384,33.7397807430289],[-118.296851996181,33.7400792683102],[-118.296851221259,33.740238041028],[-118.296854976421,33.740406248105],[-118.296854196569,33.7405636254796],[-118.296854082674,33.7405895580409],[-118.296853605921,33.7406872990128],[-118.296853015196,33.7408109510813],[-118.296852398773,33.7409346032153],[-118.29685183374,33.7410582552247],[-118.296851217313,33.741181907363],[-118.296850626657,33.7413055809071],[-118.296850010227,33.7414292330498],[-118.296849633457,33.7415116462613],[-118.296849256839,33.7415941024077],[-118.296848639494,33.7417174969522],[-118.296848047768,33.7418408699686],[-118.29684743042,33.7419642645174],[-118.296846972669,33.7420601163546],[-118.296846838538,33.7420875946043],[-118.29684622111,33.7422109676905],[-118.296845654996,33.7423343191851],[-118.296844850428,33.7424992530918],[-118.296844259449,33.7426228407912],[-118.296843642697,33.7427464070892],[-118.296843077486,33.7428700161965],[-118.296842460806,33.7429936039658],[-118.296841869896,33.7431172131408],[-118.296841278984,33.7432408223179],[-118.296840499867,33.7434056917815],[-118.297450363256,33.7434076204179],[-118.297460230802,33.7434076389581],[-118.297470098425,33.7434076789644],[-118.297914140008,33.7434090705392],[-118.297924007555,33.7434090890414],[-118.298022683481,33.74340940282],[-118.298021277017,33.7437226761212],[-118.298019844769,33.744035928033],[-118.298019361158,33.7441458409408],[-118.29803262089,33.7441458939667],[-118.298052330537,33.7441459524814],[-118.29811811504,33.7441461544503],[-118.298249684047,33.7441465582804],[-118.298381227434,33.7441469834972],[-118.29851282214,33.7441473869758],[-118.298516368343,33.744147399645],[-118.298518012999,33.7441474170318],[-118.298644391228,33.7441478118412],[-118.298792354954,33.7441482602533],[-118.298808801291,33.7441483696819],[-118.299039047027,33.7441490642349],[-118.299170616043,33.7441494670579],[-118.299302184983,33.7441498482701],[-118.299367969569,33.7441500710227],[-118.299433754078,33.7441502722724],[-118.299515984773,33.744150539884],[-118.299516118034,33.7441230616234],[-118.299516514113,33.7440323834728],[-118.299516593591,33.7440186443107],[-118.299517100939,33.7439087313349],[-118.29951763637,33.743785079327],[-118.299517956519,33.7437163407773],[-118.29951822304,33.7436613842595],[-118.299519212028,33.7434415583845],[-118.299519319591,33.7434140801906],[-118.299601549565,33.7434143477438],[-118.299683779539,33.7434146152407],[-118.29972489445,33.7434147275012],[-118.29976603521,33.7434148826176],[-118.299848265033,33.7434151070683],[-118.299930494932,33.7434153529297],[-118.300012724985,33.7434156416688],[-118.300094954962,33.7434159088848],[-118.300177184863,33.7434161545777],[-118.300259440537,33.7434164216172],[-118.300341644743,33.7434166672617],[-118.300346193072,33.7434166773755],[-118.300423874645,33.743416912786],[-118.300583220956,33.7434174379074],[-118.300908645948,33.7434184492136],[-118.300959345828,33.7434186014827],[-118.301091941639,33.7434190211007],[-118.30114266714,33.7434191517613],[-118.301679500258,33.7434208338445],[-118.301680218482,33.7432559644783],[-118.301681707654,33.742912293458],[-118.301681972756,33.7428573369417],[-118.301683436373,33.742513708939],[-118.301684154581,33.742348839594],[-118.301685645572,33.7420056838242],[-118.301685884973,33.7419507273793],[-118.30168681123,33.7417364831357],[-118.301687376104,33.7416076145628],[-118.301818940842,33.7416079286221],[-118.301950505581,33.7416082425375],[-118.302180743838,33.7416087808098],[-118.302509707163,33.7416095856772],[-118.302575489535,33.7416097422752],[-118.302707054357,33.7416100768303],[-118.302838619025,33.7416103683076],[-118.302970183849,33.741610702575],[-118.303002869509,33.7416107920037],[-118.303003100771,33.7416107914213],[-118.303003584964,33.7414458797381],[-118.3030040161,33.7412947500868],[-118.303004472931,33.7411436203741],[-118.303004527959,33.7411161423155],[-118.303004850854,33.7410062298232],[-118.303005307604,33.7408550786497],[-118.303005738734,33.7407039490112],[-118.30284125892,33.740703568835],[-118.30267677903,33.740703166967],[-118.302512324837,33.7407027648096],[-118.302347870722,33.7407023838943],[-118.302183416532,33.7407019812873],[-118.302183762334,33.7405909953927],[-118.3021843825,33.7404134392641],[-118.302184449361,33.7404034568843],[-118.302185066273,33.740203574962],[-118.302185086948,33.7402021795471],[-118.302185056126,33.740193614243],[-118.302186154386,33.7398775725267],[-118.302186367525,33.7398225517612],[-118.302186880222,33.7396722591644],[-118.302187336485,33.7395348469842],[-118.302187715823,33.7394189021193],[-118.302187740485,33.739411474434],[-118.302187759923,33.7394097355486],[-118.302187790766,33.7394040252174],[-118.302187828483,33.7394002254425],[-118.302188684797,33.739274018099],[-118.30229437048,33.7392742678218],[-118.302320245881,33.73927433161],[-118.302418017251,33.7392745367089],[-118.30244101323,33.7392813054497],[-118.3024846387,33.7392941404528],[-118.302592544647,33.7393258121943],[-118.302645867502,33.739341477877],[-118.302764654363,33.7393763850964],[-118.302810003284,33.7393897093888],[-118.302938050435,33.7394273409225],[-118.302974139332,33.739437962144],[-118.303110571999,33.7394779981631],[-118.303138300954,33.7394861287431],[-118.303264316157,33.7395231210367],[-118.303302437146,33.7395343166502],[-118.303430639142,33.7395720116726],[-118.30346657376,33.7395825687346],[-118.30360431898,33.7396230516948],[-118.303630710485,33.7396307991284],[-118.303776712717,33.739673665372],[-118.303794821547,33.7396789864297],[-118.303958958649,33.7397272163764],[-118.304123095861,33.7397754246325],[-118.30415987945,33.7397862154806],[-118.304159730809,33.7398303093244],[-118.304159450862,33.7399090943696],[-118.304158884089,33.7400860492918],[-118.304158879931,33.7400919956953],[-118.304158824227,33.7400978992948],[-118.304158837212,33.7401014842715],[-118.304158845842,33.7401038671003],[-118.304158834453,33.7401078170796],[-118.304158797913,33.7401119173924],[-118.30415876044,33.7401157601021],[-118.304158743686,33.7401182288636],[-118.304158279997,33.7402668898621],[-118.304157773935,33.7404180411571],[-118.304157267793,33.7405691709885],[-118.304157220448,33.7405844771676],[-118.304157194326,33.740591454049],[-118.30415681467,33.7407065617294],[-118.304156670437,33.740844101962],[-118.304156190064,33.7409952532045],[-118.304155709611,33.7411463829833],[-118.304155254853,33.7412975127004],[-118.304154882304,33.7414074897311],[-118.304154884326,33.7414080478713],[-118.30415489249,33.7414103018989],[-118.304154872081,33.7414117617151],[-118.304154875891,33.7414128135947],[-118.304154887554,33.7414160336342],[-118.304154866912,33.7414174290496],[-118.304154163908,33.7416135330315],[-118.304384428045,33.7416141099559],[-118.30472978618,33.7416151034152],[-118.304795568638,33.7416152802664],[-118.304877796711,33.7416155012797],[-118.304937000971,33.7416156732547],[-118.304960024785,33.7416157222369],[-118.305042252937,33.7416159646047],[-118.305078433306,33.7416160660768],[-118.305083341279,33.7416160750993],[-118.305124506708,33.7416161853844],[-118.305206734861,33.7416164276399],[-118.305223231867,33.7416164716604],[-118.305267557956,33.7416165953458],[-118.305288962936,33.7416166483722],[-118.305371165394,33.7416168905805],[-118.305453419167,33.7416171111353],[-118.305535647321,33.7416173531659],[-118.305617875399,33.7416175736735],[-118.305672711222,33.7416177134482],[-118.305700103476,33.7416177941249],[-118.305782331555,33.7416180145201],[-118.305809775357,33.7416181379751],[-118.305864559633,33.741618234859],[-118.305919421309,33.7416184173898],[-118.30594678779,33.7416184766087],[-118.306029067261,33.7416186967046],[-118.306111295419,33.7416189383419],[-118.306193472108,33.7416191585869],[-118.306275751659,33.741619399981],[-118.306357902653,33.741619620179],[-118.306588167056,33.7416202572866],[-118.306917079547,33.7416211790363],[-118.306982862015,33.7416213546915],[-118.307065090179,33.741621595677],[-118.307147318185,33.7416217936724],[-118.307229546271,33.7416220130785],[-118.307311825828,33.7416222537641],[-118.307394054072,33.7416225159916],[-118.30747628208,33.7416227137622],[-118.307558510168,33.7416229329435],[-118.307640738334,33.7416231735355],[-118.307722966423,33.7416233926044],[-118.307805168895,33.7416236331497],[-118.30788742268,33.7416238520405],[-118.307969650848,33.7416240924078],[-118.30805187886,33.7416242897849],[-118.308134132646,33.7416245085071],[-118.308175221075,33.7416246394127],[-118.30821633512,33.7416247487715],[-118.308298588829,33.7416249459143],[-118.308380817078,33.7416252074674],[-118.308463045171,33.7416254260305],[-118.308561975919,33.7416257090401],[-118.308565753909,33.7416258925555],[-118.308566165121,33.741625912968],[-118.30879221466,33.7416263419954],[-118.309131456984,33.7416272526477],[-118.309133337012,33.7413003248939],[-118.309134115223,33.7411766722294],[-118.309134894169,33.7410392591355],[-118.309135620985,33.7409156066076],[-118.309136425779,33.7407782363866],[-118.309136176266,33.740640654206],[-118.309136538619,33.7405925025081],[-118.309136531586,33.7405905919518],[-118.309137058064,33.7405032623254],[-118.309137939859,33.7403658704476],[-118.309138770261,33.7402284787045],[-118.30913952268,33.7401048046578],[-118.309140404467,33.7399674127877],[-118.309141182656,33.7398437601466],[-118.309142013047,33.7397063684136],[-118.309142816926,33.7395827157111],[-118.309143647312,33.7394453239832],[-118.309144425491,33.7393216713513],[-118.309145281409,33.7391842366287],[-118.309146163177,33.7390468447766],[-118.309146502363,33.7389924032822],[-118.309146813957,33.7389374466482],[-118.309147021144,33.7389099681993],[-118.309151938633,33.738745088067],[-118.309152278096,33.7386628037175],[-118.309152564249,33.738593957924],[-118.309152601583,33.738583159866],[-118.309152929981,33.73849787015],[-118.309153111966,33.7384565669417],[-118.309153268494,33.7384153282005],[-118.309153584235,33.7383335805939],[-118.309153659682,33.7383191759622],[-118.309153921008,33.7382505663741],[-118.309154207237,33.7381817420515],[-118.309154260625,33.7381683249643],[-118.309154572887,33.7380856328163],[-118.309154781298,33.7380305691189],[-118.309155537735,33.7378382003195],[-118.307657330944,33.7378338188217],[-118.307427102452,33.7378331407611],[-118.307213293223,33.7378325276714],[-118.307163958519,33.737832374561],[-118.306999483918,33.7378318927349],[-118.306670534721,33.7378309284082],[-118.306506085742,33.7378304243751],[-118.306341636843,33.7378299415842],[-118.306175646268,33.7378294624919],[-118.305565951977,33.7378276636239],[-118.304958698779,33.7378258769461],[-118.304794249898,33.7378253920402],[-118.304629801097,33.7378249283764],[-118.304465352064,33.7378244000871],[-118.304458774162,33.7378243952657],[-118.30430717291,33.7378239630505],[-118.304300877571,33.7378239360387],[-118.304294325286,33.7378239096765],[-118.304129850796,33.7378234453943],[-118.303974626373,33.7378229575173],[-118.303971671491,33.7378229649828],[-118.303922336799,33.7378228105432],[-118.303478299193,33.7378215056082],[-118.30336942765,33.7378208356209],[-118.303248070768,33.7378208195507],[-118.302656003426,33.7378190473758],[-118.302590223868,33.737818847888],[-118.302278593338,33.7378179353314],[-118.301966140432,33.7378169810975],[-118.301870735668,33.7378170487703],[-118.301768801847,33.7378164028617],[-118.301522436995,33.7378156895726],[-118.301275763733,33.7378149550842],[-118.301164530697,33.7378149544954],[-118.300576600659,33.7378132690671],[-118.300428596542,33.737812780044],[-118.300348401849,33.737812486522],[-118.300280592504,33.7378123123057],[-118.300132614085,33.7378118228543],[-118.299984584279,33.7378113333491],[-118.299836528856,33.7378108651927],[-118.299688524748,33.7378103752591],[-118.299540392168,33.7378098854634],[-118.29951158788,33.7378097854355],[-118.299482835058,33.7378097067397],[-118.299071661247,33.7378083681349],[-118.298956495566,33.7378079888723],[-118.298841432665,33.7378076092442],[-118.2984291797,33.7378062711242],[-118.29840042688,33.7378061921697],[-118.298371622595,33.7378060918689],[-118.298223618503,33.7378056001333],[-118.298075588719,33.7378051082793],[-118.297927584784,33.7378046591134],[-118.297779580697,33.7378041668315],[-118.297631576689,33.7378036958345],[-118.297483572606,33.7378032031885],[-118.297335491441,33.737802710551],[-118.297306738624,33.7378026313351],[-118.297277934417,33.7378025522394],[-118.2968667606,33.7378011846324]]]]},"properties":{"name":"San Pedro"}},{"type":"Feature","geometry":{"type":"Polygon","coordinates":[[[-118.443941220624,34.0471998439884],[-118.435260738538,34.0370753850025],[-118.435157425968,34.036954887681],[-118.43453321734,34.03622684369],[-118.434519193139,34.0361841749238],[-118.434180218138,34.0351528437879],[-118.430941216454,34.0310648431464],[-118.431638216557,34.0298788429018],[-118.430224216148,34.0276348426871],[-118.43160321717,34.0289788425288],[-118.429930293223,34.0268659396938],[-118.429930215847,34.0268658426036],[-118.430140118411,34.0267827190078],[-118.431435216149,34.026269842304],[-118.442800218019,34.0206368408518],[-118.444926218467,34.0199498408923],[-118.444582217892,34.0184248409028],[-118.444492545004,34.018268538521],[-118.444218017534,34.0177900309896],[-118.443901217732,34.0172378408422],[-118.445402765701,34.0188491678041],[-118.445426181502,34.0188775915338],[-118.445428772842,34.0188807364415],[-118.445472834568,34.0189342467103],[-118.445475738678,34.0189377745166],[-118.445522138726,34.0189940717974],[-118.445569071917,34.0190510549639],[-118.44561547209,34.0191073522093],[-118.44566247145,34.019164335096],[-118.445708805563,34.0192206055042],[-118.445755805338,34.019277642446],[-118.445802172995,34.0193338856493],[-118.445849105773,34.019390922803],[-118.445893181491,34.0194443165724],[-118.44589716605,34.0194427440024],[-118.445938527478,34.0194264248947],[-118.445940126052,34.0194291668669],[-118.446014189801,34.0195178702032],[-118.446041325917,34.0195509319892],[-118.45291722015,34.0280418411365],[-118.457080220559,34.0298038417556],[-118.457627221103,34.0316618414647],[-118.457715443528,34.0316432356064],[-118.457715628839,34.031643856062],[-118.459194199941,34.0313401766361],[-118.459195496803,34.0313399102582],[-118.470900224578,34.0413388420511],[-118.459248051675,34.0507778317093],[-118.457144117758,34.0483661788685],[-118.45713492677,34.0483556440485],[-118.456853222756,34.04802884386],[-118.456852895547,34.0480290190945],[-118.456588620362,34.0477225279879],[-118.456485742764,34.047782324581],[-118.456480521457,34.047785714262],[-118.45615207149,34.0479820551224],[-118.456044803428,34.048046183578],[-118.455723064177,34.0482385419807],[-118.455509217326,34.0483663563823],[-118.455408002504,34.0484268886469],[-118.455402737437,34.0484300142959],[-118.455401289869,34.0484308987531],[-118.455294054083,34.048494999371],[-118.455186849389,34.0485590718284],[-118.454891365227,34.0487357207349],[-118.454650731067,34.0488795718753],[-118.454328754228,34.0490720365272],[-118.454086144738,34.0492170758838],[-118.453088747013,34.0480595713576],[-118.45305218186,34.048017137102],[-118.452896378223,34.0478362783495],[-118.452749863406,34.047666212926],[-118.452234221481,34.0470648433796],[-118.448187221074,34.0495828441226],[-118.448715676968,34.0509717636312],[-118.44910673105,34.052000539652],[-118.448694338309,34.0522419912683],[-118.448559154235,34.0523211344869],[-118.448485458977,34.0523642789556],[-118.448469521518,34.0523736672409],[-118.448404221813,34.0524118445699],[-118.448404125902,34.0524117331355],[-118.444434132952,34.0477754799451],[-118.444310896321,34.0476315596775],[-118.443941220624,34.0471998439884]]]},"properties":{"name":"Sawtelle"}},{"type":"Feature","geometry":{"type":"Polygon","coordinates":[[[-118.471437233888,34.1619168516802],[-118.472412236511,34.1633948518969],[-118.473242235447,34.1642098583264],[-118.473619235045,34.1644608564507],[-118.474087235098,34.1640198521422],[-118.474911230514,34.1639518499084],[-118.474912233358,34.1648098566162],[-118.474760230365,34.1649208525647],[-118.475609234137,34.1651568520627],[-118.475801899243,34.1651726888829],[-118.476193560016,34.1652048626396],[-118.477033236585,34.1652738572815],[-118.490534241355,34.1650908532355],[-118.492369243138,34.1653308571308],[-118.492371236883,34.1670168595239],[-118.494433233427,34.1673928522076],[-118.49644423905,34.1684098497019],[-118.497710232762,34.1696468595883],[-118.498676236076,34.1714798541134],[-118.499272238755,34.1720328581393],[-118.499709235749,34.1722168588076],[-118.505952247191,34.1722408571773],[-118.505895243722,34.1732518525811],[-118.506118240968,34.1735848544705],[-118.505894246742,34.1739168498919],[-118.50596023751,34.1797508498018],[-118.507593244476,34.1797928577551],[-118.507593236807,34.1802358502824],[-118.518517245074,34.1801398548512],[-118.5184932483,34.1866178599704],[-118.483657233905,34.1866438524094],[-118.483657237115,34.1862138592666],[-118.475093236698,34.1858258581485],[-118.474160240111,34.1856338600605],[-118.473944231304,34.1852818589202],[-118.474268241758,34.186649859685],[-118.474036234731,34.1866498567762],[-118.473813233369,34.1856028569065],[-118.473639239379,34.1854028556832],[-118.46991224164,34.1811418519265],[-118.466187232616,34.1804068524564],[-118.466186237976,34.1793838537348],[-118.469096238602,34.1793818547373],[-118.46955123474,34.1792598577398],[-118.468464240483,34.1775678561],[-118.46784922939,34.1759318546909],[-118.467625237092,34.1746288529196],[-118.467549232958,34.1721109643585],[-118.467549232357,34.1721108570209],[-118.46778223207,34.1721108576427],[-118.467769236813,34.1708208545314],[-118.468022613719,34.16968243664],[-118.468057229566,34.1695268530818],[-118.469472340303,34.1667424781316],[-118.469539228449,34.1666108559102],[-118.470046765442,34.1639389660717],[-118.470076238412,34.1637838527422],[-118.470486882143,34.1634026590098],[-118.470574875758,34.1633209637272],[-118.470829234403,34.1630848563688],[-118.470874789145,34.1630753404165],[-118.471015838576,34.1630458844542],[-118.47116923105,34.1630138577463],[-118.471217508866,34.1630498753591],[-118.472477234531,34.1639898512132],[-118.470952239935,34.1622458598151],[-118.471437233888,34.1619168516802]],[[-118.518283238022,34.1809908521851],[-118.516408123337,34.1810074708518],[-118.516365245602,34.1810078578656],[-118.516362249994,34.1810476938413],[-118.516288870909,34.1820228379123],[-118.516255249519,34.1824698598371],[-118.516305659229,34.1825072888417],[-118.516368434476,34.1825538748168],[-118.516418247383,34.1825908554944],[-118.518277247269,34.1825858556756],[-118.518280239048,34.1817898513381],[-118.518283238022,34.1809908521851]]]},"properties":{"name":"Sepulveda Basin"}},{"type":"Feature","geometry":{"type":"MultiPolygon","coordinates":[[[[-118.270592207102,34.232741873986],[-118.269813206752,34.2323748741026],[-118.272321206965,34.2327318744203],[-118.27194820682,34.233071874753],[-118.271214206481,34.233247874032],[-118.270697207081,34.2329998745691],[-118.270592207102,34.232741873986]]],[[[-118.349939222811,34.2715788742934],[-118.345483222332,34.2710968738551],[-118.353021223657,34.2720988739863],[-118.352980224165,34.2723108742689],[-118.344870222354,34.2712288743811],[-118.342520221444,34.2706738740461],[-118.340020221042,34.2719858750369],[-118.338113220698,34.272239874983],[-118.335732220252,34.2672558740055],[-118.334569220337,34.266008873912],[-118.332817219685,34.264948874117],[-118.334145219729,34.2640328741389],[-118.330010218678,34.2596818742776],[-118.33016021839,34.2597818737882],[-118.330971219029,34.2596418740693],[-118.330622219161,34.25962887373],[-118.32709221803,34.2566448734762],[-118.323985460437,34.2532656111412],[-118.323820217021,34.2530858733586],[-118.323574704545,34.2526061369109],[-118.323105624316,34.2516895431837],[-118.322950217196,34.251385873674],[-118.32236840727,34.2496311897427],[-118.321647281569,34.2474563423053],[-118.321567216081,34.2472148732778],[-118.321412661156,34.2469814480764],[-118.320436684223,34.2455074301373],[-118.320305215907,34.2453088732968],[-118.320242151531,34.245253325289],[-118.318705292426,34.243899643546],[-118.318627215955,34.2438308726464],[-118.318428953706,34.2437204244322],[-118.317215687415,34.2430445315725],[-118.316884215051,34.2428598729251],[-118.316539288113,34.2427369568359],[-118.316009892737,34.2425483046728],[-118.315436215123,34.2423438724503],[-118.311172214188,34.241383872778],[-118.311903214208,34.2412238728187],[-118.313280214397,34.2412288729927],[-118.31447121436,34.2408608727905],[-118.315199214815,34.2403658727879],[-118.316311214975,34.2401738721008],[-118.317317215106,34.2395198724733],[-118.317833215338,34.2394428725436],[-118.31838921534,34.2390308719173],[-118.319382215372,34.2386508721035],[-118.320725215253,34.2377058717737],[-118.323108215737,34.2379688716659],[-118.324288216212,34.2378158715512],[-118.325501215936,34.2372248719879],[-118.328723216441,34.2364958711445],[-118.326678216734,34.2362638716797],[-118.324337215517,34.2372518713472],[-118.322462215924,34.2375508721354],[-118.321717215462,34.2375188722823],[-118.320335215012,34.2371998721817],[-118.3184152149,34.2363778721052],[-118.31668821471,34.2361448722846],[-118.313799213872,34.2343878722442],[-118.312876213395,34.2344348716647],[-118.311123213528,34.2340768718721],[-118.310331213572,34.2343748720242],[-118.307708212418,34.2345438727611],[-118.30678221271,34.2348698727935],[-118.306069213047,34.2349308728086],[-118.30541821312,34.2347478722392],[-118.303469212212,34.2336058721401],[-118.300814211257,34.233156872875],[-118.298452211433,34.2324908727545],[-118.297367210941,34.2328048732506],[-118.296472211089,34.2328018725989],[-118.292049210437,34.2338828735983],[-118.291120210287,34.2345428731899],[-118.286000208796,34.2341668736883],[-118.281578356218,34.234305227747],[-118.281142208633,34.2343188739969],[-118.280669298643,34.2342602630265],[-118.279807971184,34.2341535134952],[-118.279262208236,34.2340858743018],[-118.268824206257,34.2316968739217],[-118.266819427975,34.2306819866741],[-118.266819901167,34.2306171013343],[-118.266823464934,34.2301278057849],[-118.266824745662,34.2299488052074],[-118.26682476807,34.2299452882742],[-118.266824798523,34.2299446282843],[-118.266839967067,34.2278485663605],[-118.26684371282,34.2273330835454],[-118.266846463829,34.226953622754],[-118.266883454523,34.2218509186299],[-118.273697351292,34.2218010753107],[-118.275224421761,34.2217899180353],[-118.275322997252,34.2217891988495],[-118.277404308993,34.2217738938944],[-118.284056073119,34.2217247178106],[-118.28623923226,34.2217084997765],[-118.286929197274,34.2217033479354],[-118.288422589078,34.2216922184413],[-118.290605812714,34.2216759196655],[-118.292789068049,34.2216595796175],[-118.300161044538,34.2216041528606],[-118.301377031476,34.2215949684832],[-118.30152211677,34.2215938650883],[-118.31003547284,34.2215291832075],[-118.310255150493,34.2215274932479],[-118.313392893739,34.2215035008961],[-118.318814638527,34.2214618554102],[-118.318987840446,34.2214605199579],[-118.32662467738,34.2214014571277],[-118.327294426467,34.2213962405687],[-118.327721540939,34.2213929407216],[-118.334380897555,34.2213409748247],[-118.334587725838,34.2213393537266],[-118.33492215496,34.2213367336693],[-118.33499744064,34.2213361249885],[-118.335061615409,34.2213356056267],[-118.335276807683,34.2213338925757],[-118.335987723723,34.2213282289426],[-118.336093906836,34.2213273841307],[-118.336278915774,34.2213259117977],[-118.33747421632,34.2213168693052],[-118.334558216142,34.2156228691577],[-118.335230215939,34.2153878684645],[-118.33540293564,34.2152704660307],[-118.335450424401,34.2152382252848],[-118.336186895398,34.2147382161633],[-118.336429746042,34.2145733543631],[-118.336429119269,34.2145729341871],[-118.33642921559,34.2145728690087],[-118.336044223165,34.2143138728222],[-118.336606904911,34.2137357180102],[-118.336970476549,34.2133621553446],[-118.337014673432,34.2133167670354],[-118.337061177399,34.2132689624776],[-118.33771821569,34.2125938678748],[-118.337749215821,34.2112758684289],[-118.337756233619,34.211275607227],[-118.338116818104,34.2112815193858],[-118.33829259515,34.2112843808549],[-118.338481703351,34.2112874788416],[-118.338690293811,34.211290906954],[-118.338710206864,34.2112912361661],[-118.338903582144,34.2112943765417],[-118.338929878521,34.211294797825],[-118.339017304364,34.2112962567941],[-118.339149054504,34.2112984154681],[-118.339169397282,34.2112987434001],[-118.339382983096,34.2113022383549],[-118.339404186403,34.2113025638336],[-118.339579467732,34.21130545187],[-118.339818503854,34.2111990423045],[-118.33981921948,34.2111716985129],[-118.339825108276,34.2109524004872],[-118.339825767657,34.2109275027204],[-118.33982966848,34.2107807550713],[-118.339830185056,34.210761298475],[-118.339834228437,34.2106090537608],[-118.339834600263,34.210595093334],[-118.339837527304,34.2104853213098],[-118.339844899912,34.2102077501433],[-118.33984518503,34.2101964828479],[-118.339846737456,34.2101390479438],[-118.339849518969,34.2100316545798],[-118.339853283359,34.2098863335428],[-118.339855520757,34.2098022968969],[-118.339856324307,34.2097717659285],[-118.339856924888,34.2097489562839],[-118.339860566633,34.2096116349195],[-118.33986417461,34.2094742848006],[-118.339868102449,34.2093259431585],[-118.33987174393,34.2091885658992],[-118.339875351873,34.2090512166815],[-118.339878993554,34.208913894415],[-118.339882634999,34.2087765171554],[-118.339886276545,34.2086391678429],[-118.339886962817,34.208612621091],[-118.339889895178,34.2085017906471],[-118.339890718054,34.2084706817396],[-118.339893529102,34.2083644404543],[-118.339894416035,34.208330941395],[-118.339897134803,34.2082270912421],[-118.339898139399,34.2081894420824],[-118.339900784983,34.2080897419049],[-118.339901866888,34.2080489596905],[-118.339904710518,34.2079413993663],[-118.339905880219,34.2078971279612],[-118.339908341031,34.207804023038],[-118.339909204512,34.2077714300881],[-118.339909607459,34.2077565905761],[-118.339910178558,34.2077342759573],[-118.339911986829,34.2076666728112],[-118.339912586455,34.2076433691273],[-118.339915594641,34.2075293235925],[-118.339919236079,34.2073919742792],[-118.339921270288,34.2073148349525],[-118.339922306375,34.2072766637148],[-118.339922888242,34.207254596988],[-118.339926229789,34.2071275521713],[-118.339928377803,34.2070458516544],[-118.339928983763,34.2070238398536],[-118.339930586188,34.2069627220335],[-118.339935089016,34.2067930826915],[-118.339938696748,34.2066557325707],[-118.339942616519,34.2065078732702],[-118.340541781937,34.2065180227218],[-118.340779888173,34.2065221818087],[-118.340831586219,34.2065230810596],[-118.341065331105,34.2065268894538],[-118.341359216204,34.2065318674085],[-118.342202216155,34.2069448677625],[-118.34242869001,34.2071493038845],[-118.343003543774,34.2076682206009],[-118.343353216952,34.2079838671442],[-118.345109216768,34.2101448673583],[-118.347094217534,34.211734867546],[-118.348052217652,34.2128268680363],[-118.348915218352,34.2134778681845],[-118.348809217744,34.2135828674098],[-118.352808219518,34.2167088681284],[-118.354459219065,34.2184388675737],[-118.354592219885,34.2183578679196],[-118.355956220179,34.2198528684288],[-118.355814219639,34.2199278683703],[-118.357710219822,34.2215998682101],[-118.357835220035,34.2215098678742],[-118.359072220807,34.2222048682089],[-118.366487222038,34.2299248688554],[-118.390062228197,34.2522098692913],[-118.389641227818,34.2528588697183],[-118.39012022869,34.2525088692663],[-118.387660854657,34.2567240686646],[-118.386890228517,34.2580448706947],[-118.386041228272,34.2605858704467],[-118.380226227713,34.2595068713067],[-118.373325225612,34.2603068719068],[-118.3721252259,34.261306871673],[-118.371125225828,34.2632068716107],[-118.371210225577,34.2603308716365],[-118.368824225528,34.2633788718937],[-118.366444225198,34.265477872564],[-118.365491225442,34.2659758724999],[-118.364367225289,34.2661768726717],[-118.35990622382,34.2661278729285],[-118.359857224316,34.2670678726975],[-118.35572622381,34.2663028735603],[-118.358358224739,34.2715738739539],[-118.356763224263,34.271782874012],[-118.356202224045,34.2719968734798],[-118.356192224531,34.2723718742252],[-118.353096223351,34.2717108740818],[-118.349939222811,34.2715788742934]]]]},"properties":{"name":"Shadow Hills"}},{"type":"Feature","geometry":{"type":"Polygon","coordinates":[[[-118.413788197124,34.1566388579127],[-118.413787224293,34.1539928571326],[-118.418151224706,34.1539918569111],[-118.418150223987,34.1481758569199],[-118.418396224751,34.1480538562567],[-118.419182224544,34.1483048561769],[-118.420877224774,34.1483608562329],[-118.422514225669,34.1496928569736],[-118.422513224922,34.1465788564437],[-118.418341223593,34.14588685644],[-118.418820224348,34.1440838565285],[-118.416770223541,34.1434498565527],[-118.415679223419,34.1434638560367],[-118.414781223359,34.1429098558108],[-118.414531223581,34.1414278558055],[-118.414144223106,34.1407838560586],[-118.413696222742,34.140527855817],[-118.413440222207,34.1388148561215],[-118.412168222834,34.1367848557381],[-118.413084222662,34.1354898553782],[-118.414273222166,34.1343938557353],[-118.414303222768,34.1341568549687],[-118.414273222977,34.1341444309205],[-118.413808221914,34.1339518549878],[-118.413202221865,34.1346818555937],[-118.412077222615,34.1349578556677],[-118.411568221681,34.1327058550164],[-118.411122221824,34.1323268554096],[-118.410869221419,34.1324538551541],[-118.410863221609,34.1328038551009],[-118.410388221592,34.1335658551412],[-118.409892221914,34.1336218556882],[-118.409876206611,34.1335895601251],[-118.409529222062,34.1328898557291],[-118.40901722158,34.1328348555264],[-118.409063221148,34.132202855572],[-118.408528220917,34.1321008555686],[-118.40864622098,34.1316218557545],[-118.408193220769,34.1311938551997],[-118.408432550342,34.1302789401743],[-118.40844722085,34.1302228555488],[-118.408424318666,34.1302097200044],[-118.407860557215,34.129886385893],[-118.40767430721,34.1297795662863],[-118.407631221222,34.1297548553111],[-118.407525220557,34.129453854967],[-118.409008220936,34.1297048554814],[-118.412129221688,34.1295728552172],[-118.412588221746,34.1294488551442],[-118.41320722147,34.1289498546753],[-118.414023222345,34.1289878551608],[-118.414219221739,34.1287188545286],[-118.414083222014,34.1280818550638],[-118.414507221496,34.1275388545054],[-118.414590221548,34.1269658546235],[-118.414952221906,34.126524854127],[-118.415450222485,34.1264168548606],[-118.416256222319,34.1266778545472],[-118.416817222364,34.1272078545533],[-118.418056222715,34.1271198542487],[-118.419492222416,34.1276348543628],[-118.420779223168,34.1284718545527],[-118.421184223612,34.1296868546571],[-118.421411223803,34.1299028544544],[-118.422350223639,34.1298008542023],[-118.42320222377,34.1302588539452],[-118.42465322337,34.1302078542127],[-118.426795224225,34.1312178543336],[-118.427463224687,34.1311738545326],[-118.428648224771,34.131449854346],[-118.429385224549,34.1313338539153],[-118.430022224877,34.1320598537729],[-118.431042224988,34.1316708537769],[-118.431765225371,34.1319658540573],[-118.432898225764,34.1318358541269],[-118.433452225185,34.1315398537232],[-118.434122225427,34.1308738539846],[-118.434993225462,34.1305838540559],[-118.435757225505,34.1306758539091],[-118.438473225948,34.1316038539461],[-118.439426225932,34.13121285336],[-118.440611226573,34.1315178539291],[-118.441537455542,34.1311138204597],[-118.442830753185,34.1305496683808],[-118.44336212062,34.1303178795467],[-118.443378226975,34.1303108533774],[-118.446378227435,34.1305258528801],[-118.448704228176,34.1312708533875],[-118.449571227638,34.1318738528044],[-118.45140122901,34.1317628526525],[-118.453143228585,34.1319938524521],[-118.45319782393,34.1320150728489],[-118.453920229429,34.1322958529875],[-118.454654228859,34.132893853083],[-118.455540228919,34.1329128529865],[-118.455916228825,34.1327578527937],[-118.456360229261,34.1322338525493],[-118.456995229147,34.132091852847],[-118.457775229976,34.1316248529926],[-118.458434229625,34.130831852461],[-118.45852105264,34.1307934430241],[-118.45873089839,34.130700609578],[-118.459137229873,34.130520852342],[-118.459610516991,34.1304672674299],[-118.460771230115,34.1303358521383],[-118.461647230258,34.1307738519669],[-118.462964230533,34.1310798523099],[-118.46409323062,34.1301378523447],[-118.465593230834,34.1302258520405],[-118.467494230648,34.1293798519969],[-118.468978230863,34.12958985165],[-118.469795231875,34.1302768518292],[-118.4706633872,34.1300976814508],[-118.470798231331,34.1300698513786],[-118.471556231855,34.1295718511971],[-118.473648231944,34.1268298512239],[-118.474468232356,34.1264738508497],[-118.475683231579,34.1263508509386],[-118.474812232426,34.1275398510853],[-118.474251232015,34.1286818514925],[-118.471558232327,34.1373208527564],[-118.471361232066,34.1390128523651],[-118.471610232276,34.1425648531841],[-118.471180232493,34.1458058535467],[-118.470378232566,34.1476218538072],[-118.470522233267,34.1479478538307],[-118.469574233281,34.148355854164],[-118.468637232673,34.1502638543718],[-118.468236233127,34.1517648539972],[-118.468108232544,34.1531158539967],[-118.468211233212,34.154150854159],[-118.468897233695,34.1542648541101],[-118.469165233496,34.1552798547616],[-118.469015232972,34.1554328547005],[-118.468764232867,34.1552618547835],[-118.468411233116,34.1543438547385],[-118.469656234019,34.1584098551057],[-118.469663233923,34.1628998555092],[-118.4705061625,34.1633772483574],[-118.4705072342,34.1633778554318],[-118.470486881288,34.1634026575643],[-118.470046769589,34.1639389672564],[-118.469958234494,34.1640468552197],[-118.469472340464,34.166742476631],[-118.469445234325,34.1668928560163],[-118.468022608791,34.1696824314035],[-118.467963234129,34.1697988562026],[-118.467769234953,34.1708208563053],[-118.467782234416,34.172110856144],[-118.467549237496,34.1721109683185],[-118.466414162427,34.1721115152924],[-118.413796225266,34.1721368594695],[-118.414033225826,34.1713528595156],[-118.413795225048,34.1693798590046],[-118.413791224607,34.1648738587613],[-118.413788197124,34.1566388579127]]]},"properties":{"name":"Sherman Oaks"}},{"type":"Feature","geometry":{"type":"Polygon","coordinates":[[[-118.264844195619,34.1128168611898],[-118.263541195739,34.1115108611288],[-118.262669195342,34.1108678609457],[-118.262345643292,34.1106653808869],[-118.261347483415,34.1100407261706],[-118.26096419433,34.1098008615475],[-118.260666021199,34.1096734829656],[-118.260141793718,34.1094495342099],[-118.259405194355,34.1091348609694],[-118.25664819359,34.1082478610664],[-118.256373193797,34.1086778617528],[-118.255024193503,34.1085338619459],[-118.253418193543,34.1086428613071],[-118.256555193449,34.105981861603],[-118.255927193196,34.1055528612994],[-118.253705193464,34.1046388612613],[-118.251503192827,34.1024368610468],[-118.250823933679,34.1009071921783],[-118.250779738667,34.1008076655319],[-118.250778261321,34.1008043392406],[-118.250614192448,34.1004348613261],[-118.251844192103,34.0986148607032],[-118.251651192198,34.0985218605057],[-118.255159017587,34.0942438616414],[-118.255322192081,34.0940448598885],[-118.255542193018,34.0938288601626],[-118.255716192901,34.0939528601454],[-118.258473193382,34.0915448593085],[-118.2585331932,34.0909988597332],[-118.259201192461,34.0897868596927],[-118.259919193153,34.0857758584796],[-118.263341193133,34.087258859192],[-118.264440193199,34.0854578585832],[-118.26664319368,34.0864568585713],[-118.268511193844,34.0836658583003],[-118.270260194048,34.0806528579615],[-118.27187719455,34.0790768573022],[-118.274183194131,34.0752958566589],[-118.274185366127,34.0752964503459],[-118.279922136874,34.0768607642034],[-118.280234195657,34.0769458565918],[-118.284422678147,34.0779007371958],[-118.284423196435,34.0779008567808],[-118.284597197123,34.0958188583667],[-118.27717419675,34.0957808589039],[-118.276509571816,34.0960643522064],[-118.276398196542,34.0961118590535],[-118.276336748853,34.096204552722],[-118.275515196217,34.0974438596066],[-118.274062397526,34.0987739262664],[-118.273988195651,34.0988418591312],[-118.273765546338,34.0992506723338],[-118.273514445878,34.0997117257218],[-118.27345119634,34.0998278591383],[-118.273043196316,34.1024488596077],[-118.273373196341,34.1040578602246],[-118.271379196335,34.1092318607707],[-118.269136196688,34.1116358607574],[-118.269033196224,34.111546860905],[-118.266136196167,34.1127538617858],[-118.266115956796,34.1127794062055],[-118.265560434795,34.113480531253],[-118.265537196037,34.1135098613913],[-118.264844195619,34.1128168611898]]]},"properties":{"name":"Silver Lake"}},{"type":"Feature","geometry":{"type":"Polygon","coordinates":[[[-118.280402187802,33.9891588472166],[-118.280614187943,33.989157846854],[-118.280670674862,33.9933016453013],[-118.280670675119,33.9933017219305],[-118.280714188664,33.9964938481769],[-118.280502189325,33.9964938479745],[-118.280994189674,34.0037768487642],[-118.256493126822,34.0039428366973],[-118.256491184901,34.0039428498395],[-118.256457853868,33.9926095618739],[-118.256448184379,33.9893218482679],[-118.280402187802,33.9891588472166]]]},"properties":{"name":"South Park"}},{"type":"Feature","geometry":{"type":"Polygon","coordinates":[[[-118.403428222202,34.1566328580493],[-118.402751663878,34.1564226878105],[-118.402060677188,34.1562080351565],[-118.401944222647,34.1561718586794],[-118.401148121901,34.1557902023007],[-118.399516221607,34.1550078582255],[-118.399363629249,34.1549731356556],[-118.398220256711,34.154712960064],[-118.39755622105,34.1545618586612],[-118.397421394667,34.15456207832],[-118.385771847697,34.154581090616],[-118.378749829885,34.1545925500839],[-118.378560218425,34.1545928599088],[-118.378324218272,34.1545718598234],[-118.378285470609,34.1545306897739],[-118.377814432286,34.1540302121769],[-118.377636217921,34.1538408593192],[-118.376725218298,34.1532638598908],[-118.375639217105,34.1529648597906],[-118.375579077793,34.1529604983662],[-118.374853217216,34.1529078599964],[-118.375436217568,34.1535868599945],[-118.374323217065,34.1531958597792],[-118.373133217563,34.1529988596617],[-118.370220216514,34.1530718595419],[-118.370220216893,34.1528768599136],[-118.367474555912,34.1530353210589],[-118.36746521608,34.1530358597147],[-118.366084472947,34.1507142784302],[-118.360927213931,34.1420428596633],[-118.361003221011,34.1410826673313],[-118.36100621397,34.1410448587951],[-118.36235421449,34.1387008586282],[-118.361861213934,34.1385968583767],[-118.361353239524,34.1387384152479],[-118.361321106564,34.1387379649641],[-118.36121815857,34.1387365227419],[-118.360939321265,34.1387326144268],[-118.360723402121,34.138729587862],[-118.359927551686,34.1387300965623],[-118.359832885004,34.1387301566068],[-118.359832909046,34.1388926376369],[-118.359832908805,34.1388940927164],[-118.359832952131,34.1391620407632],[-118.359832952263,34.139162071415],[-118.359160312823,34.1393495140307],[-118.359159608077,34.1393495152229],[-118.358597179776,34.1393495702457],[-118.358434008193,34.1393495853627],[-118.358433854234,34.1393495858192],[-118.358431848401,34.1393495854557],[-118.357335360896,34.1384547630953],[-118.357339261159,34.1384474833849],[-118.357339517177,34.1384470093219],[-118.35733962485,34.1384468341057],[-118.357353906641,34.1384236043882],[-118.357381890925,34.1383780887656],[-118.357382360378,34.1383773246785],[-118.357391425379,34.138362579406],[-118.357540276853,34.1382731026729],[-118.357632159019,34.1382178696556],[-118.357635337361,34.1382159589138],[-118.357658114579,34.138202267518],[-118.357708746066,34.1382543580992],[-118.357761817306,34.1383039613141],[-118.357817205289,34.138350962127],[-118.35782043887,34.1383535967602],[-118.357840895279,34.1383696511601],[-118.357914196726,34.1384206747446],[-118.357990857677,34.1384664981947],[-118.358070507458,34.1385069008241],[-118.35815276575,34.1385416890221],[-118.358237234997,34.138570695374],[-118.358323511259,34.1385937813346],[-118.358411179867,34.1386108354373],[-118.358499818687,34.138621775088],[-118.358867387974,34.1386576663735],[-118.358868832595,34.1386395862919],[-118.358869257625,34.1386342867041],[-118.3589089939,34.1381372665372],[-118.358915686218,34.1380535652126],[-118.358601539717,34.1380353065258],[-118.357840301468,34.1379911332066],[-118.357841746396,34.1379730756756],[-118.357868690025,34.1376362425556],[-118.357804647023,34.1375671572218],[-118.357782661139,34.1375108636887],[-118.357754248585,34.1373275258205],[-118.357726563418,34.1372599006124],[-118.357669821796,34.137182439972],[-118.357639489916,34.137106386004],[-118.357624290948,34.1370064082832],[-118.35764424057,34.1367568961263],[-118.35763456517,34.1367122987322],[-118.357512215287,34.1365857631762],[-118.357450097626,34.1365341220908],[-118.357392466912,34.1364263002295],[-118.357392904451,34.1362968735661],[-118.357287896721,34.1362303396107],[-118.357164902614,34.1358538034499],[-118.357051304406,34.1355060281573],[-118.35703689643,34.1354524113089],[-118.357028410355,34.1353975445694],[-118.357025946529,34.1353420794538],[-118.357029534868,34.1352866766997],[-118.35703913371,34.1352319927477],[-118.357054626572,34.1351786797506],[-118.35707583183,34.1351273693176],[-118.357093489908,34.1350898267941],[-118.357086415466,34.1350875000934],[-118.355039229226,34.1344142357087],[-118.354885578679,34.1343675140478],[-118.354729997426,34.1343276955068],[-118.353601437451,34.1340652816559],[-118.353497324641,34.1340443955707],[-118.353392168761,34.1340296266594],[-118.353286329948,34.1340210261559],[-118.353180169325,34.1340186227537],[-118.353074050102,34.1340224253081],[-118.352968333227,34.134032421045],[-118.352863381727,34.1340485755491],[-118.352759553116,34.1340708327852],[-118.352454004492,34.1341462431903],[-118.352397087956,34.134157037332],[-118.352339346597,34.134161716031],[-118.352281436122,34.1341602259878],[-118.352224011453,34.1341525842259],[-118.352167725637,34.1341388780958],[-118.352167411915,34.134138783447],[-118.352149709379,34.1341618755625],[-118.352148595875,34.1341641759188],[-118.352148563631,34.1341642427263],[-118.352142109672,34.1341776430194],[-118.352124960113,34.1341732141489],[-118.352123276916,34.1341730784125],[-118.352107306076,34.1341717924647],[-118.352089669215,34.1341734188196],[-118.352089271779,34.1341735263584],[-118.352068642922,34.134156691667],[-118.351951212418,34.1340608587244],[-118.352528212556,34.1331108584797],[-118.352872211775,34.1321018587349],[-118.355895212253,34.1328768586865],[-118.356433212784,34.132123857981],[-118.35667821264,34.1325828580595],[-118.357243213323,34.1328848583357],[-118.357743212397,34.132878858409],[-118.35806821353,34.1332418586968],[-118.358718212756,34.1327548584374],[-118.359289212781,34.1330918587402],[-118.360053213806,34.1330078585607],[-118.360121212877,34.1325838584727],[-118.360638213187,34.1324058586224],[-118.360819213499,34.1320008579848],[-118.361210213418,34.1318448577616],[-118.361283213907,34.1313768579399],[-118.361549213107,34.1311478577691],[-118.362735213139,34.1315168578913],[-118.362744400589,34.1315279696968],[-118.363136213362,34.1320018584491],[-118.363154646186,34.1320019301889],[-118.363246724665,34.1320022900044],[-118.363392214104,34.132002857921],[-118.36340356871,34.1319595671948],[-118.363416216917,34.1319113438821],[-118.363440213295,34.1318198578055],[-118.363302811401,34.1317214138444],[-118.363112213905,34.1315848575409],[-118.362987213229,34.1311928575516],[-118.362555214073,34.1307198578916],[-118.362120213286,34.1305608579798],[-118.361932212865,34.1302408574772],[-118.361895897568,34.1302386934381],[-118.361110212756,34.1301918581207],[-118.360693213474,34.1305018584188],[-118.360673320939,34.130496822297],[-118.360564138324,34.1304691805918],[-118.360456213649,34.1304418577867],[-118.360455960346,34.1304185655643],[-118.360455638678,34.1303889727128],[-118.360454213578,34.1302578576114],[-118.360773212746,34.1300238580405],[-118.360862415565,34.1299929476645],[-118.362340213247,34.1294808575651],[-118.363000213953,34.1299478580004],[-118.363271213168,34.1297898574849],[-118.362820213224,34.129600858199],[-118.362457213206,34.1292178578668],[-118.361065213276,34.1293638580804],[-118.360499213047,34.1285658573914],[-118.359843770715,34.1284508677623],[-118.359815212606,34.1284458582003],[-118.359776589797,34.1283849319931],[-118.359715152523,34.1282880167545],[-118.3596732128,34.1282218579563],[-118.359925213113,34.1276338574397],[-118.360361212736,34.1273528578233],[-118.360720213445,34.1278778573605],[-118.360810883302,34.1279198696611],[-118.361235781467,34.1281167445757],[-118.361443213303,34.1282128574443],[-118.361503520688,34.1282137517226],[-118.363332213241,34.1282408573487],[-118.365490213523,34.1289168571762],[-118.366801213588,34.1289448570855],[-118.36758195132,34.1293956117016],[-118.367622214193,34.1294188570643],[-118.369558669237,34.1292232463529],[-118.369592214803,34.1292198576872],[-118.369615051516,34.1292524892717],[-118.370028214505,34.1298428572562],[-118.370999214467,34.1300278574366],[-118.372242215131,34.1310348570969],[-118.373439215645,34.1309848575529],[-118.373448279642,34.1309374556291],[-118.373508967689,34.1306200743493],[-118.373513215735,34.1305978572894],[-118.372990215603,34.1302528568772],[-118.372593215635,34.1293558574368],[-118.371872215247,34.1288468572573],[-118.372004215123,34.1281918574881],[-118.371336214149,34.1267838569648],[-118.371596214538,34.1265268567135],[-118.372490214895,34.1263858570846],[-118.373354215212,34.1268538571682],[-118.373979214932,34.1266328571409],[-118.374209215277,34.1256128569069],[-118.374734214955,34.1247938563104],[-118.374760214983,34.1239028561599],[-118.375573215118,34.1234118560404],[-118.375819214593,34.1230798562179],[-118.375811214779,34.1227008564148],[-118.375536215244,34.1222048566556],[-118.375796792264,34.12191553267],[-118.375817214919,34.1218928559409],[-118.375876459553,34.1219088533774],[-118.377365214936,34.1223108557027],[-118.378076214922,34.1222138561039],[-118.378774215889,34.1225668560407],[-118.379727215589,34.1225768559129],[-118.380777216313,34.1230808559072],[-118.381116215528,34.1229558559529],[-118.381516760188,34.1224408707874],[-118.38155021601,34.1223978556589],[-118.3815837178,34.1224048161341],[-118.382580216349,34.1226118554992],[-118.383304216506,34.1221218557115],[-118.383358820409,34.1221233007861],[-118.385004216326,34.1221668554734],[-118.385564216241,34.1216868557788],[-118.386083076248,34.121574173439],[-118.386158216627,34.1215578553873],[-118.386217219839,34.1215909010916],[-118.386626366962,34.1218200545056],[-118.386699216672,34.1218608557744],[-118.386709648496,34.1218881299341],[-118.387140216592,34.1230138559438],[-118.387304205182,34.1231759731401],[-118.387370614293,34.1232416247653],[-118.387403217206,34.1232738556758],[-118.387476200491,34.1232734251877],[-118.389020358099,34.1232643088682],[-118.389097217743,34.1232638559093],[-118.389605344008,34.1230824517576],[-118.390040641284,34.1229270482287],[-118.390139217286,34.122891855035],[-118.39051621783,34.1222608556592],[-118.391403217687,34.1221918551392],[-118.392069217758,34.1215808555307],[-118.392786218026,34.1212428547798],[-118.393241217544,34.1201098548745],[-118.394081218198,34.1202708550235],[-118.395218217966,34.1197928547305],[-118.396238217756,34.1191158543238],[-118.397391393357,34.1190974884489],[-118.397431218724,34.1190968544361],[-118.398167218646,34.1198238544675],[-118.398135219001,34.1214518548633],[-118.398782218475,34.1217978547662],[-118.399025219394,34.1224528549635],[-118.39995721935,34.1230458552538],[-118.400207219588,34.123510854518],[-118.400907219513,34.1241238552356],[-118.401957219477,34.1244758547051],[-118.402270219593,34.1248888550541],[-118.403025219643,34.1253138550629],[-118.403316219476,34.1259728554873],[-118.403380219775,34.1265988549668],[-118.403875219882,34.1272028554982],[-118.403928219745,34.1278508556292],[-118.404317282781,34.1279467513489],[-118.404354220466,34.1279558550183],[-118.405401796171,34.127626498],[-118.405868220903,34.1274798546373],[-118.406076743707,34.1275474357885],[-118.406270530467,34.1276102410859],[-118.406337220975,34.1276318548429],[-118.406673220271,34.1280598547428],[-118.407019712996,34.1290908332186],[-118.407040221052,34.1291518550288],[-118.407525220557,34.129453854967],[-118.40767430721,34.1297795662863],[-118.407682220981,34.1297968554219],[-118.407860557215,34.129886385893],[-118.408419220948,34.1301668556057],[-118.408424318666,34.1302097200044],[-118.408432550342,34.1302789401743],[-118.408463221683,34.1305368556181],[-118.408193220769,34.1311938551997],[-118.40864622098,34.1316218557545],[-118.408528220917,34.1321008555686],[-118.409063221148,34.132202855572],[-118.40901722158,34.1328348555264],[-118.409529222062,34.1328898557291],[-118.409848222111,34.1335908558594],[-118.409876206611,34.1335895601251],[-118.410388221592,34.1335658551412],[-118.410863221609,34.1328038551009],[-118.410869221419,34.1324538551541],[-118.411122221824,34.1323268554096],[-118.411568221681,34.1327058550164],[-118.412077222615,34.1349578556677],[-118.413202221865,34.1346818555937],[-118.413808221914,34.1339518549878],[-118.414273222286,34.1341018549066],[-118.414273222977,34.1341444309205],[-118.414273222166,34.1343938557353],[-118.413084222662,34.1354898553782],[-118.412168222834,34.1367848557381],[-118.413440222207,34.1388148561215],[-118.413696222742,34.140527855817],[-118.414144223106,34.1407838560586],[-118.414531223581,34.1414278558055],[-118.414781223359,34.1429098558108],[-118.415679223419,34.1434638560367],[-118.416770223541,34.1434498565527],[-118.418820224348,34.1440838565285],[-118.418341223593,34.14588685644],[-118.422513224922,34.1465788564437],[-118.422514225669,34.1496928569736],[-118.420877224774,34.1483608562329],[-118.419182224544,34.1483048561769],[-118.418396224751,34.1480538562567],[-118.418150223987,34.1481758569199],[-118.418151224706,34.1539918569111],[-118.413787224293,34.1539928571326],[-118.413788210679,34.1566388578663],[-118.405233222954,34.1566028583658],[-118.40523322301,34.1567958586564],[-118.403682556401,34.1566558260101],[-118.403428222202,34.1566328580493]]]},"properties":{"name":"Studio City"}},{"type":"Feature","geometry":{"type":"Polygon","coordinates":[[[-118.299411214953,34.276231877317],[-118.299535215217,34.2754908773504],[-118.299798214811,34.2752078776733],[-118.300971215727,34.2750368775664],[-118.302176214788,34.2741628770725],[-118.303050215959,34.2740178771034],[-118.303314214951,34.2738198774193],[-118.303207215272,34.2733388766256],[-118.302210215721,34.2728218771215],[-118.302771214989,34.2724478768776],[-118.302644213739,34.2523928743709],[-118.304487214268,34.2524028746161],[-118.306128214449,34.2521168745922],[-118.306178213926,34.2519608745864],[-118.305851213579,34.2513658742313],[-118.30594921448,34.2512098747339],[-118.306230213884,34.2511898740556],[-118.306627213903,34.2505098745771],[-118.306497213548,34.2483238738176],[-118.307086214006,34.248128873763],[-118.312396215454,34.2488718740796],[-118.31672321548,34.2486068736978],[-118.32236840727,34.2496311897427],[-118.322394216398,34.2496358729985],[-118.323105624316,34.2516895431837],[-118.32323321667,34.2520578736541],[-118.323574704545,34.2526061369109],[-118.323985460437,34.2532656111412],[-118.32417621734,34.2535718739535],[-118.32709221803,34.2566448734762],[-118.330622219161,34.25962887373],[-118.330971219029,34.2596418740693],[-118.33016021839,34.2597818737882],[-118.330010218678,34.2596818742776],[-118.334145219729,34.2640328741389],[-118.332817219685,34.264948874117],[-118.334569220337,34.266008873912],[-118.335732220252,34.2672558740055],[-118.338113220698,34.272239874983],[-118.338094681607,34.2722442622348],[-118.336827164318,34.2725442143073],[-118.33642907613,34.2726384208154],[-118.336372220416,34.2726518746207],[-118.336229087945,34.2725620708571],[-118.335803220894,34.2722948746551],[-118.334882221035,34.272047875068],[-118.333737220351,34.2720758746777],[-118.333015220125,34.2718938754851],[-118.331929220182,34.2720098748692],[-118.330843219643,34.2717128748597],[-118.329631219485,34.2720488749137],[-118.328539220082,34.2721528751985],[-118.327003218923,34.2727688753053],[-118.326294219237,34.2733248759339],[-118.325752218892,34.2734558759704],[-118.323275218702,34.272989875901],[-118.320203218217,34.2733088763231],[-118.317905218318,34.2729678758773],[-118.317545844739,34.2729822166019],[-118.317159145709,34.2729976465726],[-118.317078217524,34.2730008759638],[-118.316901816405,34.2731439281172],[-118.316475217182,34.2734898764012],[-118.315037217859,34.2742038761227],[-118.317322218322,34.2736368762393],[-118.317471812265,34.2736833017056],[-118.317518001285,34.2736976367014],[-118.317554217954,34.273708875819],[-118.317587218105,34.2739298762367],[-118.317185217661,34.2745418766068],[-118.316408217322,34.2752238767089],[-118.31646221757,34.2756548765156],[-118.316787217562,34.2757428765281],[-118.317048217409,34.2753628762997],[-118.31771221759,34.2752578758864],[-118.317980583376,34.2750870419119],[-118.318144218212,34.2749828760853],[-118.318225936969,34.2750144557711],[-118.31837355337,34.2750715008986],[-118.318734218,34.2752108759334],[-118.319099114186,34.2755999773936],[-118.319297705008,34.2758117418743],[-118.319337218722,34.2758538763782],[-118.319373272979,34.2760448282207],[-118.319732218509,34.2779458767314],[-118.319532219038,34.2789418765777],[-118.319082218889,34.2793248766574],[-118.317337218555,34.2794908766312],[-118.317292217888,34.2798118768695],[-118.317028218154,34.2801148772255],[-118.316134218502,34.2803438765019],[-118.316596218973,34.282409877429],[-118.317233218487,34.283635876842],[-118.317378218427,34.2844468770873],[-118.31688618238,34.2860780516522],[-118.316883218697,34.2860878771177],[-118.299490215464,34.28610087852],[-118.299407216368,34.2932638789682],[-118.290634166139,34.2932329291079],[-118.290632948705,34.2929102776547],[-118.2906328221,34.2928648929528],[-118.290632813073,34.2928616781056],[-118.290632792935,34.2928558975203],[-118.29063275401,34.2928447240059],[-118.290629367012,34.2928446816479],[-118.290632214632,34.292723880127],[-118.286325665208,34.2926543235137],[-118.286344123891,34.2921626664301],[-118.286347827012,34.2920639884358],[-118.287862214378,34.291222880019],[-118.290129214985,34.2893218795474],[-118.291430214215,34.2862438792926],[-118.291475243343,34.2860924556873],[-118.292279214541,34.2833888788791],[-118.293843215099,34.2820198785628],[-118.295888214426,34.2808338777454],[-118.297239214917,34.2783618775956],[-118.298264215145,34.2775018774259],[-118.298098215063,34.276845877392],[-118.298637215347,34.2766868772464],[-118.298827215117,34.2763348777903],[-118.299411214953,34.276231877317]]]},"properties":{"name":"Sunland"}},{"type":"Feature","geometry":{"type":"Polygon","coordinates":[[[-118.390062228197,34.2522098692913],[-118.366487222038,34.2299248688554],[-118.359072220807,34.2222048682089],[-118.357835220035,34.2215098678742],[-118.357710219822,34.2215998682101],[-118.355814219639,34.2199278683703],[-118.355956220179,34.2198528684288],[-118.354592219885,34.2183578679196],[-118.354459219065,34.2184388675737],[-118.352808219518,34.2167088681284],[-118.348809217744,34.2135828674098],[-118.348915218352,34.2134778681845],[-118.348052217652,34.2128268680363],[-118.347094217534,34.211734867546],[-118.345109216768,34.2101448673583],[-118.343003543774,34.2076682206009],[-118.34269121691,34.2073008678638],[-118.34242869001,34.2071493038845],[-118.341359216204,34.2065318674085],[-118.341425542529,34.2065327593895],[-118.348766128928,34.2066523707333],[-118.348787032562,34.206652664776],[-118.348852556533,34.2066536604786],[-118.348866647506,34.2066538677699],[-118.349179019526,34.2066585994263],[-118.349625845876,34.2066653606237],[-118.350166079609,34.2066734708218],[-118.350351833691,34.20667581797],[-118.350373034663,34.2066761135823],[-118.350378625428,34.2066761839388],[-118.35067085028,34.2066798404642],[-118.354146502916,34.2067325049111],[-118.355956572834,34.2067606625033],[-118.35600433485,34.2067614018707],[-118.356369894054,34.2067670853665],[-118.356468263461,34.2067686121695],[-118.357054277077,34.2067777070807],[-118.357436276933,34.2067836480608],[-118.357464159564,34.2067840813607],[-118.35746603043,34.2067841136975],[-118.358456318749,34.2067995020394],[-118.358654744046,34.2068025679088],[-118.35964690367,34.2068179788238],[-118.360182406942,34.2068254813799],[-118.36073964197,34.2068332737794],[-118.360771295965,34.2068338393181],[-118.360936545893,34.206836286351],[-118.361525437206,34.2068451346541],[-118.361831591381,34.2068497151928],[-118.361910080609,34.2068507173377],[-118.362293662876,34.2068555600116],[-118.362337323706,34.2068561432775],[-118.362838260354,34.2068624186495],[-118.362998273684,34.2068641194774],[-118.362992033612,34.2068227684856],[-118.362999219629,34.206822865928],[-118.362183219485,34.2014238656614],[-118.362351043376,34.2012385075361],[-118.362384218881,34.2012018652788],[-118.370324220285,34.2012013390502],[-118.392578224624,34.2011998638406],[-118.394022225066,34.2008928639288],[-118.404606615263,34.2029804870205],[-118.409435227144,34.2039328634604],[-118.409435227194,34.2037148633971],[-118.426774230316,34.2071378628186],[-118.423170231072,34.220378864497],[-118.422786579237,34.2216500418196],[-118.422778400828,34.2216771372915],[-118.422369231017,34.2230328648534],[-118.422214407457,34.2233371813252],[-118.421614231253,34.2245168646547],[-118.420570184037,34.2255740393871],[-118.420421230672,34.2257248651006],[-118.420395413574,34.2257005654669],[-118.420336230836,34.2256448648388],[-118.407219229406,34.2352408667164],[-118.403544229015,34.2381288677514],[-118.401503229494,34.2408428675182],[-118.401366229066,34.2407138673836],[-118.400088228698,34.242464867795],[-118.398587229015,34.2438468684387],[-118.39870722945,34.2439598686261],[-118.396737228895,34.2454378685555],[-118.392076228214,34.2496798694546],[-118.390215228427,34.2523538700794],[-118.390062228197,34.2522098692913]]]},"properties":{"name":"Sun Valley"}},{"type":"Feature","geometry":{"type":"Polygon","coordinates":[[[-118.476610385202,34.3301914595973],[-118.475828357441,34.3301822506918],[-118.47582728789,34.3301862117464],[-118.469475541625,34.3301285797809],[-118.469409225474,34.3301279577188],[-118.469166254405,34.3301257659393],[-118.468400703538,34.3301187802815],[-118.46764757573,34.3301119068211],[-118.467080245387,34.3301067864046],[-118.466977789556,34.3301058073784],[-118.465340088403,34.3300908688315],[-118.46532084817,34.3300906929975],[-118.464830665738,34.3300862267833],[-118.458263490975,34.330026035909],[-118.45821218124,34.3300255655272],[-118.454635260098,34.3299926258952],[-118.454563346317,34.3299919635211],[-118.453961490615,34.3299864108524],[-118.453860238386,34.3299854766286],[-118.449428934257,34.3299445359423],[-118.449428337512,34.3299445102081],[-118.449127706514,34.3299435090458],[-118.44717926799,34.3299368663953],[-118.447178738626,34.3299368413029],[-118.445218607948,34.3299300732418],[-118.444993068029,34.3299292799167],[-118.444989087318,34.3299292656872],[-118.444932384751,34.3299290682293],[-118.444476867941,34.3299274927641],[-118.442420371363,34.3299203161837],[-118.442393881125,34.3299202244865],[-118.442077218657,34.3299191246259],[-118.442076688351,34.3299191265608],[-118.441755984202,34.3299179883179],[-118.441447933016,34.3299169131145],[-118.441381685714,34.3299166874654],[-118.441002984837,34.3299153627142],[-118.440904660364,34.3299150182508],[-118.440669592104,34.3299141956551],[-118.440647398779,34.3299141113882],[-118.439236758847,34.3299091487832],[-118.438177528813,34.3299054291374],[-118.437827515664,34.3299041989667],[-118.437826682133,34.3299041947663],[-118.43682882973,34.3299006517256],[-118.435838231487,34.3298971501026],[-118.435034186415,34.3298943031841],[-118.43483719948,34.3298935813621],[-118.433403373841,34.3298884970183],[-118.431843445805,34.3298829103245],[-118.431841558218,34.329882917052],[-118.431396257655,34.3298841463274],[-118.431382345698,34.3298841751239],[-118.431361477896,34.3298842440091],[-118.431323685663,34.3298843217524],[-118.431288408851,34.3298843373396],[-118.431281287609,34.3298843356417],[-118.431272311092,34.3298842846518],[-118.431256842534,34.3298842306238],[-118.431215437788,34.3298840444194],[-118.430972076703,34.3298829350165],[-118.430720605833,34.329882944814],[-118.430210630887,34.3298829634746],[-118.430190670138,34.3298829640268],[-118.430096434723,34.3298829686094],[-118.430061104584,34.3298829687024],[-118.430059487561,34.3298829699342],[-118.430026478641,34.329882969892],[-118.4300223382,34.3298829575408],[-118.43002194047,34.3298829589524],[-118.429497868308,34.3298831138966],[-118.429497603154,34.3298831148365],[-118.427343479247,34.3298836418721],[-118.427336987242,34.3298836458369],[-118.427277895215,34.3298836811411],[-118.425914391027,34.3298852389681],[-118.425362230229,34.3298853097768],[-118.425130401929,34.3298853544092],[-118.424898539937,34.3298853978147],[-118.424666678898,34.3298854146285],[-118.424434817992,34.3298854571427],[-118.42420298955,34.3298854720535],[-118.423987689192,34.3298855386728],[-118.423424464486,34.3298855852738],[-118.423192768756,34.329885624834],[-118.422720666085,34.3298856789253],[-118.422717122239,34.3298856642431],[-118.421103744002,34.3298859821307],[-118.419995239414,34.3298838768099],[-118.419997239171,34.3291688764347],[-118.419476239088,34.3291678766221],[-118.419474239488,34.329884876581],[-118.419022792443,34.3298858752079],[-118.418872327381,34.3296483546303],[-118.418831682543,34.3295910744625],[-118.418785571485,34.3295380954738],[-118.418734444551,34.3294899389928],[-118.418728052395,34.3294842841072],[-118.418692326005,34.3294592195357],[-118.418653308508,34.3294396675023],[-118.418649761084,34.3294385032543],[-118.41864923958,34.3294378766851],[-118.418648255687,34.3294380090045],[-118.418611844232,34.3294260533165],[-118.418568831181,34.3294186713808],[-118.418525200359,34.3294176798524],[-118.418487015085,34.3294214638721],[-118.41844957568,34.329429873793],[-118.418227928027,34.3294945147481],[-118.418225921146,34.3294947849241],[-118.418707743724,34.3288884015825],[-118.418726087579,34.3288653165483],[-118.418957257847,34.3285743776703],[-118.419243201007,34.3282144444481],[-118.41935449956,34.3280743445271],[-118.419468152084,34.3279313352069],[-118.419469961001,34.3279306041088],[-118.420753239745,34.327727875895],[-118.420757790856,34.3267494474245],[-118.420758592379,34.326584599532],[-118.420759416574,34.3264197227106],[-118.420760248966,34.3262500100161],[-118.420760393509,34.326219645753],[-118.420761452791,34.3260027232918],[-118.420762125109,34.3258602979669],[-118.420763289573,34.3256054276477],[-118.420763415793,34.3255778933718],[-118.420763239732,34.3255778890248],[-118.420555129832,34.3255880366997],[-118.419063017283,34.325660699497],[-118.418553758841,34.3254722211745],[-118.415906239024,34.3244918757592],[-118.415904850089,34.3244918345488],[-118.415898587075,34.3244895165605],[-118.415246814358,34.324472230306],[-118.414362238165,34.3244458759665],[-118.414361241694,34.3246960630111],[-118.414115846544,34.3246962285795],[-118.413603237847,34.3246948765174],[-118.413603238664,34.3246965750097],[-118.413600889346,34.324696576719],[-118.413601068506,34.3247460659607],[-118.413601709853,34.3249089029232],[-118.413601900245,34.3250875156105],[-118.413601274457,34.3251090121829],[-118.412219238217,34.3259088765876],[-118.412225131456,34.3259153079323],[-118.412223520249,34.3259162501106],[-118.41228577041,34.3260199358762],[-118.412379353551,34.3261702019391],[-118.412404192866,34.3262100437414],[-118.412460683932,34.326300724522],[-118.412467173408,34.3263070771946],[-118.412575342162,34.3264129153153],[-118.412705405849,34.3265401443461],[-118.412835480884,34.3266673903285],[-118.412965551996,34.3267946415947],[-118.413095622414,34.3269218918228],[-118.413236543096,34.3270597682801],[-118.413388648017,34.3272085420534],[-118.413595134301,34.3274105794089],[-118.413597238641,34.3274128765529],[-118.413591238848,34.3298858765808],[-118.405220626344,34.3298159308188],[-118.405220612542,34.3298155504167],[-118.405135809424,34.3277059327871],[-118.405132035763,34.3276120675363],[-118.405125710993,34.327454984276],[-118.40492424604,34.3220821425143],[-118.404924236056,34.3220818765945],[-118.403917590756,34.3217245907896],[-118.402732208959,34.3213035536935],[-118.402215379397,34.320862399932],[-118.400675235303,34.3195468761833],[-118.399676865213,34.3196189819279],[-118.39627555191,34.3198644248661],[-118.396289268327,34.3187433513245],[-118.396291344122,34.3185737727892],[-118.396297474923,34.3180749057086],[-118.396536234367,34.3180758761242],[-118.396542234271,34.3174238763051],[-118.397291234428,34.3171198764648],[-118.397330235385,34.3172978758958],[-118.397512235144,34.3171238764524],[-118.397551234452,34.3178678765148],[-118.398418235226,34.3179338759065],[-118.398495922674,34.3179031259236],[-118.399949234849,34.3173278760739],[-118.400206832335,34.3173264474853],[-118.400490235743,34.3173248762442],[-118.400663234961,34.3171588758892],[-118.400629235745,34.317583876116],[-118.400772235912,34.3175818759283],[-118.400916235305,34.310031875166],[-118.401052316179,34.309794705536],[-118.401855686816,34.3099602941537],[-118.401955721483,34.3098558176441],[-118.402464730917,34.3096906555165],[-118.402493898026,34.3095313129726],[-118.402497672811,34.309510696711],[-118.40303494184,34.3094718959226],[-118.40309975805,34.3098030211279],[-118.403343396291,34.3101064562224],[-118.403825452186,34.3101197705954],[-118.403831314449,34.3101199439812],[-118.40387976884,34.3101214313486],[-118.403879866396,34.3101209360796],[-118.403890049266,34.3100764139965],[-118.404039697193,34.3094203228531],[-118.404084004793,34.3092288401143],[-118.404104526439,34.3091402245203],[-118.404113229278,34.3091026419743],[-118.404124257852,34.3090549012663],[-118.404123489258,34.3090548019568],[-118.404126235577,34.3090428753804],[-118.40357823506,34.3089748747563],[-118.403581536027,34.3089560883546],[-118.403647388372,34.3088530378536],[-118.403684505526,34.308660672274],[-118.403669264584,34.3084567467714],[-118.403758011341,34.3079516075432],[-118.405479190711,34.3079327246798],[-118.405479138681,34.3079168812458],[-118.405481235454,34.3079168751286],[-118.405611981385,34.3007447634966],[-118.405612553642,34.3007304154218],[-118.401064244978,34.3006746131853],[-118.40108716909,34.3001344698195],[-118.401178826906,34.2979831957057],[-118.401217757981,34.2970698837644],[-118.403213928309,34.2971061777427],[-118.403447700211,34.2971104586814],[-118.403450370384,34.2971104759314],[-118.403472233799,34.2971108737025],[-118.403472238001,34.2971106194551],[-118.403472666012,34.2971106225369],[-118.403486627975,34.2963690032185],[-118.403493418479,34.2960067808771],[-118.403507565224,34.2951188351415],[-118.403507520087,34.2951184863971],[-118.403511242929,34.2948865436655],[-118.403511851767,34.2948345517971],[-118.40352662013,34.2935180411705],[-118.409084234414,34.2936638728454],[-118.408972237109,34.2918129153576],[-118.409662825068,34.291832101935],[-118.410229083346,34.2918478688363],[-118.410246994774,34.2918648183712],[-118.410360235431,34.291972872542],[-118.41036017866,34.2919719306278],[-118.410360635915,34.2919723636194],[-118.410351638427,34.2918300765121],[-118.410306234729,34.2910758725337],[-118.409412234977,34.2890168728829],[-118.409412172773,34.2890168135917],[-118.409412088174,34.2890166173425],[-118.409006295953,34.2886285090195],[-118.409151234312,34.2877678724888],[-118.415682868168,34.2939342166734],[-118.418449237085,34.2965458730029],[-118.418573396456,34.2964551405589],[-118.418574386388,34.2964560729337],[-118.418847564634,34.2962561817106],[-118.418971733351,34.2961653190008],[-118.419095502436,34.2960741005365],[-118.419178935403,34.2960126316568],[-118.420036228819,34.2953861481555],[-118.420051610789,34.295375024827],[-118.420067210193,34.2953635067704],[-118.421412950035,34.2943800818328],[-118.421418353683,34.2943851540141],[-118.421662305022,34.2946151283371],[-118.421905624487,34.2948444714938],[-118.422433786023,34.2953423077582],[-118.422543172308,34.2954453839477],[-118.422652558054,34.2955485150347],[-118.422717132101,34.2956093760685],[-118.42276197775,34.2956516468067],[-118.422871364845,34.295754722699],[-118.422980751408,34.2958578543904],[-118.42309017191,34.2959609849635],[-118.423112029051,34.2959816007027],[-118.423389922778,34.2962434647905],[-118.423396477401,34.2962496796167],[-118.423483827406,34.2963321561281],[-118.423571504814,34.2964146837211],[-118.423899672248,34.2967239918449],[-118.424009028485,34.2968270677262],[-118.424118417576,34.2969301424928],[-118.424227774354,34.297033218176],[-118.424337131398,34.2971362928587],[-118.424445153206,34.2972403448818],[-118.424554401365,34.2973434765481],[-118.42466369116,34.2974466250997],[-118.424772937926,34.297549803455],[-118.424882223816,34.2976529319907],[-118.424993311937,34.2977547414654],[-118.425102670872,34.2978578154549],[-118.425210030053,34.2979623514489],[-118.425319325815,34.298065499392],[-118.425428603435,34.2981686581193],[-118.425537864838,34.298271778941],[-118.425647148422,34.2983749356484],[-118.425758863986,34.298476286944],[-118.425868224818,34.2985793611418],[-118.425974957093,34.2986843566479],[-118.426084248238,34.2987875057247],[-118.426193518963,34.2988906448585],[-118.426302690686,34.2989937022029],[-118.426368900216,34.2990557581978],[-118.426433875248,34.2991174948512],[-118.42643442214,34.299118013113],[-118.426651152408,34.2993253283944],[-118.426653393588,34.2993274742735],[-118.426869032895,34.2995326076829],[-118.426872117846,34.2995355421345],[-118.42697826886,34.2996362150357],[-118.426981756577,34.2996395222028],[-118.427087352673,34.2997395442519],[-118.427091559756,34.2997435295403],[-118.427196752786,34.2998430678886],[-118.427201304804,34.2998473747072],[-118.427305933457,34.2999463253462],[-118.427310631744,34.2999507668754],[-118.427415403479,34.3000498178879],[-118.427419502486,34.3000536935588],[-118.427524604111,34.3001530489346],[-118.427528278485,34.3001565222118],[-118.427633833307,34.3002562896997],[-118.427637179099,34.3002594494969],[-118.427743408646,34.3003598239473],[-118.427745256767,34.3003615727147],[-118.427810718874,34.3004234132958],[-118.427874518503,34.3004836757126],[-118.427876288027,34.3004853490266],[-118.427983802858,34.3005869114616],[-118.427985439204,34.3005884581277],[-118.428093076491,34.3006901219075],[-118.428094626583,34.3006915832309],[-118.428202369952,34.3007933330869],[-118.42820379453,34.3007946794558],[-118.428311637516,34.3008965253277],[-118.428312995498,34.3008978070201],[-118.428420924982,34.3009997327262],[-118.428422253494,34.301000986574],[-118.428531586965,34.301104214446],[-118.428534181788,34.3011066664638],[-118.428641004572,34.3012074842946],[-118.428643789329,34.3012101123393],[-118.428750587964,34.3013108300889],[-118.428753157652,34.3013132506371],[-118.428860456875,34.3014142973828],[-118.428862606254,34.3014163146264],[-118.428970914872,34.3015179788605],[-118.428972277187,34.3015192542194],[-118.42901543212,34.3015595840286],[-118.429016247485,34.3015603357278],[-118.42917923151,34.3017106297886],[-118.42919228411,34.3017216381953],[-118.429194880872,34.3017238260415],[-118.429264043212,34.3017821087854],[-118.429333491994,34.3018422034672],[-118.430218032304,34.3026230106828],[-118.430356507995,34.3027415181492],[-118.430493111104,34.3028614817867],[-118.43068355322,34.3030287008849],[-118.430826042502,34.3031537882965],[-118.430940453067,34.3032532554692],[-118.43102595467,34.303328774183],[-118.431029489543,34.3033318953497],[-118.431082655704,34.3033788547726],[-118.431086273539,34.3033820522731],[-118.431118897264,34.3034108665114],[-118.431231890735,34.3035113680107],[-118.431306843054,34.3035736372193],[-118.431374057629,34.3036326162796],[-118.431403518076,34.3036608079262],[-118.431453102306,34.3037080747478],[-118.431455530384,34.3037101820083],[-118.431616128502,34.3038512089928],[-118.431775429512,34.3039910864211],[-118.431934731051,34.3041309627377],[-118.432159200475,34.3043274113577],[-118.432189166598,34.3043478441782],[-118.432558250216,34.3046717006064],[-118.432559998661,34.3046732540231],[-118.432571140165,34.3046830112474],[-118.432581239527,34.3046918724577],[-118.442485240324,34.2958608715989],[-118.44248917864,34.2958581147302],[-118.442562768635,34.295923134366],[-118.442788733722,34.2957221515768],[-118.442850000508,34.2956677442041],[-118.442914982458,34.2956164452416],[-118.443152488349,34.2954254500785],[-118.443166369146,34.2954142977423],[-118.443271898609,34.2953294391931],[-118.443325276543,34.295286515399],[-118.443390456306,34.2952341218885],[-118.443456698036,34.2951808517647],[-118.443485240891,34.2951608710305],[-118.443486702664,34.295156721305],[-118.443487976835,34.2951556969991],[-118.443487281598,34.2951550783849],[-118.443517372117,34.2950696691241],[-118.443592908988,34.2950017329143],[-118.443587775375,34.2948767173302],[-118.443824889861,34.2946651049788],[-118.444714168026,34.2938738692653],[-118.444992724522,34.2941224857622],[-118.444993510481,34.2941232095145],[-118.445118268577,34.2942380903093],[-118.445223385417,34.2943338377036],[-118.445412098651,34.2944996381805],[-118.44541442196,34.2944975687187],[-118.445438888566,34.2944757705857],[-118.445506820738,34.2944153745659],[-118.445512041304,34.2944107034225],[-118.445512240985,34.2944108712757],[-118.447005115916,34.293084753279],[-118.447125127044,34.2929859686184],[-118.447136170111,34.2929761155001],[-118.447194476134,34.2929240869845],[-118.447194498843,34.2929240679684],[-118.447259278003,34.2928662294433],[-118.447273142571,34.2928538524024],[-118.447274845242,34.2928523333321],[-118.447337033195,34.2927968447293],[-118.447422713344,34.2927203617217],[-118.447968297913,34.2922333359539],[-118.448082650378,34.2921312517983],[-118.448220729124,34.2920079819133],[-118.448356709046,34.2918841354419],[-118.448593578085,34.2916737262393],[-118.448708613975,34.2915717606618],[-118.448798471924,34.2914921508813],[-118.448934953464,34.2913712039475],[-118.448991494833,34.2913210860495],[-118.449104646558,34.2912207895144],[-118.44917509775,34.2911583689348],[-118.449360634862,34.2909926963296],[-118.44938738964,34.2909687729874],[-118.449599812196,34.2907790120983],[-118.449785313658,34.2906132848746],[-118.449925840794,34.2904877401648],[-118.450014241646,34.2904088705404],[-118.450014192432,34.2904088085172],[-118.450014308094,34.2904087044104],[-118.44991397486,34.2902826471756],[-118.449877474435,34.2902367556016],[-118.449722742465,34.29004233914],[-118.449521544306,34.2897895382085],[-118.449466523835,34.2897156539526],[-118.449767476291,34.2894953057985],[-118.449778123851,34.289487586044],[-118.449788919821,34.2894797927128],[-118.449810431026,34.2894643424796],[-118.450586655101,34.2888981014315],[-118.450608702343,34.2888816014725],[-118.450630643815,34.2888650270752],[-118.451331783953,34.288352830161],[-118.451354012008,34.2883362771019],[-118.45137628033,34.2883197401163],[-118.451707553315,34.288077391925],[-118.451718759332,34.2880693678997],[-118.451727035525,34.2880630713324],[-118.451812393881,34.2880008090581],[-118.451834210296,34.2879848957353],[-118.451954306995,34.2878972949108],[-118.451991671198,34.2878700353633],[-118.452432327064,34.2875485607887],[-118.45249579411,34.2875023668042],[-118.452512962914,34.2874899200124],[-118.452517306775,34.2874867709325],[-118.452538781427,34.287471177002],[-118.452598559429,34.2874275264672],[-118.452598683841,34.2874274349468],[-118.452972240704,34.2871551320636],[-118.453045809111,34.287101465011],[-118.453157466138,34.2870202864674],[-118.453370751837,34.2868648642885],[-118.453559238052,34.2867272859208],[-118.453723091164,34.2866077428856],[-118.453886944745,34.2864881725786],[-118.454051225227,34.2863682975301],[-118.454215077868,34.2862487267785],[-118.454380677243,34.2861278852912],[-118.454543936209,34.286009167371],[-118.454718734303,34.2858815590963],[-118.454897455472,34.2857510491017],[-118.455056524089,34.2856349850298],[-118.455214602064,34.2855195834961],[-118.455371494925,34.2854052310946],[-118.455530858164,34.2852888623687],[-118.455693320211,34.2851702017776],[-118.455871646076,34.2850406546632],[-118.456034565364,34.2849209749523],[-118.455902587467,34.2847961119451],[-118.455762486392,34.2846628175199],[-118.455682744311,34.2845892689204],[-118.454761221078,34.2837185158287],[-118.454672856346,34.2836348719596],[-118.454592361524,34.2835589607365],[-118.45444138945,34.2834164999865],[-118.45427437977,34.2832589569602],[-118.454079617246,34.2830750287487],[-118.454032317028,34.2830302562582],[-118.454013761626,34.2830126186954],[-118.454011131933,34.2830099807339],[-118.453947028012,34.2829463199529],[-118.453731274628,34.2827310061517],[-118.453649527425,34.2826495626468],[-118.453566112744,34.2825720271947],[-118.452641714758,34.2817129212635],[-118.452621152506,34.2816938178754],[-118.45242974038,34.2815159202302],[-118.452364444288,34.2814550939056],[-118.455202241373,34.2794008690836],[-118.455443241608,34.2795878689262],[-118.455287241511,34.2793548685206],[-118.455452241543,34.2792708691531],[-118.45754424218,34.2827048689624],[-118.458710242518,34.2841108693189],[-118.460043242386,34.2851808696056],[-118.463879243302,34.2875158692592],[-118.464613213779,34.2880840420668],[-118.46490366393,34.2883088820728],[-118.465030244244,34.2884068694438],[-118.469975769893,34.2932937715028],[-118.469983151789,34.2933010660637],[-118.477853246829,34.3010778695208],[-118.485756249064,34.3096468705673],[-118.489543250334,34.3146878702667],[-118.48981925058,34.3149238704474],[-118.49116325055,34.3152668703364],[-118.492211250534,34.3158878708587],[-118.495118251522,34.3192748706968],[-118.495824251692,34.3196718713339],[-118.498897251632,34.3207898707975],[-118.503159252733,34.3237498713265],[-118.503494253605,34.3244698705238],[-118.50334025379,34.3255498714162],[-118.503465252797,34.3263728712208],[-118.50561325409,34.3314458718382],[-118.506576254686,34.3332218721062],[-118.507778254209,34.3343268721572],[-118.506058708784,34.335623920988],[-118.504951920805,34.3364587682918],[-118.504647851522,34.3366878478688],[-118.504400517519,34.3368741838121],[-118.504269676265,34.3369727744603],[-118.504212918711,34.3370155471036],[-118.504212754349,34.3370156848216],[-118.504197737354,34.3370272780033],[-118.504177112528,34.337043203877],[-118.504019495947,34.3371620938389],[-118.504011028074,34.3371684804092],[-118.503944681363,34.3372182752369],[-118.503884481956,34.3372634547256],[-118.503847301328,34.3372919285017],[-118.503842846441,34.3372953395199],[-118.503822253882,34.3373108721271],[-118.492730252057,34.3306278726509],[-118.484415250871,34.3302838727203],[-118.483586645064,34.3302770574765],[-118.480119890678,34.3302364643637],[-118.480120703391,34.3302337952921],[-118.480109805058,34.3302336734954],[-118.476831861694,34.3301940780523],[-118.476610385202,34.3301914595973]]]},"properties":{"name":"Sylmar"}},{"type":"Feature","geometry":{"type":"Polygon","coordinates":[[[-118.527286244338,34.1708278531452],[-118.527241243316,34.1586538512616],[-118.528870243713,34.1544818507423],[-118.527967242874,34.1543068508897],[-118.52577724233,34.1545348513845],[-118.525409243153,34.1542108508402],[-118.525141242005,34.1533458508445],[-118.525594242848,34.1525678507719],[-118.525790242097,34.1510348512052],[-118.526484242496,34.15046185061],[-118.526531242277,34.1487468505345],[-118.527012242682,34.1481188506883],[-118.527534242729,34.1479548499818],[-118.527804242481,34.1485398500964],[-118.528264242876,34.1489408504547],[-118.527890242552,34.1496188502163],[-118.528062243171,34.1499638506382],[-118.528349242628,34.1501338502252],[-118.530333242885,34.1502668502362],[-118.530824243578,34.1500438508466],[-118.531030968972,34.1496147101813],[-118.5310482429,34.1495788502697],[-118.530983242856,34.1491268506467],[-118.530584242687,34.148770850329],[-118.530848243327,34.148366850558],[-118.530909242934,34.1477648497542],[-118.530879242512,34.1462528499024],[-118.530566243216,34.1451758498714],[-118.529888242157,34.1450808501259],[-118.528023242284,34.1442438499704],[-118.526399241568,34.1442798500245],[-118.525816241348,34.1441018496393],[-118.525990241611,34.143651849574],[-118.526003241476,34.1420908497174],[-118.527080242327,34.1405508499484],[-118.527381241639,34.1396528495012],[-118.527310241211,34.139242849208],[-118.526766241924,34.1382778496438],[-118.527248241134,34.1365638490512],[-118.526723241822,34.1357438490681],[-118.526076241495,34.1355068490641],[-118.526492241102,34.1348608489304],[-118.52656924077,34.1338098488657],[-118.526288241404,34.1331188485942],[-118.526354241424,34.1324998489601],[-118.526360598986,34.1324914279173],[-118.526730240972,34.1320018489457],[-118.527552240893,34.1318528490276],[-118.52753824096,34.1314068486154],[-118.527759241267,34.1309988483493],[-118.52759424109,34.1305018487752],[-118.527941240976,34.1303048486522],[-118.528259241007,34.1296808487541],[-118.528429241434,34.1296498481054],[-118.528874240962,34.1300068482331],[-118.528875241519,34.1305078480813],[-118.529254241375,34.1307328486804],[-118.529736241005,34.1293718477958],[-118.531591241938,34.1288938478265],[-118.532390242191,34.128891847592],[-118.53414924241,34.1282228480006],[-118.534773241597,34.1283298480315],[-118.536228242479,34.1291438480785],[-118.536820242292,34.1292188476575],[-118.538418242377,34.1280408477911],[-118.539825242834,34.1283868472685],[-118.544422243799,34.1265528473017],[-118.545241243338,34.1265898466834],[-118.546219244183,34.1260838465958],[-118.548098243993,34.1258258465276],[-118.549495244173,34.126438846551],[-118.550073244861,34.1262838467018],[-118.551598244987,34.1263188464692],[-118.552423245239,34.1259728464503],[-118.553572245125,34.1260418469229],[-118.554662562115,34.1266642469251],[-118.55479324525,34.126738846702],[-118.554780235197,34.126921462676],[-118.554770313364,34.1270607498147],[-118.554766245382,34.12711784611],[-118.554269245768,34.1274338462454],[-118.554145245517,34.1277808464346],[-118.553634244978,34.1282518464918],[-118.553765260672,34.1285830927729],[-118.55379324504,34.1286538466183],[-118.553849641207,34.1286381393657],[-118.553971241816,34.1286042709797],[-118.554091245138,34.1285708470418],[-118.55462624576,34.1280158462924],[-118.555859245751,34.1281838465979],[-118.556164245553,34.1270748467373],[-118.556691245338,34.1265208463418],[-118.557134013614,34.1265628186991],[-118.557229245987,34.1265718459025],[-118.557275802915,34.1266078065968],[-118.557693102946,34.1269301238613],[-118.5577652453,34.1269858462545],[-118.557784894546,34.1270451835365],[-118.558017245743,34.1277468463603],[-118.558981246223,34.1283678461495],[-118.559296765519,34.1287203308779],[-118.559444007019,34.1288848213147],[-118.559459246433,34.128901846755],[-118.559849246826,34.1293868467236],[-118.560007246432,34.1299978465827],[-118.560053367467,34.1300050156371],[-118.560541246174,34.1300808467497],[-118.560949247047,34.1303488464866],[-118.561059859712,34.1303605273887],[-118.561388246838,34.1303952050646],[-118.562534709466,34.1305162723425],[-118.562663247301,34.1305298463438],[-118.562826336026,34.1305826559066],[-118.563878181545,34.1309232541553],[-118.563923246612,34.1309378463711],[-118.563944905343,34.1309702910652],[-118.564206952748,34.1313628599529],[-118.564410264704,34.131667437781],[-118.564965247947,34.1324988464794],[-118.565370247876,34.1334028470356],[-118.565372379873,34.1334494072323],[-118.565420247963,34.1344948466291],[-118.565890247868,34.1362858468072],[-118.566152248493,34.1367448466677],[-118.56622624783,34.1377228469779],[-118.566569248307,34.1378388472284],[-118.567699248335,34.1375678471163],[-118.56828924875,34.1383248469851],[-118.568907248767,34.1384748465981],[-118.568742249062,34.1410638473377],[-118.567530249003,34.1439098475833],[-118.567182248692,34.1479968479569],[-118.565403249601,34.1557708495152],[-118.56492224928,34.1567218491136],[-118.5635552488,34.1575048494065],[-118.563263249675,34.1578388493017],[-118.563214249498,34.1584758492913],[-118.563542249582,34.1589788497202],[-118.562992249541,34.1599278497019],[-118.562868249176,34.1610558499448],[-118.56226224956,34.1618098497749],[-118.56220224991,34.1629918499236],[-118.563047249403,34.1634588500216],[-118.564068250069,34.1637468502171],[-118.565861249983,34.1637188500272],[-118.565876251193,34.1705768509941],[-118.562837250565,34.1708848511471],[-118.562315249711,34.1708118508593],[-118.56223125048,34.1710638508097],[-118.562232251505,34.1865678525914],[-118.555759831331,34.1865756366477],[-118.52730824589,34.1866098541568],[-118.527308242038,34.1866078689757],[-118.527286244338,34.1708278531452]]]},"properties":{"name":"Tarzana"}},{"type":"Feature","geometry":{"type":"Polygon","coordinates":[[[-118.357166215433,34.1631018617896],[-118.357163214763,34.1612918619352],[-118.353122441811,34.1612938579252],[-118.353016752919,34.1610470509965],[-118.352973561458,34.1609629384614],[-118.347741079417,34.1487390943343],[-118.346645992577,34.1461775533469],[-118.346643859629,34.1461725649555],[-118.346441980652,34.1457006650637],[-118.346400564138,34.1456038659627],[-118.346333684374,34.1454475654246],[-118.346331273447,34.145441949454],[-118.346296138965,34.145360154609],[-118.345942903685,34.1445377601446],[-118.345876209868,34.1443824847771],[-118.345224020699,34.1428588769421],[-118.345221821158,34.1428537381603],[-118.345178300221,34.1427518302529],[-118.345703212126,34.1425768605136],[-118.34567721124,34.1423718598837],[-118.347410549612,34.1421973132549],[-118.3475342119,34.1421848601153],[-118.347769381442,34.1422213856975],[-118.349987818,34.1425659486931],[-118.354172213334,34.1432158600947],[-118.357656607832,34.1433412497171],[-118.357979213848,34.1433528595821],[-118.35926402992,34.143095118065],[-118.359298897734,34.1430962594628],[-118.359385702362,34.143099100926],[-118.359386299722,34.1430705889784],[-118.360978153734,34.1427512535261],[-118.361131480013,34.1427536976508],[-118.36116802918,34.1427542799435],[-118.36116426496,34.1427473448544],[-118.361147903075,34.1427172012946],[-118.361279214398,34.1426908591402],[-118.366084472947,34.1507142784302],[-118.367474555912,34.1530353210589],[-118.370241216601,34.1576548604929],[-118.361525216046,34.1576648611525],[-118.361546215921,34.1649118617336],[-118.357170215056,34.1649128621508],[-118.357166215433,34.1631018617896]]]},"properties":{"name":"Toluca Lake"}},{"type":"Feature","geometry":{"type":"Polygon","coordinates":[[[-118.266819417752,34.2306819854996],[-118.268824214387,34.2316968838734],[-118.279807972552,34.2341535178882],[-118.280176215448,34.2342358752562],[-118.280669289286,34.2342602580267],[-118.281578347331,34.2343052253758],[-118.282036211658,34.2343278811947],[-118.286000200321,34.2341668655385],[-118.291120218215,34.2345428822306],[-118.292049203222,34.23388286964],[-118.29647221955,34.2328018794779],[-118.297367215354,34.2328048789102],[-118.298452218097,34.2324908815047],[-118.300814199938,34.2331568696594],[-118.303469213819,34.2336058747621],[-118.305418205709,34.2347478699655],[-118.306069207478,34.2349308702797],[-118.306782203509,34.234869878213],[-118.307708215926,34.2345438781772],[-118.310331211621,34.2343748624233],[-118.311123211846,34.2340768732858],[-118.31287621993,34.2344348816144],[-118.313799220353,34.2343878817667],[-118.316688214403,34.2361448635477],[-118.318415223446,34.2363778740188],[-118.320335211734,34.2371998779218],[-118.321717220494,34.2375188740252],[-118.322462225503,34.2375508750048],[-118.32433721347,34.2372518626721],[-118.326678228875,34.236263862975],[-118.328723225635,34.2364958677121],[-118.325501225724,34.2372248654871],[-118.324288224127,34.2378158685975],[-118.323108225298,34.2379688701346],[-118.320725220399,34.2377058727582],[-118.319382220004,34.2386508753105],[-118.3183892055,34.2390308749592],[-118.317833208009,34.2394428659759],[-118.317317213216,34.2395198725788],[-118.316311206823,34.2401738618617],[-118.315199214382,34.2403658731055],[-118.314471216916,34.2408608832146],[-118.313280202623,34.2412288822679],[-118.311903215657,34.2412238728583],[-118.311172210481,34.2413838650895],[-118.316009897848,34.2425483059079],[-118.316253215333,34.2426068787239],[-118.316539276293,34.2427369560162],[-118.317215680565,34.2430445368803],[-118.317788223714,34.2433048783607],[-118.318428961665,34.2437204220439],[-118.318705290815,34.2438996382747],[-118.318892214694,34.2440208686515],[-118.320188224011,34.2451828723993],[-118.320242161043,34.2452533159987],[-118.320436683509,34.2455074313565],[-118.321135227861,34.2464198743394],[-118.321412656262,34.2469814453857],[-118.321647279904,34.2474563350352],[-118.321799207078,34.2477638660731],[-118.322394205023,34.2496358679761],[-118.32236841209,34.2496311922744],[-118.316723215271,34.2486068791229],[-118.312396228211,34.2488718734426],[-118.307086222039,34.2481288698786],[-118.306497203317,34.24832387386],[-118.30662720323,34.2505098723444],[-118.306230222268,34.2511898835567],[-118.305949222801,34.2512098722157],[-118.305851217282,34.2513658690499],[-118.306178216426,34.2519608822634],[-118.306128219771,34.2521168652192],[-118.304487223812,34.2524028767274],[-118.302644211056,34.2523928789066],[-118.302771224813,34.272447875458],[-118.302210213075,34.2728218726467],[-118.303207220753,34.2733388801001],[-118.303314218324,34.2738198779173],[-118.303050209481,34.2740178712593],[-118.302176202117,34.2741628810519],[-118.300971226272,34.2750368748908],[-118.299798223359,34.2752078779308],[-118.299535205168,34.2754908737109],[-118.299411225528,34.276231884743],[-118.298827221144,34.2763348702173],[-118.298637215307,34.2766868746175],[-118.298098223751,34.2768458839033],[-118.298264215985,34.2775018753524],[-118.297239225341,34.2783618850456],[-118.295888203399,34.280833886072],[-118.293843224232,34.2820198748342],[-118.292279204006,34.283388884352],[-118.2916722168,34.2856198880107],[-118.291475235593,34.2860924610347],[-118.290129215827,34.2893218764512],[-118.287862215682,34.2912228725428],[-118.286347818715,34.2920639863199],[-118.286351515499,34.2919654403305],[-118.286454274378,34.2892294897659],[-118.286458350394,34.2891209388686],[-118.286459132497,34.289100134709],[-118.286508443714,34.2877859303435],[-118.286509325267,34.2877639666858],[-118.286525031345,34.2873441049839],[-118.286525885844,34.2873217979048],[-118.286526975907,34.287292770843],[-118.286545930811,34.2867872019373],[-118.286546785152,34.2867648519224],[-118.286558420049,34.2864549794457],[-118.286559248446,34.2864326080242],[-118.286587352405,34.2856842594164],[-118.286591783874,34.2855663476969],[-118.286592612548,34.2855440621453],[-118.286647632638,34.2840785174713],[-118.286720467011,34.2821379121947],[-118.286725047692,34.2819882706757],[-118.28683175431,34.278496964627],[-118.286701875111,34.2784959412035],[-118.28670620768,34.2783418778905],[-118.27962021132,34.2781948634294],[-118.273692203515,34.2780718719957],[-118.273549206503,34.2816658847992],[-118.244894550103,34.2816065109279],[-118.242557546079,34.2815761362049],[-118.242541614326,34.28157593197],[-118.238801738937,34.2815272050858],[-118.238915208327,34.2670888821429],[-118.244996108043,34.2671251184249],[-118.245175152336,34.2671267954332],[-118.247597836154,34.2671493655065],[-118.247836406894,34.2671516038021],[-118.253740324377,34.2672064185882],[-118.256691846474,34.2672337296855],[-118.256694561595,34.2672337453969],[-118.256694054013,34.2671948253439],[-118.256702199373,34.2671948724777],[-118.256512195544,34.2522708774699],[-118.260762841379,34.2523261776071],[-118.260848295892,34.2523292566039],[-118.26088875752,34.2523296846363],[-118.261610111753,34.2523371872609],[-118.265276198878,34.2523848748909],[-118.265276223503,34.2523844884162],[-118.265276714779,34.2523845088074],[-118.265288108453,34.2516825721976],[-118.265288731344,34.2516426621664],[-118.265305015294,34.2506411314839],[-118.265306766342,34.2504762763007],[-118.26530784331,34.2503758904407],[-118.265308525913,34.2503141045751],[-118.265309212626,34.2502698793725],[-118.266684195886,34.2507838673407],[-118.26668419568,34.2507838029378],[-118.266684635654,34.2507839522431],[-118.26668706606,34.2503875436847],[-118.266687919709,34.2502501477875],[-118.266687952963,34.2502443728719],[-118.266690283028,34.2498651173162],[-118.266690427903,34.2498376381935],[-118.266691281677,34.2497002852308],[-118.266691908909,34.2495972168679],[-118.266692963091,34.2494254934908],[-118.266693987651,34.2492606828153],[-118.266694671649,34.2491511095787],[-118.26669529798,34.2490477621355],[-118.266696326434,34.2488760817496],[-118.266696864456,34.2487936441529],[-118.266697181149,34.2487390293326],[-118.266698034695,34.248601611965],[-118.266698887072,34.2484638296469],[-118.266699223715,34.2484073685503],[-118.266703206861,34.2477768714967],[-118.26609042925,34.2477730892867],[-118.266087193543,34.2474554800706],[-118.266057642309,34.2461974666315],[-118.266040118763,34.2454523787289],[-118.266018678206,34.2445407091747],[-118.266011197864,34.2438968843404],[-118.266020362098,34.2426031062468],[-118.266036197102,34.2403608653248],[-118.266745207777,34.2408008763691],[-118.266746499723,34.240622733574],[-118.266749775866,34.2404264675677],[-118.266750242431,34.2403621489586],[-118.266750866868,34.2402744300807],[-118.266751326366,34.2402079003019],[-118.26675194641,34.2401188074932],[-118.266759434696,34.2390484914794],[-118.266759914267,34.238980158359],[-118.266761402876,34.2387665073568],[-118.266763092741,34.2385268583835],[-118.266764733848,34.2382881326332],[-118.266766391272,34.238054516187],[-118.266768507267,34.2377540908805],[-118.266770313477,34.2374942404318],[-118.266772416079,34.2371977222961],[-118.266772581952,34.2371687403763],[-118.26677268765,34.2371532833144],[-118.26677291474,34.2371191919189],[-118.266773167542,34.2370850575311],[-118.266773293668,34.2370679044666],[-118.266774749241,34.2368601142479],[-118.266775956878,34.2366879826211],[-118.266778741865,34.2362895552467],[-118.266778413533,34.2362596083642],[-118.266787841626,34.2349714970207],[-118.266788784646,34.2348783460782],[-118.266790087025,34.2346954373948],[-118.266790786435,34.2345988521382],[-118.266791888601,34.234482708811],[-118.266793321955,34.2342841712665],[-118.266794307451,34.2341476981722],[-118.266796308654,34.2338680324893],[-118.266797587623,34.2336858966976],[-118.266798246023,34.2335926605102],[-118.266798889895,34.2335029665449],[-118.266799251656,34.2334544055418],[-118.266802239256,34.2330385673094],[-118.266805105551,34.2326575716128],[-118.26680788241,34.2322728621796],[-118.266809692444,34.2320223716799],[-118.266818523218,34.2308064578862],[-118.266819417752,34.2306819854996]],[[-118.269813211856,34.2323748694191],[-118.270592216587,34.2327418829334],[-118.270697217185,34.2329998845387],[-118.271214218088,34.2332478825807],[-118.271948199717,34.2330718738669],[-118.272321203974,34.2327318650146],[-118.270864197286,34.2325558784152],[-118.269813211856,34.2323748694191]]]},"properties":{"name":"Tujunga"}},{"type":"Feature","geometry":{"type":"Polygon","coordinates":[[[-118.279860105462,34.0184839255953],[-118.28294319146,34.0183558497508],[-118.291547192058,34.0183748496259],[-118.291552596393,34.0255018543774],[-118.291561193707,34.0368418515945],[-118.29119111204,34.0368450417879],[-118.284020192359,34.0369068523809],[-118.284021192649,34.0370388520875],[-118.279625191673,34.0378218521944],[-118.277564191616,34.0368868526501],[-118.274295191344,34.0354028528462],[-118.274516191299,34.0329698525643],[-118.274323190645,34.0308108515775],[-118.274324970837,34.0296110665867],[-118.274326785691,34.0283878472359],[-118.274327190206,34.028114851438],[-118.274485167475,34.0276574222847],[-118.27476166432,34.0268568093652],[-118.274844190298,34.0266178514221],[-118.275286813197,34.0259053792913],[-118.276107190048,34.0245848512732],[-118.2776941902,34.0215438504514],[-118.279621190199,34.0184938506467],[-118.279860105462,34.0184839255953]]]},"properties":{"name":"University Park"}},{"type":"Feature","geometry":{"type":"Polygon","coordinates":[[[-118.413803228395,34.2045778632059],[-118.409435227194,34.2037148633971],[-118.409435227144,34.2039328634604],[-118.404609227009,34.2029858631726],[-118.404606615263,34.2029804870205],[-118.40381122611,34.2013428636648],[-118.403376226569,34.1999078627837],[-118.401519224714,34.1866798621534],[-118.401244224141,34.1866798614603],[-118.400680224799,34.1854358616596],[-118.399747223698,34.1842508616716],[-118.39645522378,34.1813968616711],[-118.396455223276,34.1810408615749],[-118.395393223133,34.1795638617999],[-118.393806223076,34.1763488610318],[-118.392821222315,34.1749878614285],[-118.392692495233,34.1748691034339],[-118.391349221826,34.1736298606624],[-118.389123221286,34.1721528605555],[-118.439985229974,34.17212685817],[-118.439998231216,34.1939358607814],[-118.431265230191,34.1939388607646],[-118.431270230704,34.2012028613313],[-118.426745229738,34.2011958618352],[-118.427111229775,34.2028758618474],[-118.427201230435,34.2043268621512],[-118.427114230754,34.2058268621811],[-118.426774230316,34.2071378628186],[-118.413803228395,34.2045778632059]]]},"properties":{"name":"Valley Glen"}},{"type":"Feature","geometry":{"type":"Polygon","coordinates":[[[-118.379281218766,34.1568678597353],[-118.377686217734,34.1544508595803],[-118.378285470609,34.1545306897739],[-118.378290362174,34.154531341607],[-118.378749829885,34.1545925500839],[-118.378827218281,34.1546028592262],[-118.385771847697,34.154581090616],[-118.397330221589,34.154544858389],[-118.397421394667,34.15456207832],[-118.398220256711,34.154712960064],[-118.399199221373,34.154897858377],[-118.399363629249,34.1549731356556],[-118.401148121901,34.1557902023007],[-118.402060677188,34.1562080351565],[-118.402261222581,34.1562998586744],[-118.402751663878,34.1564226878105],[-118.403682556401,34.1566558260101],[-118.403942222492,34.1567208585003],[-118.40523322301,34.1567958586564],[-118.405233222954,34.1566028583658],[-118.413788210679,34.1566388578663],[-118.413795225048,34.1693798590046],[-118.414033225826,34.1713528595156],[-118.413796225266,34.1721368594695],[-118.388754221059,34.172152860872],[-118.385947366275,34.170178395335],[-118.385473220876,34.1698448612324],[-118.384816067679,34.1690609471693],[-118.384252906539,34.1683891571462],[-118.384094220014,34.168199860658],[-118.383971851833,34.1679252768358],[-118.379162218438,34.1571328601532],[-118.379281218766,34.1568678597353]]]},"properties":{"name":"Valley Village"}},{"type":"Feature","geometry":{"type":"Polygon","coordinates":[[[-118.46751423841,34.2201628620571],[-118.46630223828,34.2179508616441],[-118.466302237585,34.2151318608795],[-118.458319236536,34.2135608614003],[-118.458278236816,34.2131448612574],[-118.458051236451,34.2132688613],[-118.458090235831,34.2135158618667],[-118.428721231318,34.2077508629142],[-118.428721230891,34.2075218620983],[-118.426774230316,34.2071378628186],[-118.427114230754,34.2058268621811],[-118.427201230435,34.2043268621512],[-118.427111229775,34.2028758618474],[-118.426745229738,34.2011958618352],[-118.431270230704,34.2012028613313],[-118.431265230191,34.1939388607646],[-118.439998231216,34.1939358607814],[-118.439985229974,34.17212685817],[-118.466414162427,34.1721115152924],[-118.467549234701,34.1721108565383],[-118.467549237496,34.1721109683185],[-118.467625234389,34.1746288569706],[-118.467849234955,34.1759318569193],[-118.468464234865,34.1775678573769],[-118.469551234956,34.1792598570948],[-118.469096235749,34.1793818575544],[-118.466186234338,34.179383857644],[-118.466187235267,34.1804068577606],[-118.469912235356,34.181141856978],[-118.473813236802,34.1856028575318],[-118.474036237157,34.1866498580707],[-118.474268237122,34.1866498573709],[-118.473944236662,34.1852818573897],[-118.47416023673,34.1856338576332],[-118.475093236856,34.185825857908],[-118.483657238515,34.1862138574728],[-118.483657238502,34.1866438574342],[-118.49020623981,34.1866398566639],[-118.490213239718,34.1939028571175],[-118.492396240484,34.1939008569662],[-118.492404241499,34.2010498579358],[-118.494587241544,34.2010478577755],[-118.494595241564,34.2084318589851],[-118.501144243162,34.2084258584938],[-118.501156243819,34.2167838593607],[-118.501355243614,34.2178008596509],[-118.501155243689,34.2181028590847],[-118.501159170037,34.2211384680753],[-118.501159244266,34.2211958599296],[-118.498905718421,34.2207389019705],[-118.498905283774,34.2207388136084],[-118.497244007277,34.220401949696],[-118.495897243237,34.2201288604092],[-118.49578142222,34.2201469322039],[-118.495248461462,34.2202300938775],[-118.495019243297,34.2202658601698],[-118.494968269599,34.2202931735402],[-118.493554243425,34.2210508603303],[-118.493503631533,34.2210633457518],[-118.493137717373,34.2211536150382],[-118.49264624312,34.2212748602643],[-118.492468744745,34.2212759082347],[-118.467738238809,34.2214218614165],[-118.46751423841,34.2201628620571]]]},"properties":{"name":"Van Nuys"}},{"type":"Feature","geometry":{"type":"MultiPolygon","coordinates":[[[[-118.456185290317,33.9624723998019],[-118.457370817976,33.9619051125152],[-118.457386542531,33.9619141592665],[-118.457395685571,33.9619194283103],[-118.457047016621,33.9620781257103],[-118.456670816269,33.9622493232878],[-118.456371716953,33.9624008234618],[-118.456185290317,33.9624723998019]]],[[[-118.452306158902,33.9643286021925],[-118.454468944864,33.9632936877857],[-118.454256915937,33.963414223305],[-118.453990116173,33.9635780235383],[-118.453712016658,33.9637003240031],[-118.453286411346,33.9639258490973],[-118.452306158902,33.9643286021925]]],[[[-118.456002218745,34.0098838389892],[-118.444353264651,33.9946369021191],[-118.444353215606,33.9946368382908],[-118.444725215806,33.9943798382312],[-118.44848421633,33.9933638375714],[-118.447190216609,33.9907638380626],[-118.447842216672,33.9904408376622],[-118.444313215795,33.9867358370341],[-118.441616214709,33.9833848369543],[-118.448314215664,33.9846658367019],[-118.455063217131,33.9864208366285],[-118.463492218545,33.9810538355935],[-118.461988295447,33.9793720407054],[-118.461986713128,33.9793676905566],[-118.461914705521,33.9789187756417],[-118.461910727719,33.9786696612555],[-118.46191039644,33.978655314627],[-118.461905022265,33.9785779836751],[-118.461893873888,33.9785012716431],[-118.461877015388,33.9784256101185],[-118.461854540016,33.9783514224623],[-118.461826574529,33.9782791246945],[-118.461812588123,33.9782821424689],[-118.461812217211,33.9782798359643],[-118.461461200338,33.9783557817281],[-118.461149621626,33.9779936543426],[-118.460683200731,33.9774513682733],[-118.457654277205,33.9737744650167],[-118.457602716436,33.9737057321231],[-118.457585881966,33.9736832892149],[-118.45756619926,33.9736570508366],[-118.457561314775,33.9736505296448],[-118.457560385164,33.9736493242154],[-118.456843946951,33.9726943764886],[-118.455754412671,33.9712255530618],[-118.455749827673,33.9712193326808],[-118.455704425781,33.9711581377867],[-118.455656165847,33.9710930924079],[-118.455655634858,33.9710923524524],[-118.455655036631,33.9710915848033],[-118.455654437963,33.971090736018],[-118.455653774215,33.9710898586294],[-118.45565307663,33.9710889272767],[-118.45565234535,33.9710879681037],[-118.455651674693,33.971087014111],[-118.455651613624,33.971086926893],[-118.455091519539,33.9703318720459],[-118.454732460819,33.9698477779594],[-118.454704053859,33.9698094968911],[-118.454703993902,33.9698094150776],[-118.454686705145,33.9697861179354],[-118.454964052019,33.9696658194789],[-118.454919198294,33.9695991057596],[-118.454794082323,33.969413051399],[-118.454752753352,33.9693515721506],[-118.454688250777,33.9692556677799],[-118.454632625507,33.9691729463823],[-118.454543119125,33.9690398740376],[-118.454518880757,33.9690038310532],[-118.454471501228,33.9689333339441],[-118.454373783373,33.9687880099393],[-118.454310179459,33.9686934479763],[-118.45416418551,33.9684763110543],[-118.454149058107,33.9684538351118],[-118.454127945194,33.9684224240772],[-118.454110124448,33.9683959194052],[-118.453994819571,33.9682244456553],[-118.453987970288,33.9682142498611],[-118.453930317651,33.9681285408914],[-118.453826849698,33.9679746365787],[-118.453785656423,33.9679133764742],[-118.453761418707,33.9678773333406],[-118.453665398427,33.967734530293],[-118.453615726745,33.9676606886822],[-118.453583478308,33.9676127258296],[-118.453551226624,33.9675647557686],[-118.453504280765,33.9674949165841],[-118.453430539708,33.9673852429391],[-118.453406200823,33.9673490432504],[-118.453382163223,33.9673133292519],[-118.453334285446,33.967241981637],[-118.453301570948,33.9671934119291],[-118.453237071698,33.9670975067977],[-118.453172571508,33.9670016007351],[-118.453104481524,33.966900322371],[-118.453082141197,33.9668670883649],[-118.453347533367,33.9667368234033],[-118.453347715709,33.9667367280573],[-118.453464416422,33.9666748239155],[-118.453578249747,33.96662052765],[-118.455089215551,33.9660498346234],[-118.455117215159,33.9659058345983],[-118.45682421572,33.9651838341574],[-118.459605196461,33.9641896295093],[-118.459569836087,33.9643831698616],[-118.459562302424,33.9644244021758],[-118.459561285995,33.964539081809],[-118.459560939719,33.9645781167557],[-118.458723216113,33.9650168343022],[-118.460609217169,33.9691258345568],[-118.466650033771,33.9767750268277],[-118.466712519505,33.9768558239392],[-118.466737193558,33.976885392535],[-118.472331220103,33.9839688354366],[-118.474045220332,33.9854598356516],[-118.476052220199,33.9859468358811],[-118.476664220474,33.9875458355571],[-118.482641221934,33.9948088359939],[-118.482804628556,33.9947179125803],[-118.483485222583,33.9954208362431],[-118.481694222914,33.9966038368295],[-118.481423222421,33.9963148367504],[-118.48012248023,33.9972229184065],[-118.479995378219,33.9973066798409],[-118.479998367026,33.9973095645849],[-118.479937569539,33.997352009933],[-118.479851033404,33.9973976318271],[-118.479597139239,33.9975318031797],[-118.479580958912,33.9975407710375],[-118.47948471382,33.9975912193013],[-118.479440868828,33.9976144484435],[-118.479393899137,33.997639228902],[-118.479379883471,33.9976460992778],[-118.479267634243,33.9977053377958],[-118.479154898692,33.9977645474876],[-118.478874621274,33.9979124244195],[-118.478593717891,33.9980606051944],[-118.478518890389,33.9981002701356],[-118.478441019975,33.9981416068192],[-118.478083025094,33.9983300534309],[-118.47781185349,33.9984728080576],[-118.477730097962,33.9985159158524],[-118.477711990167,33.9985253860312],[-118.477627774558,33.9985700730663],[-118.477543877833,33.9986148904047],[-118.477201198222,33.9987959019375],[-118.477109130029,33.9988445467446],[-118.476674511421,33.9990741180609],[-118.476604430869,33.9991111513149],[-118.476534387657,33.999148480084],[-118.476140487175,33.9993564285504],[-118.476098448796,33.9993784674338],[-118.475952565941,33.9994555714284],[-118.475634098641,33.9996239769146],[-118.475205622308,33.9998502993326],[-118.474776914016,34.0000769727345],[-118.474342679707,34.0003065070631],[-118.474321641619,34.0003176173216],[-118.473978642355,34.0004989193332],[-118.473908261191,34.0005362352781],[-118.473837943474,34.0005736798522],[-118.4734231165,34.0007940120314],[-118.473284466926,34.0008676495668],[-118.472860558695,34.0010927962561],[-118.472846254302,34.0011002971744],[-118.472789915017,34.0011284636678],[-118.472721281408,34.0011664356015],[-118.471667043846,34.001721125765],[-118.471567402419,34.0017735327865],[-118.47133386375,34.0018964218103],[-118.471305452219,34.001911372927],[-118.471294431969,34.0019171866856],[-118.471175778194,34.0019798621794],[-118.471144332067,34.0019964722092],[-118.471120119073,34.0020092621407],[-118.471063702361,34.0020390770347],[-118.471018945784,34.0020627204678],[-118.470914718016,34.0021177809352],[-118.470907499951,34.002121591037],[-118.470827346798,34.0021639017473],[-118.470796023601,34.0021804526066],[-118.470743101262,34.0022084163911],[-118.47068459365,34.0022393156949],[-118.47065980849,34.0022524043702],[-118.470573141924,34.0022981841742],[-118.470433827893,34.0023717759362],[-118.47036486421,34.0024082052853],[-118.470365542964,34.0024085993153],[-118.470226165022,34.0024822478824],[-118.470061166416,34.0025698616812],[-118.470060777687,34.0025696468269],[-118.469857184511,34.0026773318691],[-118.469828032652,34.0026927768553],[-118.469827874008,34.0026928622171],[-118.469798662456,34.002708281284],[-118.469681618211,34.0027701791273],[-118.469540790052,34.002844672774],[-118.469399961643,34.0029191662567],[-118.469220742257,34.0030139779709],[-118.469054780178,34.0031017591153],[-118.468929215056,34.0031681681659],[-118.468789371996,34.0032421351164],[-118.468650088942,34.0033158247616],[-118.468510804404,34.0033894863036],[-118.468371520709,34.0034631485826],[-118.468232268155,34.0035368096778],[-118.46809298412,34.0036104986815],[-118.467953732163,34.0036841603534],[-118.467938401788,34.003692243451],[-118.467762469837,34.0037853092991],[-118.467623217293,34.0038589696889],[-118.467483897397,34.0039326310799],[-118.467344612045,34.0040063192217],[-118.467205358767,34.0040799791305],[-118.467066071686,34.0041536390087],[-118.466926785448,34.0042272996239],[-118.466800624516,34.0042940387183],[-118.466754906152,34.0043172398275],[-118.466754502456,34.0043174469386],[-118.466739699855,34.0043250969087],[-118.466725338183,34.0043326171539],[-118.466682779798,34.0043552777165],[-118.466613012849,34.0043918919327],[-118.466543525362,34.0044289377648],[-118.466188361153,34.0046162868272],[-118.46418709807,34.0056721803264],[-118.460887177767,34.0074150859455],[-118.459898695313,34.007937134259],[-118.4589892269,34.0084174638129],[-118.458625995575,34.0086081992657],[-118.45807683903,34.0088965606629],[-118.457251789743,34.0093350085383],[-118.457038876558,34.009445873373],[-118.456995050375,34.0094688688751],[-118.456991972021,34.0094731123336],[-118.456854611009,34.0095461211151],[-118.45684158217,34.0095530130762],[-118.456378161145,34.0097991577894],[-118.45628557916,34.0098483322195],[-118.456144219347,34.0098858393526],[-118.456002218745,34.0098838389892]]]]},"properties":{"name":"Venice"}},{"type":"Feature","geometry":{"type":"Polygon","coordinates":[[[-118.291578187455,33.9600298428634],[-118.291608187182,33.9594998434669],[-118.292435493963,33.9594985069459],[-118.292485342579,33.9595186325611],[-118.292601348631,33.9595183512316],[-118.292787371596,33.9595178998692],[-118.293144866049,33.9595170316464],[-118.293276771605,33.9595167110286],[-118.293408675984,33.9595163632238],[-118.29347462822,33.95951620279],[-118.293540580456,33.9595160423201],[-118.293672518368,33.9595156932436],[-118.293728602611,33.9595155449742],[-118.293804422744,33.9595153450059],[-118.293936327115,33.9595149957225],[-118.29406823257,33.9595146471938],[-118.294200136939,33.9595142976219],[-118.29433204131,33.9595139488073],[-118.294463945677,33.9595135989469],[-118.294595851128,33.9595132498413],[-118.294727787854,33.9595128725676],[-118.294859693398,33.9595125502189],[-118.29492564553,33.9595123610447],[-118.294991597761,33.9595121997816],[-118.295123502125,33.9595118501015],[-118.295255406485,33.9595114993758],[-118.295321358619,33.9595113108867],[-118.295387311929,33.9595111494046],[-118.295519216287,33.9595107983903],[-118.295651120648,33.9595104481333],[-118.295794600182,33.9595100684479],[-118.295992456282,33.9595094190486],[-118.296150741623,33.9595090305566],[-118.296299135017,33.9595086111614],[-118.296431039367,33.9595082591501],[-118.29656294372,33.9595079078961],[-118.296694848068,33.9595075555963],[-118.296826785956,33.9595072039713],[-118.29689273808,33.9595070137216],[-118.296958690302,33.9595068513829],[-118.297090595732,33.9595064995493],[-118.297222532436,33.959506119547],[-118.297356053127,33.9595057625417],[-118.297487957472,33.9595054102761],[-118.297619862894,33.9595050569621],[-118.297751767236,33.9595047044082],[-118.297883671478,33.9595043237628],[-118.298015609452,33.9595039978831],[-118.298147513788,33.9595036439949],[-118.298279418126,33.9595032908639],[-118.298411323541,33.9595029366845],[-118.298544843144,33.9595025792675],[-118.298676781013,33.9595022247174],[-118.298808685347,33.9595018710077],[-118.298940623218,33.9595015170707],[-118.299072527545,33.959501162171],[-118.299204432957,33.9595008080258],[-118.299336337283,33.9595004528376],[-118.299468241511,33.9595000704596],[-118.299600145837,33.9594997158845],[-118.29973205026,33.9594993882106],[-118.299865604371,33.9594990012986],[-118.3000140292,33.9594986043011],[-118.300129435749,33.9594982946846],[-118.300156030844,33.9594982276111],[-118.300265186355,33.9594979730858],[-118.300269832005,33.9594979615221],[-118.3002700759,33.9594858691951],[-118.30027040205,33.9594858571142],[-118.300279189212,33.9594858424532],[-118.300279964687,33.9600178194106],[-118.300301190708,33.9745818439103],[-118.280724186991,33.9746698452498],[-118.280720186013,33.9601418436484],[-118.280719185407,33.9600308438207],[-118.291578187455,33.9600298428634]]]},"properties":{"name":"Vermont Knolls"}},{"type":"Feature","geometry":{"type":"Polygon","coordinates":[[[-118.280614188263,33.9933018469821],[-118.280614187943,33.989157846854],[-118.280402187802,33.9891588472166],[-118.280411187638,33.9860068464172],[-118.280623188459,33.9860058469204],[-118.280750188243,33.9823818463636],[-118.280538187942,33.9823828461034],[-118.280716187023,33.9802158461361],[-118.280724186991,33.9746698452498],[-118.300301190708,33.9745818439103],[-118.30019819134,33.9932318464479],[-118.280670674862,33.9933016453013],[-118.280614188263,33.9933018469821]]]},"properties":{"name":"Vermont-Slauson"}},{"type":"Feature","geometry":{"type":"Polygon","coordinates":[[[-118.281123189635,34.011088849101],[-118.281207189151,34.0037758487245],[-118.280994189674,34.0037768487642],[-118.280502189325,33.9964938479745],[-118.280714188664,33.9964938481769],[-118.280614188263,33.9933018469821],[-118.280670675119,33.9933017219305],[-118.304997717437,33.9932477654371],[-118.308941237748,33.9932390189727],[-118.317135194752,33.9932208453329],[-118.317081232262,34.0108277102904],[-118.317081196506,34.010836847389],[-118.291551191481,34.0108688484254],[-118.284128887015,34.0111040096688],[-118.282745189984,34.0111478493009],[-118.281124364368,34.011088892343],[-118.281123189635,34.011088849101]]]},"properties":{"name":"Vermont Square"}},{"type":"Feature","geometry":{"type":"Polygon","coordinates":[[[-118.280440183129,33.9291228400148],[-118.280664183892,33.9289018404857],[-118.280493183653,33.9289028405842],[-118.280956182749,33.9263868398265],[-118.281205183064,33.9237248395353],[-118.281215444735,33.9237248047851],[-118.291521185235,33.9236898390947],[-118.291556387985,33.9275618711895],[-118.291587343266,33.9309667235192],[-118.291653186235,33.9382088404875],[-118.291596354104,33.9547443244617],[-118.291578187455,33.9600298428634],[-118.282713186664,33.9600848439883],[-118.280719185407,33.9600308438207],[-118.280678185813,33.9548248429694],[-118.279429500988,33.948312758347],[-118.279372184566,33.9480138427084],[-118.279390993277,33.9478008229169],[-118.279774184162,33.943460842357],[-118.279812184084,33.9378428414847],[-118.279689183579,33.9360198413418],[-118.279822183557,33.9339038410752],[-118.280145183935,33.9339018407474],[-118.280377183823,33.9314288403143],[-118.280190183004,33.9301518403908],[-118.280440183129,33.9291228400148]]]},"properties":{"name":"Vermont Vista"}},{"type":"Feature","geometry":{"type":"Polygon","coordinates":[[[-118.244226179018,33.9537878450157],[-118.244231179721,33.9532648452594],[-118.234007177313,33.9532688452041],[-118.234038177568,33.9482478454739],[-118.230634176176,33.9482828455684],[-118.230643176224,33.9472388449775],[-118.234867177272,33.9471368450229],[-118.234835176775,33.945573844658],[-118.230177176179,33.9456528454008],[-118.230176176274,33.9452688451652],[-118.230002525844,33.9449866624139],[-118.229848175969,33.9447358445067],[-118.229509096875,33.9431048446499],[-118.229491859104,33.9430219309933],[-118.229491936987,33.9430219317466],[-118.229492511371,33.9430219342597],[-118.229432617943,33.9427366304335],[-118.229425156496,33.9427010858433],[-118.229420092409,33.9426767263998],[-118.229419637662,33.9426741957874],[-118.229416505008,33.9426567798084],[-118.229415466719,33.9426509011468],[-118.229394966217,33.9425555355355],[-118.229392879038,33.9425458300994],[-118.229370759388,33.9424394302148],[-118.229368411727,33.9424278212566],[-118.229354886062,33.9423609260037],[-118.229331881782,33.942251001037],[-118.229328170028,33.9422322401833],[-118.229315498251,33.9421678549473],[-118.229308548762,33.9421399011057],[-118.229308177997,33.9421384115927],[-118.229306226916,33.9421290232329],[-118.229305778897,33.9421265773505],[-118.229302612039,33.9421092948599],[-118.229300530116,33.9420991305372],[-118.229289070765,33.9420441675183],[-118.229286154845,33.9420304356504],[-118.22927731527,33.9419896801643],[-118.229275923986,33.9419832648652],[-118.229269118278,33.9419505272661],[-118.229268155142,33.9419456212044],[-118.229257832701,33.941893040551],[-118.229251559459,33.9418627730143],[-118.229243409756,33.9418242907581],[-118.229241975329,33.9418179188137],[-118.229235168051,33.9417869698383],[-118.229234185566,33.9417825019535],[-118.22923024071,33.9417635269781],[-118.229229540676,33.941759898776],[-118.229228709,33.9417555973864],[-118.229214977353,33.9416868706181],[-118.229213847118,33.941681376179],[-118.22920051568,33.9416181722818],[-118.229198009188,33.9416066105022],[-118.229194427468,33.9415906810827],[-118.229189263622,33.9415661829869],[-118.229185658147,33.9415490816323],[-118.229169051266,33.9414691985649],[-118.229168521217,33.9414664192745],[-118.22915814419,33.94141202846],[-118.229153238218,33.9413900550396],[-118.229143415656,33.9413426184223],[-118.229138776518,33.9413221004545],[-118.229134652152,33.9413035224879],[-118.22913395344,33.9413003747949],[-118.22913303493,33.9412959599778],[-118.229132069784,33.9412911044044],[-118.229128654486,33.9412739224516],[-118.229123750509,33.9412510907764],[-118.229122396322,33.9412447835882],[-118.229077823093,33.9410303850741],[-118.229076440421,33.941023547844],[-118.229068017181,33.9409818864263],[-118.229041783243,33.9408527596996],[-118.229029664682,33.9407974968054],[-118.229025520131,33.9407786385007],[-118.229024885962,33.9407757530278],[-118.229006591446,33.9406877531295],[-118.229005374386,33.9406817458871],[-118.22899755993,33.9406431557007],[-118.228992754264,33.9406210450533],[-118.228992036764,33.9406177468409],[-118.228765593242,33.9395285037996],[-118.228748440017,33.9394455123724],[-118.228725484925,33.939335587226],[-118.228658242506,33.9390121671322],[-118.228659472877,33.9390080096798],[-118.229225175359,33.9373358439535],[-118.229156368724,33.9373387144442],[-118.22917441582,33.9372783448285],[-118.229181361592,33.9372564687973],[-118.229195736168,33.9372086021668],[-118.229288973621,33.9368972579983],[-118.229321989487,33.936782569293],[-118.229322074181,33.9367822941675],[-118.229427975642,33.9364316185212],[-118.229442873388,33.9363821560747],[-118.229443115587,33.9363813370312],[-118.229542638815,33.9360452249087],[-118.229542697757,33.9360450255599],[-118.229588510047,33.9358911358559],[-118.229588523967,33.9358910844426],[-118.229624888269,33.9357695205855],[-118.229684539456,33.9355703399391],[-118.229702737039,33.9355099068585],[-118.229802044476,33.935177503818],[-118.229846761313,33.9350263964088],[-118.229846833124,33.9350261573684],[-118.22986917381,33.9349522440127],[-118.229947713234,33.9346926153031],[-118.229964270392,33.9346355939722],[-118.23003375862,33.9344055208634],[-118.230049595758,33.9343502300159],[-118.230164444325,33.9339660785031],[-118.230181079028,33.9339110124],[-118.230213027306,33.9338042526012],[-118.230283684473,33.9335682973996],[-118.23029527374,33.9335270846986],[-118.230338300173,33.9333849117375],[-118.230445871712,33.9330263870409],[-118.230478984817,33.9329123983472],[-118.230586557038,33.932554560496],[-118.230599614553,33.9325113066187],[-118.230599789702,33.9325112837457],[-118.230618145192,33.9324493672334],[-118.230685135249,33.9322230362747],[-118.230705605451,33.9321538061602],[-118.23070571154,33.9321534489543],[-118.230740471405,33.9320387700852],[-118.230843102011,33.9316946806856],[-118.230839800006,33.9316809198561],[-118.230831545462,33.9316404050078],[-118.230759506657,33.9313016786036],[-118.230736560197,33.9311930728248],[-118.230662774339,33.9308543217727],[-118.230654586942,33.9308137797413],[-118.230627234171,33.9306853705175],[-118.230582482508,33.9304750533833],[-118.230559536579,33.930366474624],[-118.230515283045,33.9301617657911],[-118.230485745059,33.9300251406393],[-118.23047719822,33.9299859732061],[-118.230404800566,33.9296474663988],[-118.230381525764,33.9295390811683],[-118.230346458267,33.9293736728327],[-118.230337609108,33.9293322801109],[-118.230324778875,33.9292696262779],[-118.230305799348,33.9291767300011],[-118.230268088057,33.9290062745667],[-118.230267859181,33.9290052409577],[-118.230265778643,33.9289962919126],[-118.23033444515,33.929000031007],[-118.230334781549,33.9290000492964],[-118.23999017641,33.9295258422381],[-118.254280178512,33.9294668417793],[-118.25412118035,33.9432828432486],[-118.253652173472,33.9432823718751],[-118.253652073954,33.9432823711829],[-118.253652076682,33.9432818428842],[-118.253652479294,33.9431858135176],[-118.253508927694,33.9431856762977],[-118.253442955208,33.9431856220238],[-118.253245133779,33.9431853785481],[-118.253080250207,33.9431852576607],[-118.252915399999,33.9431850805835],[-118.252750549878,33.9431849321296],[-118.252585699674,33.9431847555032],[-118.252420848471,33.9431846056994],[-118.252255998268,33.9431844286223],[-118.252091148065,33.94318425132],[-118.251926296864,33.9431841008401],[-118.25172996076,33.9431839067696],[-118.251664019565,33.9431838244116],[-118.251466166939,33.9431836321746],[-118.251301315659,33.9431834537949],[-118.251136465541,33.9431833022332],[-118.250971615344,33.9431831234006],[-118.250806764065,33.943182944345],[-118.250641881502,33.9431827930761],[-118.250404166171,33.9431825169529],[-118.250338226143,33.9431824618148],[-118.250058705564,33.9431821617905],[-118.250046309385,33.9431821604455],[-118.249773910699,33.9431818729429],[-118.249761909251,33.943181842804],[-118.249481267053,33.9431815717113],[-118.249415294493,33.9431814881886],[-118.249332869439,33.9431814115978],[-118.249250444227,33.943181281761],[-118.249221924379,33.9431812839016],[-118.249184557928,33.9431814692925],[-118.249183675797,33.9432769280581],[-118.249183666714,33.9432778746768],[-118.249150179606,33.9432778437898],[-118.248851179793,33.9533628451265],[-118.247497179944,33.9533628452137],[-118.247462179707,33.9542618451255],[-118.24503568781,33.954271581335],[-118.244222219983,33.9542700027246],[-118.244226179018,33.9537878450157]]]},"properties":{"name":"Watts"}},{"type":"Feature","geometry":{"type":"Polygon","coordinates":[[[-118.369553206794,34.0351688465849],[-118.368601206286,34.0349668473553],[-118.369034207088,34.0347318474082],[-118.368574818805,34.0349612293234],[-118.368297206437,34.0350998468806],[-118.363726206255,34.034154847299],[-118.360739205849,34.0339098472241],[-118.353360204175,34.0343798475915],[-118.350103203928,34.0345228482959],[-118.350159203885,34.034381847668],[-118.349982203748,34.0343908478935],[-118.349926203634,34.0345308477385],[-118.348389203313,34.0346308477407],[-118.345542202375,34.0345998486645],[-118.339949201596,34.0348648488869],[-118.34010120217,34.0346658485424],[-118.333791200537,34.0349638488196],[-118.335113201441,34.0325838488926],[-118.335110199735,34.0225288471214],[-118.340488201296,34.0233598474705],[-118.346046202072,34.0239618475431],[-118.346046202047,34.024110847237],[-118.355097204097,34.0249488466036],[-118.355171203712,34.0247618468781],[-118.359258204274,34.0251388466195],[-118.359122204818,34.0254948469697],[-118.360166204633,34.0254898463185],[-118.360262204257,34.0252398463658],[-118.376249207557,34.0266048455585],[-118.376163207233,34.0268168456653],[-118.376453702055,34.0268652612171],[-118.376487207707,34.0268708454033],[-118.3764252076,34.0271288454744],[-118.375578207879,34.0291038463735],[-118.373655207288,34.0304258462039],[-118.37308594921,34.0302650684779],[-118.373069370821,34.030260361419],[-118.372944257815,34.0302249706466],[-118.372892679192,34.0302104827659],[-118.372724533192,34.0301629926785],[-118.372694364563,34.030154435608],[-118.372569285317,34.0301190163964],[-118.372444172734,34.0300836251059],[-118.37238872234,34.0300679679471],[-118.372319061829,34.030048343668],[-118.37213684677,34.0299968058982],[-118.372119332233,34.029991941122],[-118.371963083087,34.0299476525141],[-118.371912890965,34.0299334430256],[-118.371685071677,34.0304390532932],[-118.371454906751,34.0309498667866],[-118.371263250196,34.0313747905324],[-118.370780390143,34.0324464377096],[-118.370177272818,34.0337845309861],[-118.370158737346,34.0338256463145],[-118.369873337077,34.0344587270343],[-118.369597115668,34.0350695706345],[-118.369594803632,34.0350747011221],[-118.369595847747,34.035074259781],[-118.369591511058,34.0350838797882],[-118.369553206794,34.0351688465849]]]},"properties":{"name":"West Adams"}},{"type":"Feature","geometry":{"type":"Polygon","coordinates":[[[-118.358622200844,33.9823968420793],[-118.358556749624,33.9816778766965],[-118.358556348754,33.9816734730153],[-118.358710932932,33.981675407115],[-118.358717906705,33.9816754377698],[-118.359096896139,33.9816743104636],[-118.359504721503,33.9816731510484],[-118.359719518721,33.9816725379242],[-118.360003485364,33.9816716910183],[-118.360093116067,33.9816702650985],[-118.360182558951,33.9816709645776],[-118.360506503975,33.9816701341753],[-118.360768931535,33.9816694877536],[-118.360781743638,33.9816697478518],[-118.36078305106,33.9816697791022],[-118.361162263435,33.9816653982345],[-118.361181672664,33.9816656782109],[-118.361190632687,33.9816658082562],[-118.36133744706,33.9816652965661],[-118.361466121393,33.9816649553384],[-118.361509034948,33.9816647825991],[-118.36163764315,33.9816644143408],[-118.36168052406,33.9816644507932],[-118.361809163818,33.9816638722011],[-118.361852044015,33.9816637436148],[-118.362000475465,33.9816632983908],[-118.362023564802,33.9816632291174],[-118.362097780409,33.9816629793771],[-118.362171997215,33.9816627566336],[-118.36219508762,33.9816629343431],[-118.362318878019,33.9816623427181],[-118.362343517877,33.9816622137343],[-118.362363012458,33.9816622101841],[-118.362366607572,33.9816622273348],[-118.362381615086,33.9816621543162],[-118.362518337274,33.9816617210828],[-118.362538127993,33.9816616291662],[-118.362686559576,33.9816612155529],[-118.36269404738,33.9816612435313],[-118.3627096502,33.981661443649],[-118.362799335775,33.981660954046],[-118.362854815045,33.9816606222404],[-118.362881171106,33.9816607079589],[-118.363023038424,33.9816601162381],[-118.363052724712,33.9816600269198],[-118.363191260603,33.981659582959],[-118.363206895772,33.9816597558692],[-118.363224247271,33.9816599227091],[-118.363359482896,33.9816590764909],[-118.363395767208,33.9816592142378],[-118.363527705066,33.9816585418413],[-118.363567288102,33.9816584775724],[-118.36369592832,33.9816580078554],[-118.363786599763,33.9816570196071],[-118.363861551619,33.9816571028328],[-118.363890804402,33.9816573671137],[-118.363996092163,33.9816576797092],[-118.364128889377,33.9816572790293],[-118.364300410136,33.9816567612953],[-118.364328546743,33.9816566763419],[-118.364471931975,33.9816562433142],[-118.364570061638,33.9816559468614],[-118.364643452781,33.9816557368122],[-118.364738283916,33.981655438471],[-118.364814973483,33.981655206627],[-118.364906507274,33.9816549298428],[-118.364986495002,33.981654615793],[-118.365074729426,33.9816543930363],[-118.36515801575,33.9816540968398],[-118.365242985245,33.9816538838408],[-118.365329570237,33.9816536217157],[-118.365411207514,33.9816533745122],[-118.365501091221,33.9816531572675],[-118.365579463329,33.9816528648475],[-118.365672645271,33.9816525824885],[-118.365763320889,33.9816523076551],[-118.365844133546,33.9816520626584],[-118.36597194948,33.9816516750532],[-118.366015654764,33.9816516524713],[-118.366187142554,33.9816510221686],[-118.366225932108,33.9816509044422],[-118.366264690761,33.9816508967839],[-118.366290806184,33.9816644991213],[-118.366385957199,33.9817140576086],[-118.366431317415,33.9817380754486],[-118.366559151792,33.9818054055624],[-118.366567431505,33.9818098213439],[-118.366584723421,33.9818191113615],[-118.366622236753,33.9818386777768],[-118.366738201973,33.9818998412415],[-118.366886319074,33.9817067728491],[-118.36693101541,33.9816486523539],[-118.366932567538,33.9816464902734],[-118.366938711752,33.9816384804301],[-118.366957403455,33.9816486270981],[-118.367201343438,33.9816476325471],[-118.367329679978,33.9816472626544],[-118.367350066177,33.981647234849],[-118.36752724887,33.9816467006992],[-118.367999269196,33.981645179988],[-118.368024560871,33.9816451298951],[-118.368166170937,33.9816448628715],[-118.368340988678,33.9816442472945],[-118.368515488375,33.9816436594813],[-118.368690307189,33.9816430424933],[-118.368864827443,33.9816424541121],[-118.369039634352,33.9816418375559],[-118.369214125512,33.981641523725],[-118.369388944316,33.9816409057247],[-118.369591491599,33.9816401718885],[-118.37035320257,33.98164084112],[-118.370169893987,33.9776851527789],[-118.37017155517,33.9772269002596],[-118.37016503528,33.9756642768298],[-118.370159551928,33.97437209204],[-118.370153098012,33.9728857435032],[-118.370150908415,33.9723685618827],[-118.370147001675,33.971417817677],[-118.370146591761,33.9710188012744],[-118.370146490723,33.9709944720202],[-118.370146391956,33.9709721252215],[-118.370160201931,33.9679978397124],[-118.372378201687,33.9679938393026],[-118.372909201764,33.9676118395635],[-118.372552202306,33.9671358390372],[-118.371941114845,33.9673873480257],[-118.371930203377,33.967391619753],[-118.371858700794,33.9672648336881],[-118.371774235686,33.9671150606802],[-118.371733208705,33.9670422705517],[-118.37163177953,33.9668608375412],[-118.371554185626,33.9661685771226],[-118.371536716395,33.9660072482613],[-118.371519384723,33.9658471567751],[-118.371502155714,33.9656879980545],[-118.371486577199,33.9655438104462],[-118.371469418098,33.9653855043558],[-118.371452291991,33.9652270602296],[-118.371435065907,33.9650682594054],[-118.371419176799,33.9649210769723],[-118.371402808332,33.9647699680543],[-118.37138647358,33.9646188851764],[-118.371377945992,33.9645401854392],[-118.371370106309,33.9644677753526],[-118.371355249955,33.9643304281211],[-118.371338641865,33.9641769561313],[-118.37130721168,33.9638864938086],[-118.371278842611,33.9636243525994],[-118.371277396939,33.9636106447989],[-118.371274709987,33.9635858916844],[-118.371269952571,33.9635419468909],[-118.37126516263,33.96349798597],[-118.371260996522,33.9634595350748],[-118.371251335195,33.9633717847739],[-118.371317707703,33.9633449286066],[-118.371735289283,33.9631776828642],[-118.371745726731,33.9631735045709],[-118.37184408859,33.9631341237629],[-118.371952920119,33.9630905365166],[-118.372709306399,33.9627876404587],[-118.37346749854,33.9624840470925],[-118.373685420016,33.9623964026753],[-118.373715672321,33.9623843005984],[-118.37444383491,33.9620926645359],[-118.37514536207,33.9618114997244],[-118.375165633607,33.9618033752134],[-118.375173637463,33.9618001679253],[-118.375204186276,33.9617881745387],[-118.375322717687,33.9617389213251],[-118.375421985469,33.9616960206166],[-118.375616955153,33.9616059820544],[-118.375808953867,33.9615097706504],[-118.375997786196,33.9614074852946],[-118.376183261071,33.9612992293719],[-118.376191916694,33.9612939726122],[-118.376349220567,33.9611952685293],[-118.37650352691,33.9610919415425],[-118.376654701966,33.9609840840371],[-118.376802609816,33.9608717884053],[-118.3768606207,33.9608249693125],[-118.376867201843,33.9608208386835],[-118.376870991137,33.9608165995777],[-118.376947122156,33.9607551560314],[-118.377036106131,33.9606794975314],[-118.377132857386,33.9605938221402],[-118.377227514275,33.9605058389968],[-118.377343432681,33.9603930918978],[-118.377456022976,33.9602770221502],[-118.377565191474,33.9601577274216],[-118.377670844503,33.9600353080844],[-118.37774560778,33.9599457983228],[-118.377817546543,33.959854003873],[-118.377886589782,33.959760011509],[-118.377923986001,33.9597075065316],[-118.377924172022,33.9597072517178],[-118.377924358042,33.9597069969039],[-118.377924545153,33.9597067438897],[-118.377924729009,33.9597064890827],[-118.377924935638,33.9597062459241],[-118.377925120577,33.9597059911137],[-118.377925306597,33.9597057362998],[-118.37792567972,33.9597052266688],[-118.377925865749,33.9597049736579],[-118.377926071292,33.9597047296013],[-118.377926257312,33.9597044747875],[-118.377926630435,33.9597039651564],[-118.3779268143,33.9597037121524],[-118.377927208023,33.9597032123736],[-118.377927392962,33.9597029575631],[-118.37792758115,33.959702703644],[-118.377927765006,33.9597024488369],[-118.377927952117,33.9597021958227],[-118.377928138137,33.9597019410089],[-118.377928529697,33.9597014412369],[-118.377928715734,33.9597011900291],[-118.377928902836,33.9597009352119],[-118.377929088856,33.959700680398],[-118.377929274877,33.9597004255842],[-118.377929461979,33.9597001707669],[-118.377929645844,33.9596999177629],[-118.377929852461,33.9596996718998],[-118.377930039563,33.9596994170826],[-118.377930223428,33.9596991640785],[-118.37793041053,33.9596989092613],[-118.37793059655,33.9596986544475],[-118.377930782571,33.9596983996336],[-118.377930967517,33.9596981466261],[-118.377931174134,33.9596979007631],[-118.377931361245,33.9596976477488],[-118.377931547265,33.959697392935],[-118.377931731122,33.959697138128],[-118.377931918224,33.9596968833107],[-118.377932290273,33.959696375486],[-118.377932477375,33.9596961206688],[-118.37793266124,33.9596958676648],[-118.37793284835,33.9596956146505],[-118.377933034371,33.9596953598367],[-118.377933218227,33.9596951050296],[-118.377933405329,33.9596948502124],[-118.377933597849,33.9596945971812],[-118.377934009635,33.959694024322],[-118.377934679453,33.9596930909445],[-118.377934896583,33.9596927774338],[-118.377935116964,33.9596924648144],[-118.377935340594,33.9596921530865],[-118.377935551295,33.9596918531189],[-118.377935659984,33.9596917238598],[-118.377958303145,33.959659334921],[-118.377965744736,33.9596485969379],[-118.377971819964,33.9596397961129],[-118.377979589954,33.9596284684019],[-118.378025425589,33.9595605280232],[-118.378035303136,33.959545608325],[-118.378065127929,33.9594998010473],[-118.378066982357,33.9594969337838],[-118.378100730582,33.9594438028044],[-118.378100986253,33.9594433990198],[-118.378105017967,33.9594370468341],[-118.378107097546,33.9594337262969],[-118.378107660292,33.9594328022693],[-118.378124616059,33.9594055157471],[-118.37820601661,33.9592675529805],[-118.378206243097,33.9592671555979],[-118.37824527624,33.9591970159991],[-118.378268460001,33.9591540648023],[-118.378345627104,33.9590039986747],[-118.378345780425,33.9590036907726],[-118.378345931574,33.9590033810743],[-118.378346084894,33.9590030731722],[-118.378346217619,33.9590027563194],[-118.378346369853,33.9590024475191],[-118.378346523166,33.959002137814],[-118.378346676479,33.9590018281089],[-118.378346809211,33.9590015130591],[-118.378346962524,33.959001203354],[-118.378347113673,33.9590008936556],[-118.378347266985,33.9590005839505],[-118.378347399722,33.9590002698023],[-118.378347551953,33.9589999601005],[-118.378347705265,33.9589996503954],[-118.378347856414,33.9589993406971],[-118.378347989146,33.9589990256473],[-118.378348142463,33.9589987168437],[-118.378348295776,33.9589984071385],[-118.378348446925,33.9589980974402],[-118.378348579649,33.9589977805874],[-118.378348730806,33.958997472692],[-118.378348885192,33.9589971611805],[-118.378349036349,33.9589968532852],[-118.378349169078,33.9589965373339],[-118.37834932239,33.9589962276287],[-118.378349475703,33.9589959179236],[-118.37834962686,33.9589956100283],[-118.378349780164,33.9589952985201],[-118.378349931321,33.9589949906248],[-118.378350084634,33.9589946809196],[-118.378350231451,33.9589943703333],[-118.378350390181,33.9589940624143],[-118.378352272309,33.9589903863885],[-118.37837989953,33.9589331130747],[-118.378386482417,33.9589191196354],[-118.378444268806,33.9587912611869],[-118.378498116774,33.9586616940513],[-118.378498267629,33.9586613194437],[-118.37852815202,33.958584057537],[-118.378540741662,33.9585502242351],[-118.37854544536,33.9585374537479],[-118.378559472789,33.9584988252098],[-118.378568657242,33.958473031604],[-118.378595678551,33.9583937962054],[-118.378595767129,33.9583935263704],[-118.378624509946,33.9583035808136],[-118.378651381334,33.9582129839106],[-118.378685950683,33.9580839451024],[-118.378690037081,33.9580686540711],[-118.378690025033,33.9580659891908],[-118.378689918245,33.958041890769],[-118.378901274276,33.9580116875838],[-118.378890889565,33.9549271725071],[-118.378890358152,33.95479294744],[-118.378882602211,33.9526498879145],[-118.37888228523,33.9525656961043],[-118.377044841774,33.9525680099377],[-118.375312713511,33.9525759605893],[-118.373553948114,33.9525806593541],[-118.372550263502,33.9525829801246],[-118.371811285198,33.9525852972627],[-118.370978813908,33.9525834051447],[-118.370949133331,33.9525834342216],[-118.370939241464,33.9525834925896],[-118.370700680234,33.9525844180229],[-118.370180229572,33.9525864284031],[-118.370179115339,33.9521551003678],[-118.370178860612,33.952052660551],[-118.37017291846,33.951667391076],[-118.370168763873,33.9509926013289],[-118.370168337322,33.9508642494391],[-118.37016648687,33.9503191752761],[-118.370164114788,33.9497077043294],[-118.37016189063,33.9491419422076],[-118.370151821613,33.9491419676995],[-118.370151690202,33.9490963147482],[-118.370149515091,33.9483460197427],[-118.370147382568,33.947597764808],[-118.370145329539,33.9468838957313],[-118.370142226338,33.9466863950319],[-118.370143514065,33.9459466437241],[-118.370144016181,33.9454244811813],[-118.370144105128,33.945262219523],[-118.370154397558,33.9451884961958],[-118.370155254161,33.9449270064902],[-118.370156116901,33.9446522183433],[-118.370156979632,33.9443774293009],[-118.370157842237,33.9441026132191],[-118.370158405172,33.9439240009282],[-118.370158706039,33.9438278241856],[-118.370159568633,33.9435530081161],[-118.370160365362,33.9432782202021],[-118.370161070557,33.9430720730456],[-118.370161261478,33.9430034040419],[-118.370162124174,33.9427286150361],[-118.370162954296,33.9424537990907],[-118.370163850513,33.9421790099942],[-118.370164563166,33.9419598664196],[-118.370165436393,33.9416575988618],[-118.370166286649,33.9413873446049],[-118.370168262834,33.9407525553789],[-118.370056037068,33.9407523201021],[-118.370049166619,33.9345286290869],[-118.370115259092,33.9345284262599],[-118.370123174009,33.9345284019679],[-118.370123185508,33.9345236599034],[-118.370132892936,33.930930591508],[-118.370132849527,33.9308480506077],[-118.3700338483,33.9308478874499],[-118.368840271184,33.9308456571511],[-118.368395121611,33.9308460460504],[-118.368392551928,33.9302047704343],[-118.368392159044,33.9300475193427],[-118.368388522987,33.9290274104746],[-118.368468518609,33.929027282359],[-118.373353193153,33.9290770258891],[-118.375208220206,33.9290959158845],[-118.377164199145,33.9291158346585],[-118.378736199924,33.9290128350204],[-118.378738199417,33.9305498347783],[-118.378745007548,33.9305514848254],[-118.378745334727,33.9307858455184],[-118.378744892608,33.9309095949386],[-118.379272886806,33.9309086278274],[-118.379392033331,33.93090841801],[-118.380212930163,33.9309071731021],[-118.380298200356,33.9309278349582],[-118.398027203324,33.9308908339526],[-118.402071203997,33.9314998334144],[-118.425435207338,33.9313558327824],[-118.429184208394,33.9309298320265],[-118.429795208754,33.9327108321493],[-118.435498210107,33.9424638332539],[-118.435380210277,33.9425128327917],[-118.435890210299,33.9434188334928],[-118.436183210745,33.9443928333729],[-118.436296211303,33.9464508332126],[-118.436611211009,33.9477078340296],[-118.43711621089,33.9486578338319],[-118.439208212075,33.9516408338885],[-118.437345211622,33.9520858343985],[-118.433110211195,33.9518778345419],[-118.433178211004,33.952530834495],[-118.431839210121,33.9529318348067],[-118.431441210485,33.9543048342565],[-118.431579210303,33.9552558344161],[-118.431984210948,33.9557098350285],[-118.4315662103,33.9563308348957],[-118.433145211156,33.9569548346923],[-118.434038211214,33.958125834793],[-118.432682211214,33.9588128348919],[-118.432628210935,33.9597048351545],[-118.430667210821,33.9597098354806],[-118.430606211492,33.9602018354036],[-118.430264211469,33.9606288350591],[-118.428436210184,33.9606368351466],[-118.428121210322,33.9614178359278],[-118.428138913286,33.9615995144292],[-118.428167878446,33.9618967967816],[-118.428197210319,33.962197835412],[-118.428900210655,33.9637578356726],[-118.431110211341,33.9637518359826],[-118.431161211837,33.9641318355408],[-118.431954211142,33.9646668357453],[-118.433300211243,33.9639268355345],[-118.433863212203,33.9646368356997],[-118.435786211837,33.963726835428],[-118.435142211451,33.9629138354422],[-118.43690621194,33.9608568348202],[-118.436546212339,33.9603238351397],[-118.437953211791,33.9596618347886],[-118.439755212194,33.9623268350806],[-118.432789212073,33.9658498357743],[-118.431124211511,33.9669248364419],[-118.430305212022,33.9671968359119],[-118.427173210346,33.9652028360498],[-118.425477210388,33.9656408358911],[-118.423541210302,33.9669888366037],[-118.422687210426,33.9700098366466],[-118.418922209815,33.972116837212],[-118.418922210435,33.9723168373178],[-118.411622208541,33.9753008382985],[-118.404781207618,33.9769598386645],[-118.404500208168,33.977220838385],[-118.401626207672,33.9822888397103],[-118.399242207148,33.9828008396026],[-118.386666204511,33.9769118397675],[-118.386665631058,33.9769132624165],[-118.386665406569,33.9769131567554],[-118.386571504455,33.9768690437767],[-118.386379158372,33.9767788424696],[-118.386042361292,33.976620736506],[-118.385961379065,33.9767404456011],[-118.385958100917,33.9767452936972],[-118.385916493701,33.9767264117172],[-118.385874268729,33.9767084954341],[-118.38583147903,33.9766915455794],[-118.385788119189,33.9766755621695],[-118.385744299687,33.976660567389],[-118.385700015202,33.9766465810881],[-118.38565526672,33.9766335825278],[-118.385610108556,33.976621617512],[-118.38556458937,33.9766106786726],[-118.38551871136,33.9766007732143],[-118.385472522214,33.9765919181136],[-118.385426077135,33.9765841167997],[-118.385379425792,33.9765773456739],[-118.385332520871,33.9765716706989],[-118.385285458344,33.9765670185438],[-118.385238294852,33.9765634701653],[-118.385224822027,33.9765622176838],[-118.380296937741,33.9763010433746],[-118.380181657265,33.9762948976367],[-118.380134864987,33.9763005732515],[-118.380088277648,33.97630729578],[-118.380041906115,33.9763150760067],[-118.379995781727,33.9763239048177],[-118.379950025597,33.9763337638014],[-118.379856364295,33.9763554096423],[-118.37941749142,33.9764570740183],[-118.37761447761,33.9768745915749],[-118.377610046521,33.9768756034363],[-118.377605614431,33.9768766333312],[-118.377601231952,33.9768776261079],[-118.377596800847,33.9768786343628],[-118.377592368667,33.9768796444238],[-118.377587939632,33.9768806319366],[-118.377583552824,33.9768816247263],[-118.377579124778,33.9768825915006],[-118.377574693587,33.9768835808227],[-118.377570261216,33.9768845485116],[-118.377565831013,33.9768855170952],[-118.377561397547,33.9768864820826],[-118.377556962918,33.9768874290429],[-118.37755253154,33.9768883768945],[-118.377548099062,33.9768893211432],[-118.377543672008,33.9768902680793],[-118.377539185327,33.9768911908606],[-118.377534753956,33.9768921405145],[-118.377530321296,33.9768930441943],[-118.377525889798,33.9768939659009],[-118.377521457247,33.9768948939213],[-118.377516975875,33.9768957941468],[-118.377512543222,33.976896699629],[-118.377508061862,33.9768976025588],[-118.377503629108,33.9768984855027],[-118.377499197419,33.976899364837],[-118.377494711632,33.9769002461435],[-118.377490278877,33.9769011290869],[-118.377485797419,33.9769020103795],[-118.377481364579,33.9769028743907],[-118.377476880851,33.9769037322502],[-118.377472397151,33.9769045964203],[-118.377467968504,33.9769054306674],[-118.377463482538,33.976906272306],[-118.377459000889,33.9769071112262],[-118.37745456793,33.9769079490925],[-118.377450084116,33.9769087880192],[-118.377445600212,33.9769096071124],[-118.37744111846,33.9769104234941],[-118.377436685416,33.9769112424278],[-118.377432203562,33.9769120362713],[-118.377427717498,33.9769128562721],[-118.377423234558,33.976913649217],[-118.377418752721,33.9769144466661],[-118.377414266445,33.9769152197875],[-118.377409784506,33.9769159946982],[-118.377405301476,33.9769167678092],[-118.377400815225,33.9769175463392],[-118.377396335433,33.9769183176366],[-118.3773918534,33.9769190718118],[-118.377387367031,33.9769198241973],[-118.377382881743,33.9769205765793],[-118.377378401776,33.9769213091108],[-118.377373865629,33.9769220616515],[-118.377369383494,33.976922793288],[-118.377364901367,33.9769235267273],[-118.377360413716,33.9769242349408],[-118.377355880628,33.9769249460009],[-118.377351397313,33.9769256560037],[-118.377346908592,33.9769263669247],[-118.377342376581,33.9769270770794],[-118.377337896415,33.9769277654351],[-118.37733341408,33.9769284528959],[-118.377328877656,33.9769291441317],[-118.377324390989,33.9769298307042],[-118.377319856627,33.976930499395],[-118.377315373109,33.9769311643206],[-118.377310839829,33.9769318330077],[-118.377306356225,33.9769324790011],[-118.377301821847,33.9769331440852],[-118.377297334996,33.9769337900884],[-118.37729279836,33.9769344344441],[-118.377288265975,33.9769350616571],[-118.377283783356,33.9769356860099],[-118.377279246626,33.9769363096301],[-118.37727471206,33.9769369332434],[-118.377270225116,33.9769375585107],[-118.377265696946,33.9769381604669],[-118.377261155802,33.9769387651682],[-118.37725667308,33.976939366982],[-118.37725213832,33.9769399473216],[-118.377247605829,33.9769405510938],[-118.377243068911,33.9769411332429],[-118.377238533064,33.9769417126839],[-118.37723400037,33.9769422713796],[-118.377229516379,33.976942831726],[-118.377224981618,33.9769434120647],[-118.3772204456,33.9769439536413],[-118.377215912906,33.9769445123364],[-118.377211377953,33.9769450503032],[-118.377206838665,33.9769455864803],[-118.377202305901,33.9769461298491],[-118.377197768776,33.9769466660191],[-118.377193233738,33.9769471850534],[-118.377188700845,33.9769476995732],[-118.377184163626,33.9769482150078],[-118.377179630651,33.9769487114969],[-118.377175095508,33.976949207091],[-118.377170505274,33.976949724494],[-118.377165972189,33.9769501966415],[-118.377161434897,33.976950695848],[-118.377156899648,33.976951168002],[-118.377152366583,33.9769516446567],[-118.377147830252,33.9769521168138],[-118.377143297069,33.9769525673241],[-118.37713870989,33.9769530423443],[-118.377134172391,33.9769534955724],[-118.377129639123,33.9769539271504],[-118.377125099448,33.9769543776803],[-118.377120519657,33.9769548112065],[-118.377115982044,33.9769552391914],[-118.377111448792,33.9769556743747],[-118.377106859144,33.9769560817868],[-118.377102323695,33.9769565097644],[-118.377097789259,33.9769569224127],[-118.377093206014,33.9769573099705],[-118.377088668328,33.9769577217271],[-118.377084134845,33.976958105523],[-118.37707954621,33.9769584976048],[-118.377075012742,33.9769588850064],[-118.377070420735,33.976959249151],[-118.377065887279,33.9769596392568],[-118.377061300695,33.9769600060887],[-118.37705676704,33.9769603520198],[-118.377052231311,33.9769607177909],[-118.377047643542,33.9769610620878],[-118.377043109892,33.9769614089198],[-118.377038521041,33.9769617532197],[-118.37703398945,33.9769620766053],[-118.377029399415,33.9769623983703],[-118.377024812652,33.976962725534],[-118.377020276731,33.9769630489326],[-118.377015690932,33.9769633499487],[-118.377011157184,33.9769636751432],[-118.37700656813,33.976963974366],[-118.377002034195,33.9769642580903],[-118.376997446224,33.9769645573094],[-118.376992860347,33.9769648411958],[-118.3769883264,33.9769651222151],[-118.376983735089,33.9769654007089],[-118.376979149111,33.9769656620568],[-118.376974617226,33.9769659205309],[-118.37697003015,33.9769661782758],[-118.376965496109,33.9769664385594],[-118.376960905685,33.9769666737761],[-118.376836065301,33.9769733392989],[-118.371891634989,33.9772371522202],[-118.371820985004,33.9772409021552],[-118.371820872217,33.9773000707853],[-118.371820838235,33.9773180077209],[-118.371820778837,33.9773455748732],[-118.371733095044,33.9820474285607],[-118.371715202472,33.9830068412391],[-118.358474200444,33.9830468419153],[-118.358622200844,33.9823968420793]]]},"properties":{"name":"Westchester"}},{"type":"Feature","geometry":{"type":"Polygon","coordinates":[[[-118.60375426214,34.2332358550953],[-118.602996261886,34.2314448553216],[-118.602840261511,34.2314898551943],[-118.602751262186,34.2312678553163],[-118.602704420254,34.2307417871494],[-118.602653429484,34.230169126044],[-118.602647261372,34.2300998548478],[-118.602694008366,34.2300000092243],[-118.603221261935,34.2288738545731],[-118.605115262211,34.2274888543627],[-118.605825261925,34.2263758545207],[-118.605910261252,34.2196658537184],[-118.614730263443,34.2195298533784],[-118.614656260792,34.1929558500466],[-118.614492260694,34.192819849988],[-118.614489260881,34.192125850294],[-118.614653260613,34.1919768504232],[-118.614637345302,34.1864851957439],[-118.61463726064,34.1864558498997],[-118.635552263878,34.18641784871],[-118.644247884035,34.1866088416039],[-118.644430265024,34.1866128474903],[-118.651983266566,34.1851248474274],[-118.651723265715,34.1842448468585],[-118.65422426615,34.1837438470632],[-118.655959266264,34.1837558473129],[-118.65584926719,34.1846578467509],[-118.657372266997,34.1845788468137],[-118.658927267706,34.1839318472101],[-118.658767267568,34.1832568465409],[-118.659097267255,34.1826778466063],[-118.659791267829,34.1830368464841],[-118.661890267271,34.183305846647],[-118.664587268097,34.1830898466398],[-118.66572026892,34.1833468459467],[-118.66627626817,34.183185846261],[-118.666709268782,34.1839068463007],[-118.66663626829,34.1844478463098],[-118.668117250722,34.1849118410197],[-118.667989592949,34.1913378315387],[-118.667339979808,34.1913483906827],[-118.667338638857,34.1913483926713],[-118.667333399805,34.1913483990362],[-118.667332573128,34.1913484035969],[-118.66352265496,34.1901509849119],[-118.663359521624,34.1905079568998],[-118.662975137739,34.1903873966577],[-118.662973015501,34.1903866942617],[-118.663136079921,34.1900290632462],[-118.662879516006,34.1899487358874],[-118.662627088492,34.1898696700368],[-118.662494887267,34.1898284883173],[-118.662371336695,34.1897899790606],[-118.662196702644,34.1897354826772],[-118.661861752374,34.18963042091],[-118.661810170537,34.1896142435417],[-118.661492059159,34.1895142824538],[-118.66131128656,34.1894574238512],[-118.659593413723,34.1892505236467],[-118.658809617132,34.1893457589084],[-118.658827306799,34.1894244868855],[-118.658731597695,34.1894377849171],[-118.658636570621,34.1894553047242],[-118.658542411901,34.1894770128382],[-118.658496416342,34.1894897938908],[-118.658465694912,34.1894980119761],[-118.65838646974,34.1895230212887],[-118.658308317586,34.1895512089842],[-118.658231368254,34.1895825274776],[-118.658072664246,34.189650792692],[-118.657532361978,34.1898832520963],[-118.657461522652,34.1899137958086],[-118.657453943093,34.1899170519337],[-118.657301653404,34.1911635980982],[-118.657278222921,34.1913546241223],[-118.657223495327,34.191800306121],[-118.657007833829,34.1935768090296],[-118.656623025093,34.1967560390434],[-118.656789845488,34.1967560800496],[-118.657322848297,34.196756123136],[-118.65732307832,34.1967561236892],[-118.657781806196,34.1967584372403],[-118.657786545647,34.1967584619557],[-118.6580807916,34.1967599457942],[-118.658486319977,34.196761970883],[-118.658492731461,34.196762002697],[-118.658492730622,34.1967618963187],[-118.658491323749,34.1952616290556],[-118.658491205782,34.1952382714365],[-118.658489365079,34.1949669509412],[-118.659075527744,34.1949674090761],[-118.659510373427,34.1949676815151],[-118.659825298226,34.1949675310239],[-118.660199025074,34.1949679098659],[-118.660537136455,34.194968399996],[-118.660550629227,34.194968408359],[-118.660844692236,34.1949689461225],[-118.661094370311,34.1949689558241],[-118.661325034604,34.1949690085567],[-118.661555669921,34.1949697858543],[-118.661784647637,34.1949699073381],[-118.661962891431,34.1949693990704],[-118.662018645929,34.1949692589363],[-118.662272430689,34.1949699586608],[-118.662527070342,34.1949699652878],[-118.662780055271,34.1949699533986],[-118.66500392702,34.1949715428793],[-118.667216752361,34.1949730424169],[-118.667235701665,34.1949730758335],[-118.66724188595,34.1949730687681],[-118.667917368479,34.1949734150725],[-118.667702270445,34.2058008483218],[-118.667750261406,34.2093333395014],[-118.666811591292,34.2093358858316],[-118.666346822779,34.2093373195392],[-118.665144651301,34.2093411046632],[-118.66277621931,34.2093478365145],[-118.662776230526,34.2093538984778],[-118.66275327032,34.2129038500049],[-118.654141547644,34.2129464511802],[-118.654047385802,34.2129466257517],[-118.653253052592,34.2129483891179],[-118.653252439162,34.2129508491532],[-118.653252268792,34.212950850073],[-118.653041854217,34.2137956733793],[-118.652830353874,34.2146441642496],[-118.65239042208,34.2164102848934],[-118.652350045344,34.2165723938792],[-118.654042816646,34.2165737793749],[-118.657398989638,34.2165768056814],[-118.658412059199,34.2165733311717],[-118.658418041877,34.2183011419475],[-118.658418170123,34.2190054358025],[-118.658418239704,34.2194588159584],[-118.658418274529,34.2196641771636],[-118.658418275974,34.2196649110175],[-118.658418332312,34.219911124947],[-118.658415083051,34.2211892098089],[-118.658415073849,34.2211927222982],[-118.658410471449,34.2234798564335],[-118.658410467241,34.2234822131083],[-118.657425328274,34.2234806715449],[-118.654064656649,34.2235004770906],[-118.654062795865,34.2245425850025],[-118.654062982784,34.2246213118318],[-118.654063084552,34.2246214176646],[-118.654063084137,34.2246215033142],[-118.654062908025,34.2246598453775],[-118.654062670641,34.2247798690889],[-118.65406223239,34.2250406501573],[-118.654062237005,34.2250496908741],[-118.654060621138,34.2252615647208],[-118.654060586205,34.2252729000958],[-118.654060585298,34.2252730614781],[-118.654060487045,34.2253036083207],[-118.654061500404,34.2255891128575],[-118.654061547282,34.2257344784993],[-118.654060963278,34.2259471437382],[-118.654060427444,34.2263052016578],[-118.654058885829,34.2265560689351],[-118.654059105229,34.2266178820625],[-118.654059316704,34.2271092990524],[-118.654059269882,34.2271138521321],[-118.654039978377,34.2271138770623],[-118.653671453515,34.2271135188331],[-118.653306724758,34.2271144714785],[-118.653306726615,34.2271148474147],[-118.653303269684,34.2271148516527],[-118.653304270422,34.2273538516052],[-118.652877594685,34.227356828671],[-118.652876690491,34.2271155833417],[-118.65287327233,34.2271155485916],[-118.652873270137,34.2271148517055],[-118.652813531085,34.2271149467965],[-118.652699122095,34.2271137932869],[-118.652495592111,34.2271154516454],[-118.649798409742,34.2271197338716],[-118.649724139076,34.2271197729387],[-118.649617310311,34.227548528412],[-118.649570440908,34.2277368756991],[-118.649479332154,34.2281027843853],[-118.649468425118,34.2281466176611],[-118.649436183466,34.2282761351064],[-118.649328360913,34.228709375439],[-118.649289136463,34.2288672362605],[-118.649252300615,34.2290154349687],[-118.649233736917,34.2290897077471],[-118.649221722843,34.2291377725008],[-118.649141872406,34.229458608852],[-118.649122374274,34.2295380867621],[-118.649016402827,34.2299638457263],[-118.649003927898,34.2300125593394],[-118.64899804334,34.230035538939],[-118.648983198613,34.2300958050926],[-118.648971969289,34.2301413917594],[-118.648970326713,34.2301474941411],[-118.64896811024,34.2301557290603],[-118.648967885031,34.2301564992897],[-118.648937726853,34.2302774875798],[-118.648930605888,34.2303063239607],[-118.648905329043,34.2304083526255],[-118.648902632661,34.2304190838027],[-118.648882867469,34.230498055531],[-118.648870929083,34.2305455762072],[-118.648840456661,34.2306687641338],[-118.648824476537,34.2307325469876],[-118.648816181759,34.2307665023418],[-118.648809695299,34.2307930534915],[-118.648711942612,34.23118622848],[-118.648710662902,34.2311912605766],[-118.648706949021,34.2312058531305],[-118.648706774265,34.2312058531658],[-118.64774326932,34.2312078523452],[-118.647865268885,34.2309548528964],[-118.647343268874,34.2309218529506],[-118.646926268666,34.230482852825],[-118.646709269317,34.2273848518648],[-118.646766268854,34.2240818517005],[-118.643231267951,34.2240368516202],[-118.642710268209,34.2236998521751],[-118.642016267343,34.2237278519151],[-118.63386426654,34.2248068528561],[-118.631933266683,34.2247088529921],[-118.631418902616,34.2247939927262],[-118.62930526596,34.2251438527299],[-118.625494265699,34.2260778535593],[-118.624967264784,34.2275668534],[-118.617290263638,34.2268058541152],[-118.616252264312,34.2271538534634],[-118.615853263695,34.2277688541586],[-118.614976263653,34.2313908541171],[-118.614073264274,34.2317208548495],[-118.612531264031,34.2331688544624],[-118.611335263177,34.2338938552824],[-118.610804263046,34.2344648547282],[-118.610565263617,34.2349918548398],[-118.610231263448,34.235227855151],[-118.60798926334,34.2354458556362],[-118.607540275028,34.2354466327294],[-118.605101262683,34.2354508551345],[-118.605097916385,34.2354453525943],[-118.60375426214,34.2332358550953]]]},"properties":{"name":"West Hills"}},{"type":"Feature","geometry":{"type":"Polygon","coordinates":[[[-118.259080190068,34.0538938556827],[-118.259835189599,34.0530918549127],[-118.260033190456,34.0531808551416],[-118.259672189398,34.0528798554377],[-118.260104190442,34.0524118554893],[-118.260157118554,34.0523767098124],[-118.261491190018,34.051490855213],[-118.261021189998,34.0512078547881],[-118.266552190339,34.0478638538027],[-118.266651590411,34.0479088451961],[-118.266742191145,34.0479498540522],[-118.268835191148,34.0467728535643],[-118.281016193836,34.0521468542052],[-118.280937193603,34.05226685417],[-118.282949194056,34.0533298543156],[-118.283577193734,34.0523668534461],[-118.289077194701,34.0524098531316],[-118.289097195189,34.0597858543848],[-118.287830195485,34.0597928545133],[-118.287851194912,34.0618188547564],[-118.287035195384,34.0618238547913],[-118.287094195342,34.0677188554767],[-118.286797195427,34.0677208556489],[-118.286819196826,34.0764788560034],[-118.286223155027,34.0766967843813],[-118.286179196145,34.0767128564652],[-118.284411196025,34.076721856134],[-118.284423196435,34.0779008567808],[-118.284422678147,34.0779007371958],[-118.279922136874,34.0768607642034],[-118.279680195528,34.0768048562559],[-118.274185366127,34.0752964503459],[-118.274183194131,34.0752958566589],[-118.273003969679,34.0747717057988],[-118.269094193515,34.0730338571802],[-118.269175193109,34.0728888565041],[-118.263802191551,34.0705608570818],[-118.261226191217,34.0696218564787],[-118.259891191392,34.0643598567174],[-118.259659190694,34.0620088559228],[-118.256795190476,34.0589788557812],[-118.255268189459,34.0579438561278],[-118.259080190068,34.0538938556827]]]},"properties":{"name":"Westlake"}},{"type":"Feature","geometry":{"type":"Polygon","coordinates":[[[-118.434209217971,34.0374068439319],[-118.435158218212,34.0369558431575],[-118.435260738538,34.0370753850025],[-118.444313219993,34.0476308443235],[-118.444310896321,34.0476315596775],[-118.434137218985,34.0507648452925],[-118.42419121754,34.0575688463293],[-118.423388218153,34.056479845966],[-118.422825217721,34.0534268456793],[-118.421574217215,34.0524978462529],[-118.421442216864,34.0513688455854],[-118.417082197212,34.0463084663791],[-118.417078215704,34.0463038453405],[-118.424666216583,34.0419448444613],[-118.434209217971,34.0374068439319]]]},"properties":{"name":"West Los Angeles"}},{"type":"Feature","geometry":{"type":"Polygon","coordinates":[[[-118.429460176246,34.0792474269151],[-118.429375220499,34.0792048482236],[-118.429287153172,34.0792262346376],[-118.42863158176,34.0793854335266],[-118.428572220333,34.0793998487519],[-118.427827220815,34.0804368486227],[-118.427091219994,34.0807688491905],[-118.425395219692,34.080843848712],[-118.423035219962,34.0799358487641],[-118.423060513444,34.0799298470089],[-118.423241111044,34.0799324482135],[-118.423840275403,34.0797452223946],[-118.423840116531,34.0797448731559],[-118.423840219335,34.0797448484537],[-118.423490125423,34.0788202416454],[-118.423489404434,34.0788177901909],[-118.423644218973,34.0787688483761],[-118.423364449789,34.0777738334449],[-118.423360373346,34.0777405467815],[-118.423346030614,34.077676934156],[-118.423325413912,34.0776150699577],[-118.42331039157,34.0775815737287],[-118.423308219191,34.077573848864],[-118.423305904265,34.0775715679753],[-118.42329872897,34.0775555701134],[-118.423295860412,34.0775498644249],[-118.423294947028,34.0775481420849],[-118.423289459079,34.0775377963519],[-118.423263835751,34.0774943139828],[-118.423235279294,34.0774526990499],[-118.423203925057,34.077413149415],[-118.423016456101,34.0771917765818],[-118.423003110425,34.0771797823965],[-118.42298802438,34.0771700688801],[-118.422971581673,34.0771628844138],[-118.422954204679,34.0771584114317],[-118.422936337104,34.0771567655794],[-118.422918436364,34.0771579885292],[-118.422900958419,34.0771620480326],[-118.422893284111,34.0771651879043],[-118.422779693091,34.0770533153941],[-118.422779342537,34.0770527666838],[-118.422808900811,34.0770174393041],[-118.422834805882,34.076979353382],[-118.422856802873,34.0769388830482],[-118.422874674967,34.0768964302475],[-118.422877903842,34.076887053785],[-118.422986845786,34.0765800905148],[-118.423127074836,34.0761848653397],[-118.423293456275,34.0757160253746],[-118.423301350122,34.0756937838586],[-118.423301359735,34.0756937567788],[-118.42321588711,34.0756459683232],[-118.422976935652,34.0755122852406],[-118.422558218779,34.0752778484085],[-118.422349351439,34.0752246715162],[-118.421851045554,34.0750974002357],[-118.421458513251,34.075242045272],[-118.42118966475,34.0753411206184],[-118.420959027107,34.0754259324333],[-118.420956138128,34.0754197823043],[-118.420356004931,34.0741419388084],[-118.419632631169,34.0725930303015],[-118.419602228558,34.0725861210655],[-118.419601550447,34.0725846250682],[-118.419095367257,34.072465667604],[-118.419064455981,34.0724584111034],[-118.419063364754,34.0724581399207],[-118.419049136468,34.0724548148332],[-118.419048190658,34.0724545927304],[-118.419047542043,34.0724544408179],[-118.418453804798,34.0723148903842],[-118.418345129788,34.0720239075221],[-118.418285337767,34.0719068896737],[-118.417844259886,34.0710438766903],[-118.417829226656,34.0710144646973],[-118.417689898851,34.0707418956953],[-118.417648884438,34.0706683387619],[-118.417612433059,34.0706030105845],[-118.417590186873,34.07056313954],[-118.417453398038,34.0703179735973],[-118.417399419923,34.0702212279044],[-118.417394217935,34.0702108484675],[-118.417374389151,34.0701840575286],[-118.416725045955,34.0692779941034],[-118.416516902333,34.0690141590695],[-118.416499638958,34.0689922788245],[-118.416403516891,34.0688704368157],[-118.416991810365,34.0685487731689],[-118.417109574634,34.0685652937856],[-118.417158998394,34.0685135011612],[-118.417178030316,34.0684935574664],[-118.417249848217,34.0684182907994],[-118.41727102251,34.0683960984712],[-118.41726521015,34.0683879885011],[-118.417265139236,34.0683878886756],[-118.417265217031,34.0683878478378],[-118.416429062647,34.0672211405787],[-118.416417886693,34.0672053463399],[-118.416334198116,34.0670870801903],[-118.41624760646,34.0669677096908],[-118.41623423359,34.0669492914238],[-118.41579631052,34.0663381260542],[-118.415277160469,34.0656136458578],[-118.415275078063,34.0656107401561],[-118.414452867649,34.0644632446311],[-118.414446184176,34.064453897005],[-118.4144444129,34.0644512453563],[-118.414441697605,34.064447181536],[-118.414357118576,34.0643282283323],[-118.434137218985,34.0507648452925],[-118.444310896321,34.0476315596775],[-118.444313219993,34.0476308443235],[-118.444434132952,34.0477754799451],[-118.448340865658,34.0524487020109],[-118.448341076042,34.0524489527584],[-118.448326682089,34.0524573499152],[-118.448998980594,34.0532359360462],[-118.449099221542,34.0533558444898],[-118.445788221618,34.0553348451609],[-118.445636221167,34.0552998450483],[-118.450140222944,34.0607838450836],[-118.454045223095,34.0650518455667],[-118.454546223242,34.0659238453993],[-118.454693223431,34.0668038459699],[-118.459989224315,34.0653688452073],[-118.460454224568,34.0658948450639],[-118.460707224565,34.0658088454795],[-118.461757224458,34.0669968450053],[-118.46154222512,34.0671248448502],[-118.466506226298,34.0728598453571],[-118.466115226344,34.0730628458098],[-118.466357225984,34.0733428453637],[-118.466355850248,34.0733432626779],[-118.464049226019,34.0740418459779],[-118.463974262619,34.0740287028301],[-118.46343322574,34.0739338455313],[-118.462248225308,34.0731148457827],[-118.461080406445,34.0731403564683],[-118.46101222568,34.0731418464028],[-118.459193225053,34.0743868458771],[-118.458740224669,34.0744628465834],[-118.457768224638,34.0742948461365],[-118.457210225256,34.0744608463928],[-118.454336224639,34.0768198467157],[-118.453732224402,34.0770098468036],[-118.453264224056,34.0769248470162],[-118.450465223992,34.0755808465633],[-118.449945223543,34.0750718464547],[-118.449135223191,34.0737928469879],[-118.448719223268,34.0735208468357],[-118.445586222267,34.0736518469383],[-118.444986222419,34.0741378469827],[-118.444513222977,34.076284847403],[-118.444174222251,34.0767918477096],[-118.444165185912,34.0767960253023],[-118.442831222454,34.0774128474635],[-118.440967222372,34.0774878477253],[-118.440223889544,34.0777420255526],[-118.440154222002,34.077765847401],[-118.436836222286,34.0801378484394],[-118.435316221096,34.0808138480749],[-118.434872343751,34.0822093013153],[-118.434850221731,34.0822788488783],[-118.434798734459,34.0823118708816],[-118.434238733571,34.0826710443107],[-118.43412522138,34.0827438484009],[-118.433981540149,34.0827283686755],[-118.433406653151,34.0826664324205],[-118.432380221299,34.0825558488371],[-118.432055662913,34.0824100144569],[-118.431920158269,34.0823491277886],[-118.431857221422,34.0823208489025],[-118.430958220428,34.0814158484543],[-118.430247207657,34.0796955632963],[-118.430219220215,34.079627848482],[-118.430036728366,34.0795363864611],[-118.429460176246,34.0792474269151]]]},"properties":{"name":"Westwood"}},{"type":"Feature","geometry":{"type":"MultiPolygon","coordinates":[[[[-118.283305700881,33.7553201051543],[-118.288044555661,33.7544935243954],[-118.287985637754,33.7546184518773],[-118.284202093756,33.7554813633397],[-118.283488106592,33.7554544246034],[-118.283305700881,33.7553201051543]]],[[[-118.260621836628,33.7663214317098],[-118.260618394173,33.7662657314509],[-118.260692167527,33.7662768233855],[-118.260770219692,33.7662528184567],[-118.260752909981,33.7663166754319],[-118.260621836628,33.7663214317098]]],[[[-118.224713666815,33.8244547582478],[-118.224687120002,33.8243854850594],[-118.224624445744,33.8243858012013],[-118.224588290095,33.8243859840219],[-118.22458816547,33.8243858318987],[-118.224587967404,33.8242928809061],[-118.224587967274,33.8242928322247],[-118.224582165755,33.8215728311181],[-118.222780164177,33.8127328309716],[-118.222458995105,33.8124609203672],[-118.222454163975,33.8124567453778],[-118.222451427688,33.8086716703739],[-118.222450717699,33.8076384149405],[-118.22244984561,33.80632850795],[-118.222448710455,33.8046586384357],[-118.222448650045,33.8045861507957],[-118.22244839897,33.8044824757547],[-118.222448170646,33.8041661803414],[-118.222448163513,33.8041569714257],[-118.222839667936,33.8030794916549],[-118.222887375045,33.8029481677961],[-118.223072842943,33.8024376389425],[-118.223376428756,33.8016020721394],[-118.224592736025,33.7982540778897],[-118.224714115938,33.7979199105527],[-118.224986988211,33.7971688102759],[-118.225002703384,33.7971255850722],[-118.225042725851,33.7970154332366],[-118.225126627841,33.7967843781255],[-118.225256068494,33.796428074882],[-118.225385510283,33.7960717994578],[-118.22569009715,33.7952333127474],[-118.225862169395,33.7947595434469],[-118.226100124878,33.7941045126439],[-118.226142311668,33.7939883911272],[-118.226809163712,33.7921528277246],[-118.226978109983,33.7908652355031],[-118.22724148261,33.790956244535],[-118.227243163167,33.7909568282452],[-118.227243441989,33.7909569214759],[-118.227244420981,33.7909540113599],[-118.22769316388,33.789948827513],[-118.220681509207,33.7825421941015],[-118.220950741264,33.7823394884082],[-118.220988314113,33.7823111995371],[-118.221350686707,33.7820386651222],[-118.221705179571,33.7817720544199],[-118.22184600364,33.7816661698095],[-118.221861537412,33.7816544630486],[-118.223079934088,33.7807381824761],[-118.224308977035,33.7798138463751],[-118.224644963879,33.7795611672962],[-118.225368773733,33.7790167903157],[-118.225537599683,33.7788898005787],[-118.226011629142,33.7785332910865],[-118.226418000004,33.7782262330036],[-118.234001441163,33.7725215129074],[-118.234859797649,33.7718799208059],[-118.235955471218,33.7710609404983],[-118.237977017482,33.7695369884887],[-118.238009522653,33.7695124825646],[-118.238032337831,33.7694953052122],[-118.238307300183,33.7692880411171],[-118.239872224152,33.7681083833277],[-118.239923373107,33.7680698402351],[-118.240107602941,33.7679308094158],[-118.240168156811,33.7678851120325],[-118.240203416014,33.7678585527017],[-118.24030765298,33.7677799496152],[-118.240359064362,33.767741212892],[-118.240372100553,33.7677291201922],[-118.241843218086,33.7666224578247],[-118.241843341056,33.7666224287294],[-118.241907526997,33.7666072986696],[-118.241956047882,33.7665964678002],[-118.242020252023,33.7665775549226],[-118.24211443394,33.7665550036304],[-118.242160824182,33.7665483509394],[-118.242221481865,33.7665374955426],[-118.242279276534,33.7665242604925],[-118.242395568333,33.7664936140178],[-118.242446947566,33.7664839698868],[-118.242508070275,33.7664693369981],[-118.242579322155,33.7664595526997],[-118.242646767021,33.7664501735987],[-118.242713128815,33.7664369210678],[-118.242800630325,33.7664089168765],[-118.24287003698,33.7663784645855],[-118.242952774387,33.7663487804742],[-118.243008441078,33.7663403192399],[-118.243058771605,33.7663387274174],[-118.243124076504,33.7663299482662],[-118.243208276162,33.7663124854527],[-118.243270351223,33.7662980485837],[-118.243305612956,33.7662699503714],[-118.243455781517,33.7662267124588],[-118.24350430955,33.7662188622323],[-118.243662744324,33.7661946895234],[-118.243946057979,33.7661467089956],[-118.244137672605,33.7661159090442],[-118.244222944549,33.7660987408424],[-118.244336008654,33.7660636275696],[-118.244409653368,33.7660584088683],[-118.244461032103,33.766048763878],[-118.244529371144,33.7660197038226],[-118.244608918557,33.765998373003],[-118.244667752831,33.765974698854],[-118.244718418871,33.7659653536011],[-118.244773715678,33.7659527183272],[-118.244834341291,33.7659311283425],[-118.244889244247,33.7659059709908],[-118.244950528682,33.7658652974204],[-118.245126061269,33.7658285651591],[-118.245209574391,33.7658206429856],[-118.245295909401,33.7658013848699],[-118.245408638245,33.7657737249275],[-118.24548140837,33.7657544952389],[-118.245595197384,33.7657232548802],[-118.245674034045,33.7657034149969],[-118.245737525804,33.7656853967855],[-118.245790298155,33.7656641198505],[-118.245873523313,33.7656394018379],[-118.245920390511,33.7656333426183],[-118.246099808548,33.7655422870382],[-118.246143940567,33.7654961316146],[-118.246128107344,33.7654532297524],[-118.246498712905,33.7653311285199],[-118.246543836778,33.7653975185838],[-118.246575434465,33.7654597686799],[-118.24663217534,33.7654527946595],[-118.246621510444,33.7653828388816],[-118.246913972539,33.7652792862996],[-118.246950062549,33.7653149912394],[-118.247010810672,33.7652869595449],[-118.24709636104,33.7652438496911],[-118.247215370269,33.765215697363],[-118.247285581411,33.7652005268153],[-118.247341257771,33.7651961185317],[-118.247410314926,33.7651768944054],[-118.24744391053,33.765141524151],[-118.247503837188,33.7651256579224],[-118.247625376042,33.7650839052702],[-118.247686995584,33.765060880211],[-118.247738325469,33.7650350140185],[-118.247849565999,33.7649875568706],[-118.247941982423,33.7649487261511],[-118.248054961082,33.764909852081],[-118.24814910831,33.7648767412991],[-118.248409327165,33.7647960605717],[-118.248479518679,33.764774449006],[-118.248536887575,33.7647628814185],[-118.248589103709,33.7647470305718],[-118.24865927394,33.7647182627876],[-118.248785955895,33.7646779290277],[-118.248886943933,33.7646405105542],[-118.248951960138,33.7646074593829],[-118.249051199993,33.7645585952569],[-118.249114532818,33.7645355659215],[-118.249195029454,33.7645225194559],[-118.249392480242,33.7645110183306],[-118.249482852814,33.7645054643612],[-118.249672856012,33.76443852205],[-118.24972763748,33.7644212346967],[-118.249772154858,33.7644096931857],[-118.249832072038,33.7643909644359],[-118.249861442431,33.7643798131331],[-118.250141926182,33.7654161522059],[-118.249910799285,33.7655099554043],[-118.249818377817,33.7655473569589],[-118.249739708244,33.7655990413233],[-118.249705611952,33.7656577893249],[-118.24968524524,33.765723664092],[-118.249676865336,33.7657866517069],[-118.249675295963,33.7658353137773],[-118.249683979155,33.7658739370383],[-118.249702955328,33.7659168319182],[-118.249771905981,33.7660540784431],[-118.249825341731,33.7661598729217],[-118.249887425782,33.7662928397628],[-118.249928738572,33.7663557251173],[-118.249963129012,33.7663957256661],[-118.250141489342,33.7667331045603],[-118.250365694445,33.7669287052571],[-118.250437743286,33.7669550317088],[-118.250507976652,33.7669470144917],[-118.250551640137,33.7669299725731],[-118.250737288408,33.7676159111414],[-118.250704552026,33.7676450033464],[-118.250642010262,33.7676465651975],[-118.250578548438,33.767626661351],[-118.250456704229,33.7675668070005],[-118.25031253299,33.7674898252606],[-118.250219786414,33.7674184601157],[-118.250125261923,33.7673256328187],[-118.250025610244,33.7672371090751],[-118.249920783431,33.7671371459604],[-118.249809098332,33.7670357672016],[-118.248414229941,33.7658737022358],[-118.248316303261,33.7657880358243],[-118.248232094668,33.7657052033246],[-118.24813413876,33.7656095183865],[-118.248043017751,33.7655214739755],[-118.247876211149,33.7653978361616],[-118.247814311539,33.7653819961495],[-118.247617053424,33.7654822764427],[-118.247560176671,33.7655174584421],[-118.247516861245,33.765574529049],[-118.247535067091,33.7656465012371],[-118.247557684035,33.7656890346716],[-118.247584822091,33.765739072858],[-118.247616525597,33.765811642914],[-118.247643634176,33.7658516627072],[-118.247677506731,33.7658973029909],[-118.247717421896,33.7659579598433],[-118.247858751927,33.7660866600291],[-118.247893410008,33.7661441958178],[-118.247881603189,33.7662080900702],[-118.2476016343,33.7663551900241],[-118.247517808097,33.7664042042683],[-118.247494690766,33.7664468308641],[-118.247518099789,33.7665031386039],[-118.247569284407,33.7665719120368],[-118.247688167915,33.7667156867199],[-118.247779953939,33.7668231989832],[-118.247876242891,33.766931954999],[-118.24793192336,33.7669994659292],[-118.247965086262,33.7670582578795],[-118.247996685932,33.7670957630612],[-118.248044044016,33.7671376188847],[-118.248076436505,33.7671895248825],[-118.248105056157,33.7672332971427],[-118.248234471116,33.7673883211308],[-118.249111982569,33.7685010922851],[-118.249281449988,33.7685082554702],[-118.249435622313,33.7683513920984],[-118.249981907426,33.7689393429733],[-118.249769243453,33.7691634717876],[-118.249757897621,33.769223422104],[-118.249803408608,33.7693000756464],[-118.249812876319,33.7693489970056],[-118.249850260563,33.7693800628663],[-118.249802645854,33.7694913905296],[-118.249692084265,33.7694849460892],[-118.24971485029,33.7695271660124],[-118.249667043455,33.769573981281],[-118.249624600022,33.7696330206601],[-118.24958086856,33.7697065228676],[-118.249525175102,33.7697889477336],[-118.24949470884,33.7698446248581],[-118.249456316388,33.7699225648918],[-118.24941258793,33.7699971785924],[-118.249367522968,33.7700706834885],[-118.249343658411,33.77010743869],[-118.24930918256,33.7701586751385],[-118.249262776543,33.7702288453953],[-118.249203186412,33.7703446465688],[-118.249175376156,33.7703980940986],[-118.249166842137,33.770439266465],[-118.249250415944,33.7705514347301],[-118.24930117505,33.7706013830818],[-118.24932048307,33.7706343220208],[-118.248512096263,33.7718348378704],[-118.248496375746,33.7718304583509],[-118.248439136496,33.771841143077],[-118.248355307791,33.7718680115088],[-118.248258192259,33.7719060291826],[-118.248101236093,33.7719753145109],[-118.248025451104,33.7720199627867],[-118.2480059174,33.7720578203642],[-118.248074843776,33.7720582345535],[-118.248127206008,33.7720873246379],[-118.248073694128,33.7721199694348],[-118.247979189762,33.7721401848475],[-118.247828851201,33.7721955531424],[-118.247794318314,33.7722284364002],[-118.247773152729,33.7722774209983],[-118.247722814736,33.7723698443635],[-118.247679102077,33.7724511321802],[-118.247634060528,33.7725335342741],[-118.247591656815,33.7726070321474],[-118.247535970397,33.7726927925808],[-118.247435118442,33.772818688997],[-118.247363383245,33.7728822367482],[-118.247283666303,33.7729491382352],[-118.247146796871,33.7730561992869],[-118.247035160557,33.7731387378829],[-118.246904880118,33.7732224270819],[-118.246779885296,33.7732916451255],[-118.246380882595,33.773484888368],[-118.246210657459,33.7735731075135],[-118.246093640035,33.7736378595882],[-118.245959349615,33.7737171070253],[-118.245856975191,33.7737796040273],[-118.245735978249,33.7738499252825],[-118.245624299357,33.7739191149418],[-118.245493981597,33.7739905674345],[-118.245375617925,33.7740508726189],[-118.245287851456,33.77409888008],[-118.24518680276,33.7741591497928],[-118.244991304902,33.7742596539531],[-118.24483971984,33.7743467207615],[-118.244662870745,33.7744482989143],[-118.24455116209,33.7745074773016],[-118.244442111032,33.7745644252679],[-118.244335719747,33.7746202561777],[-118.244245298639,33.7746716047476],[-118.24414957806,33.7747329752396],[-118.243664287695,33.7750298270552],[-118.243362512649,33.7752273132862],[-118.243010233335,33.7754627180756],[-118.24249315537,33.7758428790688],[-118.242428736709,33.7758871168893],[-118.242354896813,33.7759156288149],[-118.242299048741,33.7759479971894],[-118.242043737068,33.7760942215233],[-118.241977265844,33.7761377339104],[-118.241925441679,33.7761801052645],[-118.241876259312,33.7762146849668],[-118.24160507243,33.7763987576145],[-118.24155591221,33.7764411234632],[-118.24153140355,33.7764873325392],[-118.241516273228,33.7765524319163],[-118.241497799187,33.77661253283],[-118.241469981948,33.7766659786236],[-118.241431484548,33.7767111032814],[-118.241371625823,33.7767384741009],[-118.241334410925,33.7767663566252],[-118.241262690952,33.7768368513509],[-118.241324718987,33.7769519342814],[-118.241365216655,33.7770298497248],[-118.241395382356,33.7770906130559],[-118.241453181068,33.7771752929452],[-118.24151992717,33.7771931675581],[-118.241551450584,33.7772293602391],[-118.241584682852,33.7772636409906],[-118.241676866003,33.7773364447139],[-118.241749551895,33.7773835260416],[-118.241799894647,33.7774082317129],[-118.241854179722,33.7774133703302],[-118.241948354418,33.7773840804043],[-118.241955559208,33.7773821547259],[-118.242316165349,33.7776228260734],[-118.24322436184,33.7770448822418],[-118.243234987201,33.7770394436114],[-118.243295437237,33.7770035433066],[-118.243431329217,33.77693075669],[-118.243472680762,33.7769086095556],[-118.243639248731,33.7768257430987],[-118.243704003908,33.7767969891417],[-118.244348591399,33.7764751053299],[-118.244272661421,33.7763777821213],[-118.244630399116,33.7761501308077],[-118.244638155391,33.7761589498192],[-118.244681913313,33.7761781810885],[-118.244737669101,33.7762329073504],[-118.245251639304,33.775942668399],[-118.245153074944,33.775817519054],[-118.245354087012,33.7756896020534],[-118.245460003261,33.7758247583003],[-118.245892197933,33.7755914882473],[-118.245865814813,33.7755566844472],[-118.245914462162,33.7755391562232],[-118.24608893198,33.7754619821891],[-118.246892080436,33.7750704426761],[-118.246972787239,33.7750463925658],[-118.247045348611,33.7750126769282],[-118.247127161505,33.7749705501189],[-118.247259909399,33.774900561216],[-118.247329390209,33.7748707246118],[-118.247440606858,33.7748388648383],[-118.24750544425,33.7748071012397],[-118.247577982354,33.7747656386746],[-118.247665922962,33.7747047790912],[-118.247718353262,33.7746594840356],[-118.247823242033,33.7745792241733],[-118.247878800933,33.7745468330961],[-118.247955981097,33.7745066517028],[-118.248007692418,33.7744800787083],[-118.248064003131,33.774440586625],[-118.248182783257,33.7743525502652],[-118.248225886142,33.7742904917575],[-118.248265982334,33.7742568414304],[-118.248358574747,33.774201135583],[-118.248444960703,33.7741376967228],[-118.248495831833,33.7740885316724],[-118.248646075552,33.7739236133459],[-118.24868852543,33.7739022239275],[-118.249251454888,33.7734491942523],[-118.249305409141,33.7733974414621],[-118.249331541003,33.773347036341],[-118.249354591588,33.7733005113754],[-118.249371422367,33.7732417333819],[-118.249366065772,33.7729996744171],[-118.249373577399,33.7729260697086],[-118.249390410007,33.7728679371907],[-118.249429662011,33.7728110500737],[-118.24955227502,33.7727139677211],[-118.249606283437,33.7726802890083],[-118.249684913644,33.7726091186964],[-118.249744669803,33.7725589664742],[-118.249806735021,33.7725055820341],[-118.249642299617,33.7722973162042],[-118.25091616618,33.7703228240863],[-118.251941541723,33.7691214280295],[-118.252283558039,33.7687567570318],[-118.253779228746,33.7671633419159],[-118.254635846146,33.7662517374374],[-118.25531534286,33.76552268016],[-118.255618956568,33.7657196522666],[-118.255680132888,33.765645579843],[-118.255466953965,33.7655100745126],[-118.25557851632,33.7653819886921],[-118.255956231313,33.7656225716127],[-118.256042753569,33.7655250699338],[-118.255822978637,33.7653805146189],[-118.255968697499,33.765215146145],[-118.255730584103,33.7650505936868],[-118.255771580914,33.7650085261123],[-118.256030294483,33.7651854384963],[-118.25606900032,33.7651414672037],[-118.256110606921,33.7651118020445],[-118.256140166221,33.7650654657077],[-118.256260260187,33.7649259119685],[-118.256290925999,33.7648676463078],[-118.256331903505,33.7648193771201],[-118.256364915472,33.7647811433287],[-118.256384212316,33.7647410302567],[-118.256416651775,33.7647023198726],[-118.256473347248,33.7646575952282],[-118.256538513137,33.7645808904898],[-118.256585771985,33.7645321309309],[-118.256629123538,33.7645134332081],[-118.256668999529,33.7644785238781],[-118.256705698399,33.7644321712774],[-118.256758404996,33.7643905561901],[-118.256797303568,33.7643473793839],[-118.256881932389,33.7642537377985],[-118.256727409854,33.7641538867042],[-118.256767957884,33.7641054992888],[-118.25692863081,33.7642085564802],[-118.257084487158,33.7640445371233],[-118.257116078696,33.7639857328835],[-118.257161465617,33.7639244146075],[-118.257205872931,33.7638731366827],[-118.257264090048,33.7638244129401],[-118.257287872639,33.7637802351623],[-118.2573152585,33.7637470814104],[-118.257332986358,33.7637076864395],[-118.257349631751,33.7636641207076],[-118.257528950857,33.7634684455981],[-118.25756952828,33.7634298968935],[-118.257604428416,33.7634026895584],[-118.257638527234,33.7633468620017],[-118.257804100071,33.7631507687668],[-118.25787852017,33.7631474783965],[-118.258131086714,33.7629045967111],[-118.258169312729,33.7628442868799],[-118.258216813611,33.7628053597998],[-118.258244219838,33.7627604519561],[-118.258278906627,33.7627289645324],[-118.258323483289,33.762667552906],[-118.258380821877,33.7626017992562],[-118.258587829572,33.7623742579962],[-118.258587603676,33.7623009164362],[-118.258619532445,33.7622589377023],[-118.258464478563,33.7621591702447],[-118.259282101951,33.7612821418163],[-118.259925994022,33.7657466726294],[-118.259965356977,33.7662612722587],[-118.259792771363,33.7662795344184],[-118.2598139087,33.7663267169296],[-118.259844893337,33.7663720886867],[-118.25988824327,33.7663984714412],[-118.259945295069,33.7664230350966],[-118.260308071885,33.766399710644],[-118.260362159298,33.7663889793086],[-118.260425836037,33.7663855023599],[-118.260472941921,33.7663800337524],[-118.260525213434,33.7663824250011],[-118.260575852631,33.7664108192186],[-118.260632584229,33.7664702075501],[-118.260701191978,33.7664448951981],[-118.260731859834,33.7663651617029],[-118.260761321238,33.7664026654689],[-118.260834436133,33.7663574253834],[-118.262594378124,33.766254134208],[-118.262585367737,33.7661124703432],[-118.262940015033,33.7660930907675],[-118.262954167215,33.766234743373],[-118.263026136456,33.7662345861117],[-118.263015388836,33.7660857708144],[-118.263138737544,33.7660769143405],[-118.263144246573,33.766194255953],[-118.263533984132,33.765890000161],[-118.263492737745,33.7658514500823],[-118.263641443714,33.7657323391816],[-118.263727363639,33.7658094326139],[-118.263843597897,33.7657175847634],[-118.263780881062,33.765035946002],[-118.26386946327,33.7650333646322],[-118.263694819712,33.7649311162696],[-118.261383397003,33.7632558610275],[-118.261087290805,33.7594151613315],[-118.261089982386,33.7593751664889],[-118.261103947553,33.7593379698029],[-118.26130716773,33.7591201765287],[-118.261469721026,33.7592280294245],[-118.261553908558,33.7591318730581],[-118.261392500795,33.7590296630198],[-118.263420152755,33.7568597075108],[-118.263627037059,33.7569949527297],[-118.26402333204,33.7565516492548],[-118.263945323536,33.7564995195224],[-118.263899800028,33.7565533328742],[-118.263782798524,33.7564786724656],[-118.266660048079,33.7533964861787],[-118.266719392355,33.7534331063307],[-118.266054917477,33.7541469973334],[-118.266080453697,33.7541950010309],[-118.266155063417,33.7542428961962],[-118.267242671828,33.7531066542863],[-118.267273493424,33.7530922609136],[-118.267800468248,33.7564883166739],[-118.267658716553,33.7564380710839],[-118.267611668033,33.7564596432758],[-118.267554603389,33.7564746774609],[-118.267503642002,33.7564632622965],[-118.267438901935,33.7564591330508],[-118.267373361228,33.7565025103966],[-118.267557649182,33.7565343016916],[-118.267549280565,33.7565963366847],[-118.267473749345,33.7566412273876],[-118.26753464545,33.7569326876902],[-118.267643086588,33.756909787214],[-118.268098260096,33.7585547436213],[-118.266859071449,33.7607637340754],[-118.26680910209,33.7608166560084],[-118.266718235039,33.7609119609327],[-118.266587408831,33.7610624967489],[-118.266530172396,33.7610244600545],[-118.266374545569,33.7610283826942],[-118.266166801946,33.7612578249386],[-118.266099708857,33.7612633399731],[-118.26602691523,33.7612724456499],[-118.265618556708,33.7612781183967],[-118.265639426639,33.7613305481159],[-118.265661906781,33.7614402190295],[-118.265476292862,33.7614442066971],[-118.265481057142,33.7615510544412],[-118.265569018014,33.7615518150682],[-118.265571459918,33.76160142228],[-118.265965525184,33.7615910114144],[-118.266025098115,33.7616452631188],[-118.265655922628,33.7619408946312],[-118.265536351201,33.7620585121103],[-118.265918675876,33.762307641265],[-118.265494027671,33.7627627280186],[-118.265613086049,33.762843563941],[-118.265550917278,33.7629294190773],[-118.265318457223,33.7631822679623],[-118.265457853773,33.7632744326127],[-118.265685650205,33.7630323144663],[-118.265766483834,33.762946267492],[-118.266086997526,33.76315450687],[-118.266186038137,33.763046474883],[-118.266259984036,33.7629499474703],[-118.266299837556,33.7629097873264],[-118.26636932325,33.7628476171162],[-118.270175397528,33.7587762672821],[-118.270069959285,33.7586850254148],[-118.269715914607,33.7538575715158],[-118.269760891865,33.7538140587003],[-118.269819714517,33.7538134499266],[-118.271069408464,33.754148224567],[-118.272050802157,33.7544601125006],[-118.272021925939,33.7545278799512],[-118.27197276386,33.7545136796685],[-118.271955769785,33.754556652282],[-118.272829178997,33.7547884284892],[-118.272831973721,33.7547909103089],[-118.272873536323,33.7548547129931],[-118.27287798751,33.7548694163747],[-118.272867319596,33.754925732385],[-118.273020034211,33.7551715421539],[-118.273066947851,33.7551516215142],[-118.274033012987,33.7566346365972],[-118.273940156263,33.7566769221933],[-118.27382909832,33.7565097310357],[-118.273749521473,33.7565385348955],[-118.274063331865,33.7570130801703],[-118.274104240229,33.7570791773749],[-118.274185596948,33.7572429705797],[-118.27414763614,33.7573421902746],[-118.27422938337,33.757364388417],[-118.274262308701,33.7572864998886],[-118.274314676792,33.757300237579],[-118.274296949546,33.7573429156168],[-118.274364544344,33.7573619194341],[-118.274360800849,33.757372007708],[-118.273650441484,33.7592293043367],[-118.273447208704,33.7591746815545],[-118.273426566401,33.7592312628159],[-118.273310433941,33.7592764639986],[-118.273597028305,33.7593482929899],[-118.270659261739,33.767029086504],[-118.276426910933,33.7663346277315],[-118.276956720961,33.766916941849],[-118.276921122106,33.7669360500736],[-118.277047883439,33.7670939070717],[-118.276950069969,33.7671510100889],[-118.278359408838,33.7689185863471],[-118.278437200126,33.7688739783139],[-118.278607466508,33.7691091527416],[-118.279939633572,33.7683702006808],[-118.279797658958,33.7681239639969],[-118.279812170042,33.7681198220921],[-118.279751571621,33.7680440316853],[-118.276859271397,33.7630276940686],[-118.276536075321,33.759741870351],[-118.277488267408,33.7586819258406],[-118.277661684127,33.758789309949],[-118.278427149725,33.7578623065794],[-118.278346397247,33.7577952292983],[-118.278281056366,33.7577252549464],[-118.278250087485,33.7576866852944],[-118.278225986371,33.757652393631],[-118.278235167802,33.7575793837577],[-118.278285607767,33.7575477820251],[-118.278342102249,33.7575333399608],[-118.278393413341,33.7575060300422],[-118.278565937646,33.7573467737027],[-118.278418132127,33.7572097253091],[-118.279404440755,33.7564646966045],[-118.279566235536,33.7566148038486],[-118.279889888536,33.7563682360612],[-118.279849815691,33.7562312399326],[-118.282500501434,33.7557350546241],[-118.282521055599,33.7558060648827],[-118.282170835437,33.7558715822624],[-118.282190115489,33.7559415344931],[-118.282751463205,33.7558506693589],[-118.282844263937,33.7558516538875],[-118.282945637941,33.755835191173],[-118.283026404977,33.755893886722],[-118.283111395879,33.7559255334078],[-118.283179806156,33.7559467038847],[-118.283226827451,33.7558796122246],[-118.283740427814,33.755759140298],[-118.284351486977,33.7557481573386],[-118.287484386908,33.7550060593375],[-118.287649845422,33.7549579589522],[-118.287980842613,33.7548856102568],[-118.288048821777,33.7548694034536],[-118.288191736966,33.7548690612798],[-118.288367225568,33.7548957717117],[-118.288477753775,33.7549226385309],[-118.288653373164,33.7549873322918],[-118.288731560161,33.7550549731419],[-118.288708488638,33.7549573557149],[-118.288776501784,33.7549002173361],[-118.288860988837,33.7549108668939],[-118.288929339024,33.7549513994982],[-118.289661053781,33.7552101000088],[-118.289719463347,33.7551936809034],[-118.289774277863,33.7550768850091],[-118.289748087633,33.7550172593485],[-118.288909056262,33.7547208330128],[-118.288856882634,33.7546612695411],[-118.288837150797,33.7545907749531],[-118.288794814113,33.7545583195718],[-118.288723282145,33.7545367856552],[-118.2886225922,33.7545370271948],[-118.288359564792,33.7545566497878],[-118.288105312037,33.7545911644131],[-118.288156030542,33.7544740806779],[-118.288530170494,33.7544088202721],[-118.28794277753,33.7540647187159],[-118.288268498749,33.753137317889],[-118.288348124883,33.7529106021281],[-118.288383170473,33.752810820614],[-118.288254797166,33.7527545614031],[-118.288011114368,33.7526477683228],[-118.28799496845,33.7526406913798],[-118.287881169989,33.7525908201194],[-118.287074758853,33.7532861290068],[-118.287619170053,33.7525438200704],[-118.28711717015,33.7525268201783],[-118.286743170254,33.7526638203927],[-118.286119170309,33.7534258205013],[-118.283015464881,33.7542684583694],[-118.282854750519,33.7540073806001],[-118.282837169312,33.7539788207487],[-118.281551865045,33.7540277169577],[-118.28148300369,33.7537867369658],[-118.281476169558,33.7537628206771],[-118.281330234018,33.7536851149785],[-118.281169764485,33.7535996702817],[-118.281099388542,33.7535621968301],[-118.281059579654,33.753541000756],[-118.281014169216,33.7535168211447],[-118.281005310736,33.753529071658],[-118.280976488974,33.7535689323235],[-118.280284541497,33.7545258960111],[-118.280258716863,33.7545307233204],[-118.280439656533,33.7541844688223],[-118.280653278034,33.7537756734143],[-118.280826169453,33.7534448204276],[-118.280761199946,33.753430324362],[-118.280515153282,33.753375425817],[-118.280488552698,33.7533694901047],[-118.280333169034,33.753334820572],[-118.279487998757,33.7543713806425],[-118.279703425779,33.7536947210265],[-118.279708169093,33.7536798207325],[-118.279486168712,33.7536118212018],[-118.279170169273,33.754099821267],[-118.278647169092,33.7539068211459],[-118.278618419145,33.7539459328298],[-118.278534652107,33.7540598931671],[-118.277867959773,33.7549668825368],[-118.278434169515,33.7539298211604],[-118.277981169187,33.7537828213768],[-118.27795693654,33.7538290506718],[-118.277733169189,33.7542559560996],[-118.276078149712,33.7535444313708],[-118.276882168956,33.7515728206541],[-118.279405168638,33.7499608200804],[-118.280954169208,33.7495808205217],[-118.28143216933,33.7500048200625],[-118.282588169388,33.7516418203686],[-118.283272169912,33.7520638206126],[-118.284621169651,33.7520608204668],[-118.287027169951,33.751179820259],[-118.289018170677,33.752602819874],[-118.289952170823,33.7530668201268],[-118.290510170762,33.7537818199929],[-118.292267171767,33.7537888199309],[-118.292271171198,33.7573028204515],[-118.29386117255,33.7665438218606],[-118.293957172937,33.7695258214344],[-118.295930575537,33.7752214920915],[-118.295996173498,33.775410822537],[-118.296049008907,33.7759832057047],[-118.296085622475,33.7763798453738],[-118.296092174126,33.7764508221844],[-118.295936174308,33.7790948226157],[-118.296073217685,33.7800312908095],[-118.296092174456,33.7801608226301],[-118.296357174543,33.7807798229981],[-118.297504174544,33.7820848226162],[-118.292425173606,33.779190823424],[-118.28962317242,33.7785918233557],[-118.280323170872,33.7790048239166],[-118.282055172124,33.7904118251974],[-118.282968172476,33.7923598253487],[-118.285420173985,33.7960558250319],[-118.286870268484,33.7976534532435],[-118.286521136586,33.797652064176],[-118.286451137487,33.7976517376097],[-118.285887987459,33.7976459902469],[-118.285801492155,33.797645702472],[-118.285741754689,33.7976457324732],[-118.285611187534,33.7976450533174],[-118.285586739151,33.7976449724786],[-118.285530593483,33.7976447820001],[-118.283106721989,33.7976366244119],[-118.282943355186,33.7976355371749],[-118.28294339309,33.7976358904782],[-118.28294217376,33.7976358257304],[-118.283002855525,33.7981883103023],[-118.281057496548,33.7982914293906],[-118.279948872606,33.7983470931806],[-118.273992635625,33.7986528800058],[-118.271399764823,33.7987897908104],[-118.271397883019,33.7987898960215],[-118.271144989615,33.7988034610854],[-118.270448609906,33.7988401826446],[-118.270337633996,33.7988460203363],[-118.266352218314,33.7990463170254],[-118.265540428917,33.7990862611619],[-118.26539769365,33.7990935553698],[-118.265333402656,33.7990973599056],[-118.264514170739,33.7991368267059],[-118.264414170143,33.8009798274188],[-118.264607261266,33.8045553590712],[-118.264571095285,33.8045563887357],[-118.264536241069,33.8045573172427],[-118.26450401954,33.8045582084035],[-118.26445392605,33.8045595859587],[-118.264371644592,33.8045618824915],[-118.264338896081,33.8045627783712],[-118.264289329738,33.8045642060868],[-118.264268232275,33.804564747322],[-118.264207048013,33.8045664204702],[-118.264143526118,33.8045682086998],[-118.263982437902,33.8045726764708],[-118.263814334144,33.804577338798],[-118.263795573489,33.8045778486865],[-118.263767268391,33.8045786228885],[-118.263731591535,33.8045796359037],[-118.263685316264,33.8045809182309],[-118.263643418533,33.8045820764636],[-118.263603001202,33.8045831872666],[-118.26352071961,33.8045854552714],[-118.263492809842,33.8045862582935],[-118.263438405792,33.8045877791841],[-118.263411976306,33.8045884978128],[-118.263356124105,33.8045900200311],[-118.263273841508,33.8045923158162],[-118.263191527501,33.8045945836667],[-118.263109574262,33.8045968786196],[-118.263027260249,33.8045991472594],[-118.262944978714,33.8046014428173],[-118.262909399934,33.8046023994809],[-118.26286272957,33.8046037382483],[-118.262780382072,33.8046060085954],[-118.262271170193,33.8045168279507],[-118.262273156044,33.8046201070721],[-118.262271108724,33.8046201647207],[-118.262085539106,33.8046253981737],[-118.262083850008,33.8046253576762],[-118.262080855536,33.8046253912392],[-118.261900164202,33.8046303992288],[-118.261864190257,33.8046313888975],[-118.261863400928,33.8046314149549],[-118.261370203439,33.8046450986798],[-118.261176579525,33.8046509441137],[-118.260822619896,33.8046595707309],[-118.26037382701,33.8046716080879],[-118.258647428089,33.8047204738536],[-118.256686293613,33.8047743726327],[-118.256716080793,33.8046907507605],[-118.256992681272,33.8039276788089],[-118.256994629154,33.8039223079557],[-118.257276107763,33.8031458348591],[-118.25752573097,33.8024572220484],[-118.257631413164,33.8021656456575],[-118.257731808156,33.8018886714546],[-118.2585557286,33.7996156125475],[-118.258559614319,33.7996048951578],[-118.25861680672,33.7994387239774],[-118.258617416015,33.79943705848],[-118.2577005163,33.7994843298556],[-118.237494166302,33.8004858286148],[-118.230052163584,33.7925518280787],[-118.230035434232,33.7925838365781],[-118.229908524243,33.792775964345],[-118.229776573398,33.7930004369381],[-118.229636692948,33.7932737538678],[-118.229520195569,33.7935413925353],[-118.229480096232,33.793646346066],[-118.229464163455,33.7936768285189],[-118.229369179387,33.7939456782437],[-118.228345550565,33.7967183315758],[-118.228290373315,33.7969992096069],[-118.227193164423,33.8001048292545],[-118.226622383646,33.8010544395882],[-118.226468945948,33.8013030763042],[-118.225247770903,33.8032812340817],[-118.225247510678,33.8032816465587],[-118.22524646114,33.8032832973845],[-118.225242626951,33.8032895141604],[-118.224617549733,33.8043021783298],[-118.224568297515,33.8043836342217],[-118.22452078566,33.8044657692924],[-118.224475393328,33.8045478174547],[-118.224474965606,33.8045485944526],[-118.224431089062,33.8046317387143],[-118.224430912846,33.8046320707986],[-118.224388609041,33.8047162037757],[-118.22434854152,33.8047998890288],[-118.224346940582,33.8048033312743],[-118.224307936243,33.8048892746207],[-118.224308331781,33.8048893838681],[-118.224308234026,33.8048895769735],[-118.224289223574,33.8049361285262],[-118.22426716411,33.8049728295403],[-118.224273378738,33.8049747580159],[-118.224266696978,33.8049899753377],[-118.224248216143,33.8050351006098],[-118.224221247326,33.8051025017838],[-118.224204011169,33.805144644338],[-118.224202901778,33.8051473527384],[-118.224202018888,33.805149552265],[-118.224170504798,33.8052368167602],[-118.224140767676,33.8053247017855],[-118.224113237854,33.8054117848592],[-118.224112181249,33.8054152558385],[-118.224086619209,33.8055024271985],[-118.224062823028,33.8055900965079],[-118.224062713968,33.8055905050951],[-118.22404044026,33.8056797320828],[-118.224020011104,33.8057694000803],[-118.224001837797,33.8058574276369],[-118.2239854559,33.8059458070545],[-118.223984051975,33.8059538881029],[-118.223970775276,33.8060351569379],[-118.223969213937,33.8060453577305],[-118.223957582921,33.8061274015076],[-118.223956722471,33.8061339688101],[-118.223947427192,33.8062103043848],[-118.223944925044,33.8062329784256],[-118.223944868181,33.8062335230438],[-118.223938077937,33.8063016267733],[-118.223935987668,33.8063252718767],[-118.223931090358,33.8063872445181],[-118.223929191131,33.8064148991858],[-118.223923977662,33.8065105618702],[-118.223923359311,33.8065252982125],[-118.223923031625,33.8065336215687],[-118.223921640485,33.8066092266465],[-118.223921502214,33.8066266134392],[-118.223921701519,33.8067013005268],[-118.22392183592,33.8067132200516],[-118.223921863986,33.8067144298269],[-118.22392375155,33.8067949041792],[-118.22392407328,33.8068045831016],[-118.223927680134,33.8068862839182],[-118.223928239819,33.8068965060092],[-118.223928471225,33.8069006651494],[-118.223933640961,33.8069792068712],[-118.223933792636,33.8069814116845],[-118.22393389637,33.8069826483643],[-118.223934006276,33.8069841744176],[-118.223941561295,33.8070719089167],[-118.223941986719,33.8070763336418],[-118.223951394853,33.8071640412557],[-118.223951821347,33.8071676528162],[-118.22396320278,33.8072562564678],[-118.223963279966,33.8072568522229],[-118.223976817627,33.8073473161881],[-118.223976882507,33.8073477523986],[-118.223992060826,33.8074366726295],[-118.223992716231,33.8074402693398],[-118.224009967707,33.8075298627477],[-118.224029054129,33.8076190840223],[-118.224057753352,33.8077391118671],[-118.224089722678,33.8078583105419],[-118.224124940281,33.8079765899338],[-118.22415358907,33.8080651082471],[-118.224184034426,33.8081530246067],[-118.224216181933,33.8082401642938],[-118.224250071856,33.8083266408226],[-118.224250473089,33.8083276623887],[-118.224301818766,33.8084498440906],[-118.225402696209,33.8110108637592],[-118.225448435373,33.8112370096752],[-118.225448164658,33.8112548303549],[-118.226207177559,33.8149907282157],[-118.22629326001,33.8154164928995],[-118.226314413187,33.8155211997956],[-118.226912334482,33.8184785085549],[-118.226978881535,33.8187890964992],[-118.227542827974,33.8215648703359],[-118.227540968021,33.8215648765545],[-118.227669235826,33.8221965772354],[-118.227829744432,33.8229881659057],[-118.227838384598,33.823030768567],[-118.227895781704,33.823314097329],[-118.228019847906,33.8239244272554],[-118.22807570733,33.8241991304969],[-118.228142255982,33.8242262301374],[-118.228515166275,33.8243798314909],[-118.228505643405,33.824405933928],[-118.228173621865,33.8253030159824],[-118.228023297014,33.8257076814719],[-118.226622153177,33.8294901357393],[-118.22655274273,33.8293070986673],[-118.226552686211,33.8293069698572],[-118.226552214683,33.8293059655569],[-118.226550423958,33.8293012702384],[-118.226543394998,33.8292832856498],[-118.226490382551,33.8291478356288],[-118.226411244515,33.8289456893707],[-118.226407825831,33.8289369592331],[-118.22477316588,33.8246118322628],[-118.224771818829,33.8246101859101],[-118.224740972099,33.824527718104],[-118.224733939637,33.8245089382936],[-118.224716731693,33.824462997764],[-118.224716433449,33.8244621463911],[-118.224713666815,33.8244547582478]]]]},"properties":{"name":"Wilmington"}},{"type":"Feature","geometry":{"type":"Polygon","coordinates":[[[-118.314039199804,34.0625448530531],[-118.314204199574,34.0616998532581],[-118.325811201264,34.0618838526252],[-118.325997202781,34.0762268543747],[-118.32595574716,34.076226884205],[-118.313601201037,34.0762358549032],[-118.313601198593,34.0762352031014],[-118.313588200637,34.0729098543923],[-118.313447200118,34.0727248544465],[-118.313446200191,34.0717878546025],[-118.31398720034,34.0715328538309],[-118.314217200793,34.0711378541915],[-118.314039199804,34.0625448530531]]]},"properties":{"name":"Windsor Square"}},{"type":"Feature","geometry":{"type":"Polygon","coordinates":[[[-118.562317255429,34.2319918575247],[-118.562316925415,34.231815870296],[-118.562295443375,34.2203360180263],[-118.562232251505,34.1865678525914],[-118.565987251721,34.1864408527631],[-118.56860625254,34.1855708518141],[-118.569747252266,34.1854608519192],[-118.569870717439,34.1854850789963],[-118.570965253135,34.1856998518053],[-118.571606236406,34.1860604049085],[-118.571701253189,34.1861138520193],[-118.572398020293,34.186680477561],[-118.573698253115,34.1877378525081],[-118.573778843808,34.1877618444196],[-118.57519498391,34.1881834363528],[-118.575354253777,34.1882308520426],[-118.575842852517,34.1882742704652],[-118.576799797447,34.1883593083359],[-118.577132253709,34.1883888519871],[-118.588457256108,34.1883508510078],[-118.588528258799,34.2241478548976],[-118.589075259241,34.2245758547452],[-118.588529259091,34.2242138549351],[-118.588544229437,34.2354419474932],[-118.588544260133,34.2354658563479],[-118.58358225923,34.2354698568849],[-118.583450999887,34.2354409001059],[-118.582985294425,34.2353381629179],[-118.582757259352,34.2352878568188],[-118.582626407902,34.2351936108406],[-118.582421370806,34.2350459328276],[-118.582278258755,34.2349428571386],[-118.582196973859,34.2348078405173],[-118.582054527179,34.2345712352185],[-118.581983258568,34.2344528569953],[-118.581977114001,34.2343225744069],[-118.581919258713,34.2330958568675],[-118.581897585235,34.2330369810509],[-118.581794334385,34.2327565107048],[-118.581718258395,34.2325498562443],[-118.58166046912,34.2324947520498],[-118.58143603621,34.2322807460412],[-118.581266258177,34.2321188560336],[-118.581183465059,34.2320854177485],[-118.580975564399,34.2320014507019],[-118.580699258202,34.2318898564228],[-118.580532131475,34.2318891454481],[-118.571060256537,34.2318488573585],[-118.571060256637,34.2357738572343],[-118.562319255228,34.2340548577468],[-118.562317255429,34.2319918575247]]]},"properties":{"name":"Winnetka"}},{"type":"Feature","geometry":{"type":"Polygon","coordinates":[[[-118.572398020293,34.186680477561],[-118.571606236406,34.1860604049085],[-118.571521252806,34.1859938523346],[-118.570965253135,34.1856998518053],[-118.569977252808,34.1854778523825],[-118.569870717439,34.1854850789963],[-118.56860625254,34.1855708518141],[-118.565987251721,34.1864408527631],[-118.562232251505,34.1865678525914],[-118.56223125048,34.1710638508097],[-118.562315249711,34.1708118508593],[-118.562837250565,34.1708848511471],[-118.565876251193,34.1705768509941],[-118.565861249983,34.1637188500272],[-118.564068250069,34.1637468502171],[-118.563047249403,34.1634588500216],[-118.56220224991,34.1629918499236],[-118.56226224956,34.1618098497749],[-118.562868249176,34.1610558499448],[-118.562992249541,34.1599278497019],[-118.563542249582,34.1589788497202],[-118.563214249498,34.1584758492913],[-118.563263249675,34.1578388493017],[-118.5635552488,34.1575048494065],[-118.56492224928,34.1567218491136],[-118.565403249601,34.1557708495152],[-118.567182248692,34.1479968479569],[-118.567530249003,34.1439098475833],[-118.568742249062,34.1410638473377],[-118.568907248767,34.1384748465981],[-118.56828924875,34.1383248469851],[-118.567699248335,34.1375678471163],[-118.566569248307,34.1378388472284],[-118.56622624783,34.1377228469779],[-118.566152248493,34.1367448466677],[-118.565890247868,34.1362858468072],[-118.565420247963,34.1344948466291],[-118.565428247938,34.1335798463853],[-118.565372379873,34.1334494072323],[-118.564965247947,34.1324988464794],[-118.564397247205,34.1316778464872],[-118.564410264704,34.131667437781],[-118.564881247591,34.1312908462231],[-118.566041247377,34.130870846362],[-118.565826246963,34.1305778459117],[-118.572662083354,34.1331770868362],[-118.573314427906,34.1334260403007],[-118.573485257279,34.1334912076908],[-118.573836519451,34.1336251942979],[-118.574108144462,34.1337288028554],[-118.574376120099,34.133831043374],[-118.574871616638,34.1340199704624],[-118.575055867687,34.1340902376655],[-118.575349521677,34.1342021644861],[-118.576172409339,34.1345158483875],[-118.57638214248,34.1345959397627],[-118.576772185296,34.1347446652526],[-118.577562701963,34.1350460691047],[-118.577595249383,34.1350584766175],[-118.577778122153,34.1351277239286],[-118.579103944979,34.1356297589552],[-118.580067019105,34.1359944231842],[-118.580085010983,34.1360012345673],[-118.580206343163,34.1360473613074],[-118.580230421771,34.1360565154189],[-118.581346170372,34.1364806778225],[-118.581417268071,34.1365077599796],[-118.581417297419,34.1365077706571],[-118.583830766648,34.137425812663],[-118.583840943058,34.1374296825309],[-118.583841013719,34.137429709236],[-118.584406328225,34.1376446673998],[-118.584527438045,34.137690714271],[-118.584622271385,34.1377267754698],[-118.585695512502,34.1381350560197],[-118.585695663616,34.138135113888],[-118.587084852007,34.1386634216611],[-118.587096046366,34.1386676902051],[-118.587986097525,34.1390070370258],[-118.588272529697,34.1391162198478],[-118.588299908597,34.1391266419045],[-118.588300397822,34.1391268288482],[-118.588313652229,34.1391318481592],[-118.588445039142,34.1391816825978],[-118.58844526961,34.1391817689258],[-118.588959148444,34.1393767039676],[-118.589051580771,34.1394118412111],[-118.58921264343,34.1394730745044],[-118.589397546898,34.1395433997346],[-118.590858785726,34.1400985722077],[-118.590884466841,34.1401083113967],[-118.591011418784,34.1401570441183],[-118.591847508816,34.1404749262681],[-118.592937208235,34.1408892757694],[-118.593258844213,34.1410115746763],[-118.593268831245,34.1410153725608],[-118.59756527079,34.1426487871019],[-118.597571435381,34.1426511195824],[-118.597596621387,34.1426606957197],[-118.597886523373,34.1427709097784],[-118.597888412025,34.1427716424102],[-118.598055695654,34.1428345948438],[-118.598330259893,34.1429395799245],[-118.598359719589,34.1429505637024],[-118.598615790052,34.1430481658556],[-118.598929192163,34.1431674117546],[-118.59928345508,34.1433019807266],[-118.599616211359,34.1434284386477],[-118.599946749753,34.1435540826515],[-118.600250575012,34.1436695843738],[-118.600255846094,34.1436715875825],[-118.600523949774,34.1437734975672],[-118.600527230067,34.1437747434373],[-118.600778494723,34.143870256192],[-118.600782044674,34.1438716052946],[-118.600983968222,34.143948368139],[-118.60122453607,34.1440397986564],[-118.601230830328,34.1440421907101],[-118.60157088187,34.1441714450686],[-118.601583707458,34.1441763199179],[-118.601590271395,34.144178816092],[-118.601765982052,34.1442456224772],[-118.601905802544,34.1442987577494],[-118.601908619811,34.1442998436092],[-118.602193396613,34.1444080669767],[-118.602194225005,34.1444083648684],[-118.602195086327,34.1444087184919],[-118.602451595596,34.1445062274396],[-118.602453881964,34.1445070680072],[-118.60271158466,34.1446050383617],[-118.602959842292,34.1446993733622],[-118.602970812278,34.1447035775541],[-118.60322072769,34.1447985627841],[-118.60322934439,34.1448018176462],[-118.603385305716,34.1448611084775],[-118.603481150223,34.1448975348811],[-118.603484861184,34.1448989453078],[-118.603816478865,34.1450249736919],[-118.603817366106,34.1450253109466],[-118.603836157045,34.145032470935],[-118.604123159303,34.1451415585771],[-118.60413058345,34.145144381183],[-118.604246507036,34.1451884626476],[-118.604543855397,34.1453015283996],[-118.604580111819,34.1453153066372],[-118.605134436921,34.1455261015158],[-118.605571053111,34.1456921168099],[-118.605698573459,34.1457406068657],[-118.605704638567,34.145742914189],[-118.605978820431,34.1458470878505],[-118.605981372635,34.1458480920023],[-118.606180716717,34.1459238503164],[-118.606204814098,34.145933009107],[-118.60629704779,34.1459680494918],[-118.606748176231,34.1461394827058],[-118.60686788536,34.1461849914582],[-118.608781656486,34.1469122525066],[-118.609661471141,34.1472461785016],[-118.60966160597,34.1472462292099],[-118.61145527082,34.1479281857992],[-118.611710309786,34.1480251056636],[-118.611957129674,34.1481188850372],[-118.612048042745,34.1481534282879],[-118.612078401613,34.1481649802788],[-118.612200449791,34.1482131071618],[-118.612226098042,34.1482235966049],[-118.612322828602,34.148261349449],[-118.612352959078,34.1482730945575],[-118.61242080258,34.1482987470188],[-118.612431802468,34.14830290603],[-118.612489144143,34.148324588047],[-118.612501250032,34.1483291832068],[-118.613696209475,34.1487827005131],[-118.613714570018,34.148789642084],[-118.613714901949,34.1487898053821],[-118.614989063255,34.1492735253528],[-118.614996224957,34.149276244051],[-118.614996513002,34.1492570342225],[-118.61499315935,34.1487519558948],[-118.614990912403,34.1484072806154],[-118.614990844957,34.1483969366068],[-118.614990770839,34.1483865700935],[-118.614988043929,34.1480028990345],[-118.614987300646,34.1478839175289],[-118.61498432425,34.147434510534],[-118.614983445879,34.1473356297095],[-118.61498326019,34.1472826936113],[-118.615406852641,34.147282406141],[-118.615567454978,34.1472821709177],[-118.615871050156,34.1472817462634],[-118.615954369164,34.1472815679173],[-118.620844459714,34.1472801726131],[-118.621077534766,34.1472801060206],[-118.621326574671,34.1472800353666],[-118.621543654878,34.1472801672776],[-118.621574754332,34.1472800623834],[-118.621671660066,34.1472800040752],[-118.621822735187,34.1472798933759],[-118.622072998489,34.1472800006107],[-118.622159929299,34.1472797976004],[-118.622201407761,34.1472797860845],[-118.622316353573,34.1472799851166],[-118.622435765409,34.1472798373908],[-118.622535350139,34.1472800116216],[-118.622656415482,34.1472799921987],[-118.622998493391,34.1472798788484],[-118.623318792442,34.1472800967963],[-118.623357297455,34.1472800632508],[-118.623358255101,34.1472800853595],[-118.623529790164,34.1472800302122],[-118.623793339509,34.1472800671655],[-118.624441537647,34.1472801837747],[-118.624644967679,34.1472802589112],[-118.625148401274,34.1472802946868],[-118.625165753194,34.1472803149495],[-118.625378106618,34.1472804256512],[-118.625487966839,34.1472801872836],[-118.625816030737,34.1472800834702],[-118.625923579305,34.1472801586913],[-118.626046298837,34.147280210252],[-118.62618332778,34.1472801605276],[-118.626271574842,34.14728022542],[-118.626478702531,34.147279866309],[-118.626508420711,34.147280509277],[-118.626796791608,34.1472804985017],[-118.62690833663,34.1472802221605],[-118.627114080528,34.1472804190807],[-118.62745129862,34.1472801813045],[-118.627508147638,34.1472802982553],[-118.627643192758,34.1472801742307],[-118.627916391504,34.1472798825377],[-118.627945313294,34.1472801713743],[-118.627955780002,34.1472802459309],[-118.627972548788,34.1472804428182],[-118.628210512686,34.1472798655708],[-118.62854723917,34.1472801492884],[-118.628629436881,34.1472802439102],[-118.629003854696,34.1472800031052],[-118.629004933616,34.1472800019995],[-118.629012168003,34.1473031440579],[-118.629003221524,34.1473693380743],[-118.62908090259,34.1476112411152],[-118.629082587034,34.1476164856699],[-118.629085404894,34.1476247904913],[-118.629091739752,34.1476425162185],[-118.629212837894,34.1480111519315],[-118.629354805896,34.148442881008],[-118.629472585556,34.1488005141328],[-118.629545791306,34.1490216054235],[-118.629546247397,34.1490229878262],[-118.629546924567,34.1490250722851],[-118.629588861669,34.1491480017473],[-118.629823259536,34.1498978451744],[-118.630087259191,34.1498378446459],[-118.63026725965,34.1503858445758],[-118.630278015811,34.1503934769044],[-118.630279661955,34.150398514287],[-118.630705407357,34.1507004619467],[-118.631157476375,34.1510215061383],[-118.631167089048,34.1510283284572],[-118.631264579845,34.1510975307757],[-118.63163377875,34.1508701001129],[-118.632177982631,34.1505348559072],[-118.633214144314,34.1516932781568],[-118.634771702652,34.1534358895071],[-118.635626938571,34.1543932069613],[-118.636245659271,34.1550857551299],[-118.636773007265,34.1556760085267],[-118.636853701657,34.1557663315861],[-118.637661996084,34.1566710460191],[-118.637740415925,34.1567594998635],[-118.637947891613,34.1569919794619],[-118.638011603338,34.1570632541947],[-118.638041407584,34.1570964289765],[-118.63835209209,34.1574416653406],[-118.638495261811,34.1576018448328],[-118.63849600814,34.1576015875566],[-118.638567190878,34.157680685857],[-118.638568429509,34.1576818405101],[-118.638568807871,34.1576813985562],[-118.6385814803,34.1576695060164],[-118.638595633852,34.1576594213718],[-118.638611012891,34.1576513262815],[-118.638627337651,34.1576453664705],[-118.639849836882,34.1572680711699],[-118.639911771636,34.1572493869713],[-118.640691773413,34.1570083852864],[-118.640770497216,34.156983702932],[-118.640848657904,34.1569572943403],[-118.640903913848,34.1569385900353],[-118.641025157861,34.1568942835003],[-118.641145407679,34.1568473432818],[-118.641262598557,34.1567982067658],[-118.641273004607,34.1567937520182],[-118.641283460295,34.1567891239091],[-118.641283537875,34.156850952611],[-118.641283182453,34.1571621564966],[-118.641283123514,34.1572362956694],[-118.64128284517,34.1577453458225],[-118.64128279084,34.1577620067314],[-118.641282197673,34.1579428912081],[-118.641281903592,34.1580327411159],[-118.641281591441,34.158092963523],[-118.641281364805,34.1581473713888],[-118.641280947563,34.1583189608675],[-118.64028626262,34.1586848453919],[-118.639955262151,34.1588868452],[-118.639963473662,34.1589391943393],[-118.639958648868,34.1589552160537],[-118.639966797273,34.1589603838781],[-118.63998673318,34.1590874724561],[-118.639986284874,34.1590884106364],[-118.63987926248,34.1588218454674],[-118.639747261753,34.1590958448187],[-118.64094746148,34.1606411010057],[-118.641138408287,34.1608894417624],[-118.641197474228,34.1609662353256],[-118.641212386693,34.1609856224885],[-118.641279045393,34.1610722855731],[-118.641294175122,34.1610919970331],[-118.641362528346,34.1611795490283],[-118.641438425949,34.1612767372882],[-118.641797115543,34.1617361835767],[-118.641798862554,34.1617384191607],[-118.641956818684,34.1619406491396],[-118.641987262499,34.1619798455259],[-118.645553533797,34.1619898119649],[-118.64555154361,34.1623783676914],[-118.645551505666,34.1623859499215],[-118.645551465338,34.1623936448579],[-118.645551079835,34.1624678407968],[-118.6455510434,34.1624716879012],[-118.645550017002,34.1626778478984],[-118.645549968035,34.1626876534073],[-118.645549907556,34.1626925996284],[-118.645548550539,34.1629630751965],[-118.645548515166,34.1629701480377],[-118.64554843203,34.1629808651952],[-118.645548275559,34.1630180269812],[-118.645548245671,34.1630251079071],[-118.645547218933,34.1632174687977],[-118.645546828115,34.1632909777855],[-118.645545445387,34.1635612163856],[-118.645544378669,34.1637655302287],[-118.645543490996,34.1639415002166],[-118.645543425146,34.1639544549268],[-118.645543377968,34.163965474813],[-118.645543359443,34.1639689729223],[-118.645542360352,34.1641588787496],[-118.645541286561,34.1643664904985],[-118.64554096048,34.1644354652515],[-118.645540237894,34.1645730031256],[-118.645539175399,34.1647778668937],[-118.645538212805,34.1649612687532],[-118.645538227661,34.164963191678],[-118.645537002116,34.1652025432749],[-118.645536996092,34.1652061152445],[-118.645536444466,34.1653058403371],[-118.645534336918,34.1657005642047],[-118.645546264447,34.1657006015043],[-118.645546263081,34.1657008458314],[-118.647423635046,34.1657065897303],[-118.647571809204,34.1657070918459],[-118.647806430629,34.1657078690701],[-118.647927955639,34.1657081330556],[-118.647990513061,34.1657083243528],[-118.648013612447,34.1657084349717],[-118.648088165667,34.1657093543959],[-118.648094333611,34.1657093384683],[-118.648187966604,34.1657090944477],[-118.648377272114,34.1657095085227],[-118.648658001233,34.1657103668302],[-118.64896456092,34.16571149697],[-118.64925283695,34.1657123945337],[-118.64928787946,34.165712454308],[-118.649497540552,34.1657131413907],[-118.649735004816,34.1657139266504],[-118.649931740108,34.165714518349],[-118.650292249451,34.1657154930843],[-118.650464190755,34.1657160522651],[-118.650485215955,34.1657161041498],[-118.650635273513,34.1657168078508],[-118.650982924501,34.1657178497112],[-118.651131756563,34.1657182853224],[-118.651412363818,34.1657192190315],[-118.651570154442,34.16571963289],[-118.651917275985,34.1657206478706],[-118.652203436137,34.1657215507091],[-118.652339376001,34.1657220264194],[-118.652547086276,34.1657226096514],[-118.652786898418,34.1657233483002],[-118.653059406112,34.1657242948648],[-118.653357896698,34.165725155426],[-118.653440181973,34.1657255077768],[-118.653515458485,34.1657258429552],[-118.653518634239,34.1657258519372],[-118.65389091035,34.1657268091495],[-118.654293255859,34.1657287574057],[-118.65427626485,34.1694318454094],[-118.654277658644,34.1694318495886],[-118.654277655244,34.1694326619033],[-118.654870997004,34.1694346710994],[-118.65540370355,34.1694363199464],[-118.655416630598,34.1694363598737],[-118.65585286626,34.169438031904],[-118.655852934603,34.1694380333364],[-118.656077680301,34.1694386831461],[-118.656305601683,34.1694394523387],[-118.656667022166,34.1694407052311],[-118.656741374719,34.1694407684641],[-118.656745110279,34.1694407761251],[-118.656807494995,34.1694408493174],[-118.657013396768,34.1694414347507],[-118.657193179584,34.169441913854],[-118.657345240894,34.1694408403535],[-118.658029266356,34.1694428450504],[-118.658037987326,34.1694408385276],[-118.658143680705,34.1694414714271],[-118.658278240542,34.1694422229776],[-118.658554833283,34.1694439869521],[-118.65864297557,34.1694445509113],[-118.658644529793,34.1694445424462],[-118.658642418579,34.1697973881208],[-118.658640951681,34.1700433353181],[-118.65863898907,34.170373070757],[-118.658637592786,34.1706069268855],[-118.658635205701,34.1710087147044],[-118.658633267829,34.1713332011883],[-118.658632954875,34.171385687523],[-118.658631970352,34.1715544161497],[-118.658631578103,34.1716178955145],[-118.658628676188,34.1721084852034],[-118.658627148691,34.1723645048529],[-118.658627150858,34.1723647798138],[-118.658625833588,34.1725876158722],[-118.658624567412,34.1728002857758],[-118.658623249533,34.1730185059028],[-118.65862325041,34.1730187547258],[-118.658622767961,34.1731005135079],[-118.658612846265,34.1731003682995],[-118.658622294043,34.1731814283928],[-118.658622254431,34.1731883741492],[-118.658622238702,34.1731884427527],[-118.658621887692,34.1732487619615],[-118.658619658025,34.17346924093],[-118.658618550293,34.1738068575825],[-118.658618553975,34.1738073245653],[-118.658616997407,34.1740669568883],[-118.658616998494,34.1740670948195],[-118.658616853971,34.1740907279353],[-118.658616135422,34.1742133994393],[-118.658616136502,34.1742135364689],[-118.658615418166,34.1743363729554],[-118.658614856314,34.1744328283367],[-118.658614857828,34.1744330203586],[-118.658613892171,34.1745957580885],[-118.658613681611,34.1746403219479],[-118.658612631781,34.1748090320034],[-118.658612602492,34.1748095821084],[-118.658611340571,34.1750228001359],[-118.658610024357,34.1752416531469],[-118.658610025651,34.1752418172219],[-118.658609325762,34.1753627306031],[-118.658608287491,34.1755371744547],[-118.658607541867,34.1756628816264],[-118.658607266881,34.1756768463298],[-118.659204266695,34.1757418455526],[-118.659052929584,34.1758244851172],[-118.658669645911,34.176027125703],[-118.658605178509,34.1760612488564],[-118.658604701091,34.176151630939],[-118.658603268403,34.176422860132],[-118.65860210022,34.1766585695211],[-118.658601380057,34.1767408642197],[-118.658601177702,34.1767531723803],[-118.65860127207,34.1767531718664],[-118.658601266539,34.1767538462559],[-118.667634488279,34.1767546124681],[-118.667866913677,34.1767557236859],[-118.668057693954,34.1767567038866],[-118.668117720454,34.1767569006011],[-118.668117250722,34.1849118410197],[-118.66663626829,34.1844478463098],[-118.666709268782,34.1839068463007],[-118.66627626817,34.183185846261],[-118.66572026892,34.1833468459467],[-118.664587268097,34.1830898466398],[-118.661890267271,34.183305846647],[-118.659791267829,34.1830368464841],[-118.659097267255,34.1826778466063],[-118.658767267568,34.1832568465409],[-118.658927267706,34.1839318472101],[-118.657372266997,34.1845788468137],[-118.65584926719,34.1846578467509],[-118.655959266264,34.1837558473129],[-118.65422426615,34.1837438470632],[-118.651723265715,34.1842448468585],[-118.651983266566,34.1851248474274],[-118.644247884035,34.1866088416039],[-118.64408626499,34.1866398483417],[-118.635552263878,34.18641784871],[-118.614637345302,34.1864851957439],[-118.611750801212,34.186494491399],[-118.608223258671,34.1865058495685],[-118.608008602054,34.1865445882153],[-118.598138257293,34.1883258509309],[-118.576799797447,34.1883593083359],[-118.576453253606,34.1883598523771],[-118.575842852517,34.1882742704652],[-118.57519498391,34.1881834363528],[-118.574891253781,34.1881408524455],[-118.573845253538,34.187813852365],[-118.573778843808,34.1877618444196],[-118.572398020293,34.186680477561]]]},"properties":{"name":"Woodland Hills"}},{"type":"Feature","geometry":{"type":"Polygon","coordinates":[[[-118.501159170037,34.2211384680753],[-118.501155243689,34.2181028590847],[-118.501355243614,34.2178008596509],[-118.501156243819,34.2167838593607],[-118.501144243162,34.2084258584938],[-118.494595241564,34.2084318589851],[-118.494587241544,34.2010478577755],[-118.492404241499,34.2010498579358],[-118.492396240484,34.1939008569662],[-118.490213239718,34.1939028571175],[-118.49020623981,34.1866398566639],[-118.51849324419,34.1866178552438],[-118.518624242571,34.2209885563206],[-118.518624247407,34.2209898590291],[-118.517466247211,34.2210058587445],[-118.51746624681,34.2208138589981],[-118.510996245735,34.220903859265],[-118.510860246127,34.2210988592409],[-118.501434891266,34.2211931033263],[-118.501159244266,34.2211958599296],[-118.501159170037,34.2211384680753]]]},"properties":{"name":"Lake Balboa"}}]}